index,cpu_cape,cpu_cin,gpu_cape,gpu_cin
0,0.000,-11764.052,0.000,-11764.029
1,0.000,-12137.280,0.000,-12137.233
2,4.476,0.000,4.476,0.000
3,34.599,0.000,34.601,0.000
4,114.786,0.000,114.791,0.000
5,7.156,0.000,7.156,0.000
6,314.346,0.000,314.348,0.000
7,11.997,0.000,11.997,0.000
8,3.296,0.000,3.296,0.000
9,713.625,-6.966,713.721,-6.966
10,89.945,0.000,89.947,0.000
11,0.000,-11946.695,0.000,-11946.647
12,0.000,-12052.907,0.000,-12052.863
13,0.000,-13845.445,0.000,-13845.422
14,0.804,0.000,0.804,0.000
15,0.000,-13833.902,0.000,-13833.868
16,0.950,0.000,0.950,0.000
17,0.000,-10577.435,0.000,-10577.381
18,35.116,0.000,35.117,0.000
19,15.074,0.000,15.075,0.000
20,0.521,0.000,0.521,0.000
21,1.356,0.000,1.356,0.000
22,34.766,0.000,34.766,0.000
23,8.931,0.000,8.931,0.000
24,4.553,0.000,4.553,0.000
25,19.410,0.000,19.411,0.000
26,0.000,-15927.260,0.000,-15927.237
27,50.636,0.000,50.639,0.000
28,16.728,0.000,16.728,0.000
29,18.824,0.000,18.824,0.000
30,4.809,0.000,4.809,0.000
31,2.003,0.000,2.003,0.000
32,563.638,0.000,563.653,0.000
33,402.417,0.000,402.428,0.000
34,1265.638,0.000,1265.642,0.000
35,64.070,0.000,64.071,0.000
36,0.000,-15631.310,0.000,-15631.264
37,0.314,0.000,0.314,0.000
38,0.000,-17338.184,0.000,-17338.139
39,0.000,-18899.967,0.000,-18899.930
40,0.000,-19516.412,0.000,-19516.377
41,0.000,-17951.113,0.000,-17951.100
42,0.000,-12262.716,0.000,-12262.697
43,51.706,0.000,51.707,0.000
44,5.357,0.000,5.357,0.000
45,5.567,0.000,5.567,0.000
46,0.000,-15177.785,0.000,-15177.723
47,2.655,0.000,2.655,0.000
48,0.180,0.000,0.180,0.000
49,678.792,0.000,678.792,0.000
50,364.988,0.000,364.998,0.000
51,157.980,0.000,157.987,0.000
52,31.209,0.000,31.211,0.000
53,110.442,0.000,110.447,0.000
54,216.549,-6.197,216.553,-6.196
55,5.669,0.000,5.669,0.000
56,125.815,0.000,125.820,0.000
57,452.243,0.000,452.263,0.000
58,0.000,-9114.437,0.000,-9114.374
59,888.477,0.000,888.482,0.000
60,286.956,0.000,286.960,0.000
61,224.865,0.000,224.875,0.000
62,560.815,0.000,560.820,0.000
63,1113.214,0.000,1113.219,0.000
64,2706.842,0.000,2706.858,0.000
65,2557.049,0.000,2557.063,0.000
66,652.543,-267.644,652.628,-267.639
67,1587.072,-3.055,1587.135,-3.055
68,874.966,0.000,875.010,0.000
69,879.404,-175.175,879.403,-175.175
70,222.109,-482.943,222.113,-482.940
71,1242.445,0.000,1242.448,0.000
72,228.326,-153.665,228.332,-153.666
73,2156.691,-115.443,2156.758,-115.442
74,385.707,-3.973,385.716,-3.974
75,414.154,0.000,414.159,0.000
76,239.409,0.000,239.415,0.000
77,287.327,0.000,287.327,0.000
78,166.924,-1.439,166.930,-1.439
79,4.230,0.000,4.230,0.000
80,59.398,-3.171,59.399,-3.171
81,1.081,0.000,1.081,0.000
82,3.703,0.000,3.703,0.000
83,264.905,-136.439,264.923,-136.439
84,313.695,0.000,313.695,0.000
85,29.175,0.000,29.174,0.000
86,1.425,0.000,1.425,0.000
87,0.000,-9107.270,0.000,-9107.248
88,0.000,-8613.724,0.000,-8613.690
89,327.778,0.000,327.780,0.000
90,0.340,0.000,0.340,0.000
91,39.944,0.000,39.944,0.000
92,0.921,-0.529,0.921,-0.529
93,0.000,-12234.909,0.000,-12234.901
94,12.654,0.000,12.654,0.000
95,44.918,0.000,44.919,0.000
96,114.424,0.000,114.425,0.000
97,72.795,-10.957,72.803,-10.957
98,181.517,0.000,181.526,0.000
99,293.815,0.000,293.815,0.000
100,312.205,0.000,312.215,0.000
101,6150.217,0.000,6150.281,0.000
102,305.413,0.000,305.413,0.000
103,774.081,0.000,774.081,0.000
104,5929.532,0.000,5929.542,0.000
105,627.436,0.000,627.442,0.000
106,181.725,0.000,181.727,0.000
107,47.886,0.000,47.886,0.000
108,187.924,0.000,187.936,0.000
109,7824.443,0.000,7824.511,0.000
110,327.917,0.000,327.924,0.000
111,16.864,0.000,16.864,0.000
112,557.620,0.000,557.633,0.000
113,0.000,-10943.910,0.000,-10943.879
114,0.000,-8434.597,0.000,-8434.562
115,1018.954,0.000,1018.958,0.000
116,0.655,0.000,0.655,0.000
117,0.078,0.000,0.078,0.000
118,143.465,0.000,143.466,0.000
119,24.862,0.000,24.862,0.000
120,32.626,0.000,32.626,0.000
121,1288.395,0.000,1288.436,0.000
122,840.951,-6.755,840.961,-6.756
123,3514.937,0.000,3514.949,0.000
124,122.730,-24.648,122.734,-24.648
125,8.470,-16.300,8.472,-16.300
126,0.000,-11456.812,0.000,-11456.755
127,75.988,0.000,75.989,0.000
128,434.013,0.000,434.019,0.000
129,5516.765,0.000,5516.782,0.000
130,909.359,0.000,909.371,0.000
131,8104.619,0.000,8104.678,0.000
132,685.270,0.000,685.277,0.000
133,8995.196,0.000,8995.370,0.000
134,4015.918,0.000,4015.944,0.000
135,7521.977,0.000,7522.046,0.000
136,6117.160,0.000,6117.211,0.000
137,7.299,0.000,7.299,0.000
138,976.578,0.000,976.599,0.000
139,2263.588,0.000,2263.604,0.000
140,22.373,0.000,22.374,0.000
141,2926.295,0.000,2926.350,0.000
142,560.943,0.000,560.960,0.000
143,9571.246,0.000,9571.256,0.000
144,1747.865,0.000,1747.904,0.000
145,8616.718,0.000,8616.721,0.000
146,142.714,0.000,142.728,0.000
147,0.000,-14832.962,0.000,-14832.914
148,25.663,0.000,25.663,0.000
149,1.622,0.000,1.622,0.000
150,488.494,0.000,488.496,0.000
151,5351.915,0.000,5351.921,0.000
152,190.109,0.000,190.112,0.000
153,9726.308,0.000,9726.354,0.000
154,2356.635,-8.563,2356.652,-8.563
155,231.811,0.000,231.817,0.000
156,556.254,0.000,556.274,0.000
157,451.204,0.000,451.220,0.000
158,116.998,0.000,116.998,0.000
159,1232.389,0.000,1232.443,0.000
160,345.787,0.000,345.801,0.000
161,8000.591,0.000,8000.649,0.000
162,2065.115,0.000,2065.115,0.000
163,8936.109,0.000,8936.162,0.000
164,15.282,0.000,15.288,0.000
165,3467.230,0.000,3467.240,0.000
166,2248.385,0.000,2248.396,0.000
167,10256.368,0.000,10256.407,0.000
168,1467.210,-117.981,1467.234,-117.980
169,616.632,-10.253,616.642,-10.253
170,692.940,0.000,692.948,0.000
171,0.000,-7662.994,0.000,-7662.897
172,1470.851,0.000,1470.852,0.000
173,6807.483,0.000,6807.523,0.000
174,332.523,0.000,332.538,0.000
175,645.570,0.000,645.571,0.000
176,0.000,-6014.574,0.000,-6014.548
177,279.441,0.000,279.456,0.000
178,177.256,-14.147,177.263,-14.147
179,316.272,-0.425,316.277,-0.425
180,0.000,-7447.815,0.000,-7447.808
181,259.729,0.000,259.737,0.000
182,0.000,-10506.723,0.000,-10506.707
183,0.741,0.000,0.741,0.000
184,1.728,0.000,1.728,0.000
185,7.813,0.000,7.813,0.000
186,0.794,-111.080,0.795,-111.077
187,5993.667,0.000,5993.674,0.000
188,590.602,0.000,590.625,0.000
189,9536.718,0.000,9536.783,0.000
190,4304.454,0.000,4304.510,0.000
191,10203.279,0.000,10203.283,0.000
192,82.139,0.000,82.139,0.000
193,509.822,0.000,509.846,0.000
194,1372.199,0.000,1372.229,0.000
195,8353.394,0.000,8353.456,0.000
196,7428.769,0.000,7428.795,0.000
197,16040.294,0.000,16040.299,0.000
198,1495.587,0.000,1495.701,0.000
199,2032.160,0.000,2032.161,0.000
200,679.562,0.000,679.570,0.000
201,859.193,0.000,859.197,0.000
202,932.065,0.000,932.081,0.000
203,8244.527,0.000,8244.610,0.000
204,4282.851,-87.243,4282.854,-87.243
205,9853.977,0.000,9854.010,0.000
206,1673.088,-317.550,1673.118,-317.550
207,1240.885,0.000,1240.931,0.000
208,936.362,0.000,936.381,0.000
209,574.955,0.000,574.989,0.000
210,834.983,0.000,835.006,0.000
211,39.513,0.000,39.515,0.000
212,7339.746,0.000,7339.757,0.000
213,2224.245,0.000,2224.258,0.000
214,10678.908,0.000,10678.968,0.000
215,2727.539,0.000,2727.588,0.000
216,7400.685,0.000,7400.740,0.000
217,0.217,0.000,0.217,0.000
218,5430.085,0.000,5430.104,0.000
219,2622.700,-0.999,2622.704,-0.999
220,7714.310,0.000,7714.358,0.000
221,1336.528,0.000,1336.555,0.000
222,85.210,0.000,85.213,0.000
223,2604.515,0.000,2604.539,0.000
224,4927.403,0.000,4927.486,0.000
225,4419.192,0.000,4419.238,0.000
226,5678.353,0.000,5678.361,0.000
227,1358.524,0.000,1358.538,0.000
228,2145.393,0.000,2145.396,0.000
229,571.354,0.000,571.362,0.000
230,8856.492,0.000,8856.518,0.000
231,149.835,0.000,149.840,0.000
232,5029.202,0.000,5029.269,0.000
233,4648.738,0.000,4648.743,0.000
234,48.202,-1.881,48.212,-1.881
235,5739.058,0.000,5739.081,0.000
236,314.152,0.000,314.152,0.000
237,2.941,0.000,2.941,0.000
238,217.583,0.000,217.587,0.000
239,1068.499,-21.796,1068.513,-21.796
240,432.598,-72.076,432.613,-72.076
241,4907.449,0.000,4907.537,0.000
242,17.157,0.000,17.159,0.000
243,4852.787,0.000,4852.845,0.000
244,870.743,0.000,870.777,0.000
245,8317.924,0.000,8318.023,0.000
246,1811.443,0.000,1811.511,0.000
247,5933.117,0.000,5933.123,0.000
248,258.001,0.000,258.006,0.000
249,8469.871,0.000,8469.900,0.000
250,0.084,-13.148,0.084,-13.147
251,8587.368,0.000,8587.433,0.000
252,2790.285,0.000,2790.337,0.000
253,11980.705,0.000,11980.857,0.000
254,1041.468,-800.434,1041.536,-800.428
255,17670.557,0.000,17670.617,0.000
256,2028.961,0.000,2028.962,0.000
257,5697.335,0.000,5697.434,0.000
258,4865.769,0.000,4865.771,0.000
259,12391.566,0.000,12391.614,0.000
260,6581.729,0.000,6581.821,0.000
261,5594.195,-12.291,5594.222,-12.291
262,5002.987,0.000,5002.992,0.000
263,9756.984,0.000,9757.162,0.000
264,411.951,0.000,411.952,0.000
265,8444.538,0.000,8444.638,0.000
266,99.187,0.000,99.187,0.000
267,12091.089,0.000,12091.119,0.000
268,4036.297,0.000,4036.326,0.000
269,1677.957,0.000,1678.002,0.000
270,1595.759,0.000,1595.794,0.000
271,10866.798,0.000,10866.867,0.000
272,4924.105,0.000,4924.214,0.000
273,9184.476,0.000,9184.522,0.000
274,3379.973,0.000,3380.000,0.000
275,308.531,0.000,308.540,0.000
276,4253.927,0.000,4253.968,0.000
277,19.861,0.000,19.861,0.000
278,4308.870,0.000,4308.915,0.000
279,419.034,0.000,419.058,0.000
280,6380.392,0.000,6380.460,0.000
281,12.390,0.000,12.392,0.000
282,176.956,0.000,176.961,0.000
283,6901.079,0.000,6901.136,0.000
284,1172.289,0.000,1172.292,0.000
285,9650.108,0.000,9650.298,0.000
286,13144.972,0.000,13145.029,0.000
287,23.358,0.000,23.373,0.000
288,3623.763,0.000,3623.828,0.000
289,183.667,-0.231,183.675,-0.231
290,2035.610,0.000,2035.632,0.000
291,436.260,-0.872,436.261,-0.872
292,10314.311,0.000,10314.533,0.000
293,1556.577,0.000,1556.689,0.000
294,9151.431,0.000,9151.481,0.000
295,8085.727,0.000,8085.747,0.000
296,1124.538,-2.202,1124.558,-2.202
297,11564.972,0.000,11565.074,0.000
298,5993.518,0.000,5993.586,0.000
299,10318.354,0.000,10318.420,0.000
300,3091.169,0.000,3091.197,0.000
301,3942.865,0.000,3943.186,0.000
302,816.959,0.000,816.988,0.000
303,7363.467,0.000,7363.504,0.000
304,3304.718,0.000,3304.756,0.000
305,11723.755,0.000,11723.952,0.000
306,4284.454,-83.000,4284.458,-83.000
307,5876.750,0.000,5876.763,0.000
308,8136.741,0.000,8136.762,0.000
309,1656.606,0.000,1656.673,0.000
310,12900.795,0.000,12901.015,0.000
311,6036.315,0.000,6036.483,0.000
312,1993.701,0.000,1993.704,0.000
313,10672.484,0.000,10672.600,0.000
314,5269.427,0.000,5269.483,0.000
315,15445.306,0.000,15445.439,0.000
316,4658.837,-2.261,4658.882,-2.261
317,13653.177,0.000,13653.257,0.000
318,3612.443,0.000,3612.455,0.000
319,11860.983,0.000,11861.193,0.000
320,1296.035,0.000,1296.073,0.000
321,12703.420,0.000,12703.589,0.000
322,1849.462,-16.990,1849.503,-16.989
323,13722.209,0.000,13722.350,0.000
324,3641.318,-1.003,3641.387,-1.003
325,12853.583,0.000,12853.584,0.000
326,3818.463,0.000,3818.486,0.000
327,11574.863,0.000,11574.936,0.000
328,1658.742,-46.348,1658.757,-46.348
329,2270.057,0.000,2270.059,0.000
330,4298.985,0.000,4298.988,0.000
331,3161.509,0.000,3161.549,0.000
332,2137.616,0.000,2137.632,0.000
333,13246.722,0.000,13246.812,0.000
334,4655.474,0.000,4655.525,0.000
335,15599.358,0.000,15599.443,0.000
336,3153.319,0.000,3153.403,0.000
337,9130.308,0.000,9130.404,0.000
338,1389.716,0.000,1389.764,0.000
339,9134.626,0.000,9134.650,0.000
340,3646.081,0.000,3646.147,0.000
341,8409.133,0.000,8409.408,0.000
342,3175.558,0.000,3175.609,0.000
343,5217.285,0.000,5217.335,0.000
344,458.965,0.000,459.029,0.000
345,8309.230,0.000,8309.426,0.000
346,376.073,0.000,376.106,0.000
347,6667.625,0.000,6667.660,0.000
348,1516.872,0.000,1516.910,0.000
349,8263.177,0.000,8263.242,0.000
350,1881.048,0.000,1881.094,0.000
351,12188.436,0.000,12188.689,0.000
352,3126.959,0.000,3126.999,0.000
353,13700.403,0.000,13700.456,0.000
354,5224.388,0.000,5224.422,0.000
355,13932.678,0.000,13932.727,0.000
356,1898.127,-103.454,1898.159,-103.454
357,15299.770,0.000,15299.772,0.000
358,4886.956,0.000,4887.033,0.000
359,12949.502,0.000,12949.530,0.000
360,4731.525,0.000,4731.557,0.000
361,1525.497,0.000,1525.549,0.000
362,425.092,0.000,425.137,0.000
363,7841.758,0.000,7841.914,0.000
364,3688.833,0.000,3688.854,0.000
365,11532.781,0.000,11532.790,0.000
366,2357.150,-62.129,2357.151,-62.129
367,13777.418,0.000,13777.525,0.000
368,4378.292,0.000,4378.341,0.000
369,11511.564,0.000,11511.722,0.000
370,2086.226,-73.571,2086.248,-73.571
371,14509.198,0.000,14509.297,0.000
372,5425.133,0.000,5425.222,0.000
373,15623.430,0.000,15623.529,0.000
374,2606.652,-61.626,2606.739,-61.625
375,16369.927,0.000,16370.174,0.000
376,6736.014,0.000,6736.070,0.000
377,16389.502,0.000,16389.580,0.000
378,3808.971,0.000,3809.036,0.000
379,16742.744,0.000,16742.877,0.000
380,5103.456,0.000,5103.529,0.000
381,16429.041,0.000,16429.059,0.000
382,3264.618,0.000,3264.633,0.000
383,15821.733,0.000,15821.889,0.000
384,7405.094,0.000,7405.127,0.000
385,17572.559,0.000,17572.789,0.000
386,6706.305,0.000,6706.465,0.000
387,17558.291,0.000,17558.303,0.000
388,5874.528,0.000,5874.528,0.000
389,17187.576,0.000,17187.730,0.000
390,4528.847,0.000,4528.941,0.000
391,14228.563,0.000,14228.659,0.000
392,5708.045,0.000,5708.116,0.000
393,17513.758,0.000,17513.773,0.000
394,6287.992,0.000,6288.056,0.000
395,18536.248,0.000,18536.451,0.000
396,2082.015,-195.505,2082.091,-195.503
397,20938.254,0.000,20938.309,0.000
398,7043.076,0.000,7043.081,0.000
399,13012.714,0.000,13012.795,0.000
400,1306.489,0.000,1306.492,0.000
401,3419.759,0.000,3419.854,0.000
402,753.792,0.000,753.855,0.000
403,9615.513,0.000,9615.519,0.000
404,2229.437,0.000,2229.529,0.000
405,8676.554,0.000,8676.662,0.000
406,3683.550,0.000,3683.568,0.000
407,12347.861,0.000,12347.953,0.000
408,4301.567,0.000,4301.682,0.000
409,13034.022,0.000,13034.122,0.000
410,5143.640,0.000,5143.709,0.000
411,15864.491,0.000,15864.499,0.000
412,18467.689,0.000,18467.689,0.000
413,8318.353,0.000,8318.544,0.000
414,19622.961,0.000,19623.066,0.000
415,5049.411,0.000,5049.467,0.000
416,19374.293,0.000,19374.328,0.000
417,6999.046,0.000,6999.103,0.000
418,17466.211,0.000,17466.252,0.000
419,4120.959,0.000,4121.084,0.000
420,2625.901,0.000,2626.063,0.000
421,12389.894,0.000,12389.950,0.000
422,4450.497,0.000,4450.523,0.000
423,15628.814,0.000,15628.814,0.000
424,6652.616,0.000,6652.670,0.000
425,17166.816,0.000,17167.008,0.000
426,3380.511,-141.680,3380.577,-141.678
427,18190.740,0.000,18190.934,0.000
428,6079.076,0.000,6079.129,0.000
429,16588.906,0.000,16589.002,0.000
430,6162.213,0.000,6162.263,0.000
431,11803.223,0.000,11803.251,0.000
432,6797.908,0.000,6797.938,0.000
433,20110.816,0.000,20110.883,0.000
434,3096.128,0.000,3096.174,0.000
435,19777.053,0.000,19777.084,0.000
436,3816.811,0.000,3816.888,0.000
437,16381.525,0.000,16381.711,0.000
438,3265.502,0.000,3265.507,0.000
439,1791.482,0.000,1791.524,0.000
440,16139.816,0.000,16139.929,0.000
441,2637.134,0.000,2637.138,0.000
442,15597.680,0.000,15597.746,0.000
443,1183.385,-62.013,1183.398,-62.013
444,14624.066,0.000,14624.103,0.000
445,617.768,0.000,617.828,0.000
446,12.382,0.000,12.382,0.000
447,79.188,0.000,79.193,0.000
448,15.023,0.000,15.026,0.000
449,747.276,-0.068,747.346,-0.068
450,3602.788,0.000,3602.804,0.000
451,3331.538,-11.791,3331.566,-11.790
452,1404.035,0.000,1404.060,0.000
453,1163.483,0.000,1163.499,0.000
454,278.505,0.000,278.521,0.000
455,334.595,0.000,334.620,0.000
456,3282.881,0.000,3282.996,0.000
457,1278.311,0.000,1278.344,0.000
458,6550.460,0.000,6550.568,0.000
459,1217.804,0.000,1217.816,0.000
460,8663.295,0.000,8663.302,0.000
461,1967.777,0.000,1967.807,0.000
462,8298.582,0.000,8298.705,0.000
463,225.508,0.000,225.540,0.000
464,11274.171,0.000,11274.320,0.000
465,8631.466,0.000,8631.466,0.000
466,11209.974,0.000,11209.989,0.000
467,2634.410,0.000,2634.463,0.000
468,247.139,0.000,247.153,0.000
469,109.085,0.000,109.085,0.000
470,0.326,-1.901,0.326,-1.901
471,31.935,0.000,31.935,0.000
472,20.824,-94.322,20.827,-94.321
473,434.196,0.000,434.232,0.000
474,6766.445,0.000,6766.468,0.000
475,2023.302,0.000,2023.341,0.000
476,9745.143,0.000,9745.162,0.000
477,4364.476,0.000,4364.513,0.000
478,7685.976,0.000,7685.994,0.000
479,2627.885,0.000,2627.902,0.000
480,14348.523,0.000,14348.570,0.000
481,6337.286,0.000,6337.338,0.000
482,15782.396,0.000,15782.646,0.000
483,6314.161,0.000,6314.228,0.000
484,12080.505,0.000,12080.595,0.000
485,6230.490,0.000,6230.508,0.000
486,11164.882,0.000,11165.045,0.000
487,6050.194,0.000,6050.242,0.000
488,14826.625,0.000,14826.643,0.000
489,4538.265,0.000,4538.297,0.000
490,15108.757,0.000,15108.890,0.000
491,1192.451,0.000,1192.464,0.000
492,16517.619,0.000,16517.684,0.000
493,1385.233,0.000,1385.234,0.000
494,10718.091,0.000,10718.189,0.000
495,143.589,0.000,143.593,0.000
496,12630.923,0.000,12630.963,0.000
497,2642.043,-52.898,2642.045,-52.898
498,10734.261,0.000,10734.328,0.000
499,2088.374,0.000,2088.392,0.000
500,1334.398,0.000,1334.435,0.000
501,2001.170,0.000,2001.293,0.000
502,13181.739,0.000,13181.913,0.000
503,4334.432,0.000,4334.476,0.000
504,2686.804,0.000,2686.888,0.000
505,353.787,0.000,353.801,0.000
506,5763.148,0.000,5763.228,0.000
507,2459.531,0.000,2459.562,0.000
508,10189.410,0.000,10189.427,0.000
509,2.330,0.000,2.330,0.000
510,10941.793,0.000,10942.023,0.000
511,1086.089,0.000,1086.146,0.000
512,12803.336,0.000,12803.525,0.000
513,3423.561,0.000,3423.600,0.000
514,10103.168,0.000,10103.201,0.000
515,1568.984,0.000,1569.043,0.000
516,8432.340,0.000,8432.444,0.000
517,3.713,0.000,3.713,0.000
518,9742.847,0.000,9742.910,0.000
519,101.558,0.000,101.566,0.000
520,11051.161,0.000,11051.283,0.000
521,680.630,0.000,680.663,0.000
522,12228.667,0.000,12228.714,0.000
523,3569.324,0.000,3569.380,0.000
524,12351.392,0.000,12351.465,0.000
525,752.967,0.000,752.972,0.000
526,9467.263,0.000,9467.300,0.000
527,785.363,0.000,785.364,0.000
528,9922.510,0.000,9922.521,0.000
529,2740.752,0.000,2740.808,0.000
530,12538.998,0.000,12539.128,0.000
531,842.306,0.000,842.314,0.000
532,2127.254,0.000,2127.270,0.000
533,819.232,0.000,819.241,0.000
534,776.089,0.000,776.123,0.000
535,1285.986,0.000,1286.023,0.000
536,9810.062,0.000,9810.122,0.000
537,2384.532,0.000,2384.540,0.000
538,11152.040,0.000,11152.139,0.000
539,3181.004,0.000,3181.035,0.000
540,11428.267,0.000,11428.372,0.000
541,12.263,0.000,12.263,0.000
542,305.856,0.000,305.867,0.000
543,0.409,0.000,0.410,0.000
544,0.334,-3.943,0.334,-3.943
545,450.160,0.000,450.163,0.000
546,1755.752,0.000,1755.779,0.000
547,1412.933,0.000,1412.978,0.000
548,1491.132,0.000,1491.136,0.000
549,1349.835,0.000,1349.873,0.000
550,6262.511,0.000,6262.564,0.000
551,777.894,0.000,777.905,0.000
552,11241.598,0.000,11241.722,0.000
553,3423.676,0.000,3423.700,0.000
554,7292.383,0.000,7292.403,0.000
555,821.148,0.000,821.157,0.000
556,1.594,-399.918,1.595,-399.915
557,2181.642,0.000,2181.668,0.000
558,471.543,0.000,471.558,0.000
559,18.100,0.000,18.101,0.000
560,259.370,0.000,259.390,0.000
561,108.976,0.000,108.983,0.000
562,194.979,-9.313,194.997,-9.313
563,268.258,0.000,268.259,0.000
564,2610.822,0.000,2610.839,0.000
565,718.241,0.000,718.275,0.000
566,1686.579,0.000,1686.624,0.000
567,75.223,0.000,75.223,0.000
568,587.076,0.000,587.219,0.000
569,423.152,0.000,423.213,0.000
570,677.415,0.000,677.534,0.000
571,951.287,0.000,951.291,0.000
572,1362.618,0.000,1362.622,0.000
573,11.292,0.000,11.291,0.000
574,38.852,0.000,38.852,0.000
575,602.018,0.000,602.039,0.000
576,45.230,0.000,45.230,0.000
577,3.604,0.000,3.605,0.000
578,56.474,0.000,56.480,0.000
579,0.000,-9892.076,0.000,-9892.016
580,0.695,-0.374,0.695,-0.374
581,4.769,0.000,4.769,0.000
582,1406.841,0.000,1406.865,0.000
583,1335.133,0.000,1335.161,0.000
584,1246.062,0.000,1246.095,0.000
585,2194.982,0.000,2194.995,0.000
586,4415.951,0.000,4415.957,0.000
587,1981.666,0.000,1981.682,0.000
588,3800.571,0.000,3800.574,0.000
589,437.510,0.000,437.523,0.000
590,4364.826,0.000,4364.947,0.000
591,1341.802,0.000,1341.857,0.000
592,4432.229,0.000,4432.290,0.000
593,2.016,0.000,2.016,0.000
594,4.732,0.000,4.732,0.000
595,18.126,0.000,18.126,0.000
596,5.433,0.000,5.433,0.000
597,0.000,-11959.963,0.000,-11959.878
598,1.455,0.000,1.455,0.000
599,1870.030,0.000,1870.040,0.000
600,1364.505,0.000,1364.509,0.000
601,617.709,0.000,617.726,0.000
602,354.289,0.000,354.290,0.000
603,999.428,0.000,999.468,0.000
604,5830.847,0.000,5830.891,0.000
605,0.000,-4571.294,0.000,-4571.236
606,7279.092,0.000,7279.262,0.000
607,6719.337,0.000,6719.354,0.000
608,4370.704,0.000,4370.715,0.000
609,1073.112,0.000,1073.119,0.000
610,591.592,0.000,591.630,0.000
611,2818.451,-18.867,2818.501,-18.866
612,1219.977,0.000,1220.062,0.000
613,1114.787,0.000,1114.830,0.000
614,502.946,0.000,502.953,0.000
615,2006.210,0.000,2006.241,0.000
616,7275.755,0.000,7275.908,0.000
617,2178.303,0.000,2178.367,0.000
618,1665.685,0.000,1665.697,0.000
619,7.431,-211.511,7.433,-211.507
620,233.767,0.000,233.786,0.000
621,653.989,0.000,653.994,0.000
622,6.739,0.000,6.741,0.000
623,646.798,0.000,646.836,0.000
624,472.446,0.000,472.479,0.000
625,645.908,-1.087,645.929,-1.086
626,440.050,0.000,440.098,0.000
627,404.364,0.000,404.369,0.000
628,0.000,-7928.111,0.000,-7928.085
629,1.025,0.000,1.025,0.000
630,0.063,0.000,0.063,0.000
631,0.000,-8956.470,0.000,-8956.459
632,0.726,0.000,0.726,0.000
633,15.278,0.000,15.278,0.000
634,62.636,0.000,62.637,0.000
635,115.201,0.000,115.204,0.000
636,12.648,0.000,12.648,0.000
637,28.457,0.000,28.458,0.000
638,5.183,-0.585,5.183,-0.585
639,21.747,-1.730,21.747,-1.730
640,16.441,-6.641,16.443,-6.641
641,2.639,0.000,2.638,0.000
642,413.033,0.000,413.042,0.000
643,128.081,0.000,128.094,0.000
644,17.264,0.000,17.264,0.000
645,0.000,-9688.230,0.000,-9688.164
646,0.000,-12280.018,0.000,-12279.957
647,275.214,0.000,275.226,0.000
648,48.549,0.000,48.550,0.000
649,22.176,0.000,22.177,0.000
650,151.850,0.000,151.855,0.000
651,60.320,0.000,60.324,0.000
652,114.881,0.000,114.881,0.000
653,0.000,-10554.068,0.000,-10553.991
654,3.602,0.000,3.603,0.000
655,3.587,0.000,3.587,0.000
656,939.927,0.000,939.929,0.000
657,2.507,0.000,2.507,0.000
658,5.576,0.000,5.576,0.000
659,345.398,0.000,345.443,0.000
660,1817.832,0.000,1817.855,0.000
661,873.500,0.000,873.510,0.000
662,242.313,0.000,242.326,0.000
663,229.151,0.000,229.152,0.000
664,329.147,0.000,329.155,0.000
665,5.616,0.000,5.616,0.000
666,64.721,0.000,64.724,0.000
667,1069.913,0.000,1069.931,0.000
668,258.008,0.000,258.026,0.000
669,1063.204,-82.463,1063.223,-82.463
670,2077.472,-6.136,2077.475,-6.136
671,15.875,0.000,15.875,0.000
672,2070.967,0.000,2070.974,0.000
673,806.966,0.000,806.968,0.000
674,0.000,-11440.785,0.000,-11440.732
675,10.551,0.000,10.552,0.000
676,2283.234,0.000,2283.263,0.000
677,2119.014,0.000,2119.033,0.000
678,723.116,0.000,723.137,0.000
679,322.297,0.000,322.302,0.000
680,967.195,0.000,967.206,0.000
681,1345.473,0.000,1345.502,0.000
682,2409.734,0.000,2409.776,0.000
683,2.291,-1018.315,2.292,-1018.305
684,4906.483,0.000,4906.551,0.000
685,622.356,0.000,622.356,0.000
686,4867.766,0.000,4867.830,0.000
687,1901.877,0.000,1901.928,0.000
688,6161.904,0.000,6161.953,0.000
689,6155.821,0.000,6155.979,0.000
690,5756.552,0.000,5756.598,0.000
691,4280.201,0.000,4280.247,0.000
692,6282.411,0.000,6282.485,0.000
693,520.248,0.000,520.249,0.000
694,7.359,0.000,7.359,0.000
695,1.832,-2.626,1.832,-2.626
696,0.000,-9791.549,0.000,-9791.523
697,16.047,0.000,16.047,0.000
698,12.475,0.000,12.476,0.000
699,89.221,0.000,89.225,0.000
700,176.440,0.000,176.459,0.000
701,86.503,0.000,86.507,0.000
702,417.911,0.000,417.944,0.000
703,267.082,0.000,267.084,0.000
704,125.855,0.000,125.855,0.000
705,76.672,0.000,76.693,0.000
706,100.167,0.000,100.175,0.000
707,635.452,0.000,635.510,0.000
708,1186.531,0.000,1186.546,0.000
709,2444.910,0.000,2444.985,0.000
710,234.360,0.000,234.365,0.000
711,341.247,0.000,341.250,0.000
712,923.921,0.000,923.934,0.000
713,1171.316,0.000,1171.330,0.000
714,1380.354,0.000,1380.370,0.000
715,4078.234,0.000,4078.254,0.000
716,439.008,0.000,439.024,0.000
717,10.402,0.000,10.403,0.000
718,0.057,-28.130,0.057,-28.128
719,0.084,0.000,0.084,0.000
720,0.960,0.000,0.960,0.000
721,0.443,0.000,0.443,0.000
722,4.858,0.000,4.862,0.000
723,14.733,0.000,14.733,0.000
724,55.725,0.000,55.726,0.000
725,11.075,0.000,11.075,0.000
726,2.616,0.000,2.616,0.000
727,0.000,-9350.750,0.000,-9350.659
728,1628.108,0.000,1628.109,0.000
729,272.584,-9.279,272.598,-9.279
730,2.040,0.000,2.040,0.000
731,0.000,-16071.778,0.000,-16071.751
732,0.000,-17456.652,0.000,-17456.629
733,0.000,-10974.478,0.000,-10974.454
734,0.157,0.000,0.157,0.000
735,0.511,0.000,0.511,0.000
736,79.915,0.000,79.916,0.000
737,0.000,-9452.663,0.000,-9452.622
738,109.794,0.000,109.794,0.000
739,547.294,0.000,547.298,0.000
740,29.013,0.000,29.020,0.000
741,93.937,0.000,93.947,0.000
742,351.455,0.000,351.456,0.000
743,9.094,-77.754,9.096,-77.752
744,32.528,0.000,32.529,0.000
745,0.000,-8234.438,0.000,-8234.373
746,0.596,0.000,0.596,0.000
747,0.000,-12057.633,0.000,-12057.593
748,0.101,-0.072,0.101,-0.072
749,0.000,-18989.236,0.000,-18989.215
750,1.699,0.000,1.699,0.000
751,44.467,0.000,44.467,0.000
752,63.321,0.000,63.321,0.000
753,0.000,-11484.834,0.000,-11484.759
754,4.067,0.000,4.067,0.000
755,32.437,0.000,32.439,0.000
756,0.000,-12539.309,0.000,-12539.301
757,6.065,0.000,6.066,0.000
758,1.061,-4.236,1.061,-4.236
759,0.169,0.000,0.170,0.000
760,1.217,0.000,1.217,0.000
761,0.350,0.000,0.351,0.000
762,2.942,0.000,2.942,0.000
763,78.130,0.000,78.140,0.000
764,663.421,0.000,663.436,0.000
765,229.915,0.000,229.915,0.000
766,78.638,0.000,78.638,0.000
767,16.234,-1.327,16.235,-1.328
768,1068.169,0.000,1068.175,0.000
769,0.000,-7899.065,0.000,-7899.009
770,0.000,-7167.927,0.000,-7167.915
771,46.793,0.000,46.793,0.000
772,387.663,0.000,387.684,0.000
773,42.894,0.000,42.893,0.000
774,474.539,0.000,474.544,0.000
775,84.249,0.000,84.249,0.000
776,1086.179,0.000,1086.203,0.000
777,3178.849,0.000,3178.862,0.000
778,8775.166,0.000,8775.218,0.000
779,426.402,0.000,426.407,0.000
780,177.728,0.000,177.743,0.000
781,2.454,0.000,2.454,0.000
782,190.298,0.000,190.307,0.000
783,388.835,0.000,388.841,0.000
784,811.441,0.000,811.451,0.000
785,2419.262,0.000,2419.313,0.000
786,6030.258,0.000,6030.426,0.000
787,242.005,0.000,242.011,0.000
788,336.746,0.000,336.775,0.000
789,213.946,0.000,213.954,0.000
790,1574.698,0.000,1574.714,0.000
791,1883.461,0.000,1883.468,0.000
792,3342.739,0.000,3342.816,0.000
793,3157.388,0.000,3157.430,0.000
794,4556.979,0.000,4557.064,0.000
795,4.919,0.000,4.919,0.000
796,5362.065,0.000,5362.100,0.000
797,47.440,0.000,47.440,0.000
798,0.000,-8037.671,0.000,-8037.644
799,0.228,0.000,0.228,0.000
800,335.415,0.000,335.427,0.000
801,1.447,0.000,1.447,0.000
802,4.028,0.000,4.028,0.000
803,1.402,0.000,1.402,0.000
804,14.574,0.000,14.575,0.000
805,20.835,0.000,20.835,0.000
806,34.873,0.000,34.874,0.000
807,60.101,0.000,60.103,0.000
808,887.621,0.000,887.646,0.000
809,1632.989,0.000,1633.050,0.000
810,318.106,0.000,318.127,0.000
811,228.174,0.000,228.180,0.000
812,395.198,0.000,395.198,0.000
813,1840.299,0.000,1840.335,0.000
814,51.225,0.000,51.226,0.000
815,1432.294,0.000,1432.314,0.000
816,11144.513,0.000,11144.733,0.000
817,3213.100,0.000,3213.128,0.000
818,803.742,0.000,803.746,0.000
819,2061.611,-0.065,2061.615,-0.065
820,2522.152,0.000,2522.208,0.000
821,2671.318,-55.381,2671.351,-55.381
822,8318.343,0.000,8318.474,0.000
823,2174.211,0.000,2174.270,0.000
824,1520.232,0.000,1520.256,0.000
825,1112.898,0.000,1112.917,0.000
826,1208.404,0.000,1208.426,0.000
827,7269.842,0.000,7269.865,0.000
828,623.024,-1.712,623.034,-1.712
829,111.346,0.000,111.347,0.000
830,98.161,0.000,98.171,0.000
831,912.722,0.000,912.761,0.000
832,2369.987,0.000,2370.012,0.000
833,7349.080,0.000,7349.193,0.000
834,2131.210,0.000,2131.284,0.000
835,10028.286,0.000,10028.303,0.000
836,144.846,-107.334,144.855,-107.333
837,8.587,0.000,8.587,0.000
838,62.613,0.000,62.616,0.000
839,1297.007,0.000,1297.012,0.000
840,157.001,0.000,157.005,0.000
841,563.943,0.000,563.969,0.000
842,3685.451,0.000,3685.541,0.000
843,7940.711,0.000,7940.805,0.000
844,1688.351,-226.247,1688.353,-226.247
845,0.271,0.000,0.271,0.000
846,0.000,-15685.696,0.000,-15685.656
847,0.473,0.000,0.473,0.000
848,2.074,0.000,2.074,0.000
849,142.673,0.000,142.679,0.000
850,52.133,0.000,52.133,0.000
851,415.693,0.000,415.697,0.000
852,15889.220,0.000,15889.277,0.000
853,18372.754,0.000,18372.863,0.000
854,12587.193,0.000,12587.330,0.000
855,17632.670,0.000,17632.672,0.000
856,3772.737,0.000,3772.790,0.000
857,3668.583,0.000,3668.618,0.000
858,1878.010,0.000,1878.016,0.000
859,132.941,-232.431,132.945,-232.431
860,2284.732,0.000,2284.741,0.000
861,1076.601,0.000,1076.604,0.000
862,2991.352,0.000,2991.353,0.000
863,14311.669,0.000,14311.699,0.000
864,5480.980,0.000,5481.017,0.000
865,13862.689,0.000,13862.719,0.000
866,1822.703,-64.718,1822.703,-64.718
867,51.580,0.000,51.581,0.000
868,16.036,0.000,16.035,0.000
869,44.638,-0.267,44.661,-0.266
870,875.058,0.000,875.083,0.000
871,10510.056,0.000,10510.128,0.000
872,2341.521,0.000,2341.526,0.000
873,12902.872,0.000,12902.881,0.000
874,3066.030,0.000,3066.093,0.000
875,11406.787,0.000,11406.843,0.000
876,2969.084,0.000,2969.116,0.000
877,8840.449,0.000,8840.482,0.000
878,1730.778,0.000,1730.786,0.000
879,12004.040,0.000,12004.090,0.000
880,3455.495,0.000,3455.512,0.000
881,6143.097,0.000,6143.157,0.000
882,77.926,0.000,77.927,0.000
883,0.000,-8899.302,0.000,-8899.284
884,4025.133,0.000,4025.188,0.000
885,5.916,0.000,5.916,0.000
886,5395.319,0.000,5395.415,0.000
887,150.434,0.000,150.435,0.000
888,4701.977,0.000,4702.008,0.000
889,44.058,0.000,44.060,0.000
890,6323.552,0.000,6323.563,0.000
891,540.261,0.000,540.282,0.000
892,7859.724,0.000,7859.796,0.000
893,1405.315,0.000,1405.378,0.000
894,9297.432,0.000,9297.538,0.000
895,1324.209,-1.804,1324.255,-1.804
896,6571.674,0.000,6571.801,0.000
897,381.534,0.000,381.560,0.000
898,8006.535,0.000,8006.626,0.000
899,2878.869,0.000,2878.895,0.000
900,12386.120,0.000,12386.322,0.000
901,2088.897,0.000,2088.961,0.000
902,2132.599,0.000,2132.625,0.000
903,5219.978,0.000,5220.032,0.000
904,2470.590,0.000,2470.632,0.000
905,8152.681,0.000,8152.751,0.000
906,1748.728,-1.546,1748.752,-1.546
907,3653.999,0.000,3654.040,0.000
908,3.891,-106.780,3.891,-106.780
909,1746.024,0.000,1746.090,0.000
910,265.493,0.000,265.500,0.000
911,4213.282,0.000,4213.314,0.000
912,324.329,0.000,324.334,0.000
913,4347.491,0.000,4347.568,0.000
914,252.035,0.000,252.048,0.000
915,63.625,-1.445,63.632,-1.445
916,116.638,-2.108,116.654,-2.108
917,591.284,-201.405,591.326,-201.403
918,1998.894,-123.959,1998.949,-123.957
919,8310.283,0.000,8310.518,0.000
920,3110.133,0.000,3110.177,0.000
921,4279.849,0.000,4279.901,0.000
922,4046.771,0.000,4046.828,0.000
923,12591.223,0.000,12591.327,0.000
924,4023.894,0.000,4023.931,0.000
925,1645.968,0.000,1646.006,0.000
926,902.742,0.000,902.759,0.000
927,82.047,-54.215,82.063,-54.213
928,26.579,0.000,26.579,0.000
929,10.753,-17.092,10.755,-17.091
930,0.000,-9300.166,0.000,-9300.125
931,3705.970,0.000,3705.976,0.000
932,17.116,-2.846,17.117,-2.846
933,7464.667,0.000,7464.712,0.000
934,4840.625,0.000,4840.669,0.000
935,10345.140,0.000,10345.295,0.000
936,1682.308,0.000,1682.326,0.000
937,9253.087,0.000,9253.126,0.000
938,2103.641,-166.453,2103.706,-166.451
939,12.325,0.000,12.326,0.000
940,1083.243,0.000,1083.268,0.000
941,11.119,0.000,11.122,0.000
942,191.353,0.000,191.353,0.000
943,5234.045,0.000,5234.062,0.000
944,748.477,0.000,748.499,0.000
945,9636.029,0.000,9636.057,0.000
946,1738.391,-23.445,1738.475,-23.445
947,11789.011,0.000,11789.180,0.000
948,97.792,0.000,97.797,0.000
949,46.806,0.000,46.806,0.000
950,6195.655,0.000,6195.683,0.000
951,6.300,0.000,6.300,0.000
952,8614.577,0.000,8614.615,0.000
953,1405.755,0.000,1405.784,0.000
954,11284.796,0.000,11284.923,0.000
955,3230.529,0.000,3230.560,0.000
956,12688.791,0.000,12688.828,0.000
957,8277.464,0.000,8277.507,0.000
958,15122.007,0.000,15122.084,0.000
959,5656.699,0.000,5656.714,0.000
960,10843.264,0.000,10843.343,0.000
961,2540.070,-118.792,2540.076,-118.792
962,10090.350,0.000,10090.557,0.000
963,3533.703,0.000,3533.733,0.000
964,13127.766,0.000,13127.866,0.000
965,2305.610,0.000,2305.636,0.000
966,2123.664,0.000,2123.711,0.000
967,1428.972,0.000,1428.990,0.000
968,320.888,-196.033,320.888,-196.033
969,1261.147,0.000,1261.198,0.000
970,2703.190,0.000,2703.287,0.000
971,624.117,0.000,624.149,0.000
972,8923.547,0.000,8923.565,0.000
973,434.390,0.000,434.409,0.000
974,7293.262,0.000,7293.456,0.000
975,769.532,-2.968,769.545,-2.968
976,9754.777,0.000,9754.778,0.000
977,2870.119,0.000,2870.161,0.000
978,10926.280,0.000,10926.319,0.000
979,3231.496,0.000,3231.511,0.000
980,9145.104,0.000,9145.147,0.000
981,2606.397,0.000,2606.419,0.000
982,1161.014,0.000,1161.138,0.000
983,526.843,0.000,526.936,0.000
984,9524.760,0.000,9524.921,0.000
985,3714.654,0.000,3714.675,0.000
986,12659.057,0.000,12659.166,0.000
987,4503.105,0.000,4503.209,0.000
988,11292.541,0.000,11292.627,0.000
989,5869.912,0.000,5869.942,0.000
990,18013.041,0.000,18013.146,0.000
991,5851.239,0.000,5851.304,0.000
992,17338.916,0.000,17339.021,0.000
993,3193.700,0.000,3193.713,0.000
994,9486.013,0.000,9486.167,0.000
995,2001.804,0.000,2001.850,0.000
996,10434.407,0.000,10434.507,0.000
997,2209.585,0.000,2209.626,0.000
998,12375.289,0.000,12375.447,0.000
999,1761.711,0.000,1761.733,0.000
1000,8442.857,0.000,8442.961,0.000
1001,2737.935,0.000,2738.047,0.000
1002,7190.049,0.000,7190.056,0.000
1003,741.666,0.000,741.676,0.000
1004,11557.371,0.000,11557.410,0.000
1005,3824.544,0.000,3824.555,0.000
1006,14542.786,0.000,14542.830,0.000
1007,1805.608,-215.352,1805.621,-215.351
1008,823.018,0.000,823.020,0.000
1009,611.522,0.000,611.547,0.000
1010,1193.776,0.000,1193.807,0.000
1011,0.000,-5892.874,0.000,-5892.797
1012,1913.132,0.000,1913.175,0.000
1013,0.000,-6694.681,0.000,-6694.583
1014,0.000,-7199.066,0.000,-7199.058
1015,13.889,0.000,13.889,0.000
1016,134.636,0.000,134.658,0.000
1017,733.929,-321.775,733.989,-321.767
1018,667.936,0.000,667.951,0.000
1019,37.957,0.000,37.958,0.000
1020,205.396,0.000,205.410,0.000
1021,370.358,0.000,370.358,0.000
1022,30.208,0.000,30.210,0.000
1023,397.342,0.000,397.342,0.000
1024,656.919,0.000,656.920,0.000
1025,658.548,0.000,658.549,0.000
1026,0.000,-9804.465,0.000,-9804.443
1027,157.141,0.000,157.141,0.000
1028,2.188,0.000,2.188,0.000
1029,115.491,0.000,115.492,0.000
1030,47.117,0.000,47.117,0.000
1031,0.925,0.000,0.925,0.000
1032,7.122,0.000,7.122,0.000
1033,1.543,0.000,1.543,0.000
1034,113.346,0.000,113.356,0.000
1035,6.258,0.000,6.258,0.000
1036,1.169,0.000,1.169,0.000
1037,0.000,-10555.107,0.000,-10555.039
1038,70.852,0.000,70.861,0.000
1039,1028.938,0.000,1028.978,0.000
1040,839.575,0.000,839.610,0.000
1041,2599.257,0.000,2599.322,0.000
1042,5.941,0.000,5.941,0.000
1043,110.071,0.000,110.071,0.000
1044,0.000,-9824.232,0.000,-9824.194
1045,134.792,0.000,134.795,0.000
1046,82.192,0.000,82.192,0.000
1047,6.988,0.000,6.988,0.000
1048,0.000,-11607.957,0.000,-11607.911
1049,0.000,-10819.500,0.000,-10819.471
1050,211.058,0.000,211.071,0.000
1051,480.314,0.000,480.325,0.000
1052,0.000,-9831.640,0.000,-9831.618
1053,0.000,-13920.347,0.000,-13920.311
1054,0.000,-9628.485,0.000,-9628.466
1055,993.753,0.000,993.763,0.000
1056,2026.543,0.000,2026.543,0.000
1057,1349.760,0.000,1349.788,0.000
1058,84.605,0.000,84.615,0.000
1059,10.960,0.000,10.961,0.000
1060,502.580,-31.257,502.586,-31.257
1061,12.614,-174.662,12.617,-174.654
1062,0.000,-6295.342,0.000,-6295.206
1063,0.020,0.000,0.020,0.000
1064,126.960,-196.154,126.977,-196.151
1065,350.780,0.000,350.779,0.000
1066,91.032,0.000,91.033,0.000
1067,71.731,0.000,71.731,0.000
1068,104.391,0.000,104.395,0.000
1069,505.140,0.000,505.148,0.000
1070,1213.905,0.000,1213.913,0.000
1071,1141.798,0.000,1141.802,0.000
1072,1905.264,0.000,1905.287,0.000
1073,12219.147,0.000,12219.197,0.000
1074,3780.262,0.000,3780.347,0.000
1075,8823.464,0.000,8823.468,0.000
1076,567.015,0.000,567.021,0.000
1077,4398.552,0.000,4398.632,0.000
1078,1906.805,0.000,1906.824,0.000
1079,2167.199,0.000,2167.234,0.000
1080,12098.424,0.000,12098.450,0.000
1081,228.285,0.000,228.314,0.000
1082,305.529,-151.748,305.541,-151.748
1083,1115.356,-21.991,1115.366,-21.991
1084,9761.091,0.000,9761.150,0.000
1085,2.678,0.000,2.678,0.000
1086,9.975,0.000,9.976,0.000
1087,185.447,-25.893,185.482,-25.892
1088,3284.060,0.000,3284.191,0.000
1089,6497.308,0.000,6497.330,0.000
1090,1842.155,0.000,1842.186,0.000
1091,6.120,0.000,6.121,0.000
1092,980.125,0.000,980.148,0.000
1093,1644.737,0.000,1644.763,0.000
1094,3519.236,0.000,3519.288,0.000
1095,1442.651,0.000,1442.703,0.000
1096,9004.921,0.000,9004.973,0.000
1097,0.000,-7942.497,0.000,-7942.471
1098,6.172,0.000,6.172,0.000
1099,85.382,0.000,85.399,0.000
1100,959.814,0.000,959.817,0.000
1101,850.712,0.000,850.729,0.000
1102,663.597,0.000,663.598,0.000
1103,13.390,-300.337,13.391,-300.337
1104,914.382,0.000,914.389,0.000
1105,89.578,0.000,89.579,0.000
1106,600.135,0.000,600.141,0.000
1107,18.484,0.000,18.485,0.000
1108,1802.218,0.000,1802.229,0.000
1109,1593.753,0.000,1593.754,0.000
1110,933.497,0.000,933.510,0.000
1111,387.331,-287.661,387.336,-287.661
1112,7390.679,0.000,7390.718,0.000
1113,143.322,-48.491,143.323,-48.491
1114,0.064,0.000,0.064,0.000
1115,0.000,-8144.016,0.000,-8143.983
1116,1130.939,0.000,1130.954,0.000
1117,1264.280,0.000,1264.293,0.000
1118,3497.335,0.000,3497.359,0.000
1119,1217.436,0.000,1217.439,0.000
1120,887.628,0.000,887.643,0.000
1121,2552.576,0.000,2552.608,0.000
1122,5951.834,0.000,5951.855,0.000
1123,180.476,0.000,180.480,0.000
1124,199.039,0.000,199.042,0.000
1125,264.714,0.000,264.716,0.000
1126,156.806,0.000,156.813,0.000
1127,1549.517,0.000,1549.519,0.000
1128,871.453,0.000,871.464,0.000
1129,16.609,-452.382,16.611,-452.378
1130,14411.402,0.000,14411.464,0.000
1131,729.565,0.000,729.609,0.000
1132,0.121,0.000,0.121,0.000
1133,58.770,0.000,58.770,0.000
1134,60.335,0.000,60.335,0.000
1135,29.175,0.000,29.177,0.000
1136,135.406,0.000,135.410,0.000
1137,420.887,0.000,420.892,0.000
1138,291.020,-384.277,291.040,-384.274
1139,653.830,0.000,653.842,0.000
1140,1352.288,0.000,1352.318,0.000
1141,16606.764,0.000,16606.828,0.000
1142,3928.734,-44.977,3928.768,-44.977
1143,19929.156,0.000,19929.361,0.000
1144,192.269,0.000,192.270,0.000
1145,186.707,0.000,186.707,0.000
1146,205.023,0.000,205.024,0.000
1147,394.557,0.000,394.589,0.000
1148,165.530,0.000,165.559,0.000
1149,2055.397,0.000,2055.399,0.000
1150,2351.367,0.000,2351.374,0.000
1151,16988.287,0.000,16988.367,0.000
1152,1353.803,0.000,1353.808,0.000
1153,161.062,0.000,161.064,0.000
1154,0.875,0.000,0.875,0.000
1155,433.573,0.000,433.577,0.000
1156,1412.984,0.000,1412.988,0.000
1157,1415.286,0.000,1415.301,0.000
1158,338.468,-396.787,338.487,-396.788
1159,14479.716,0.000,14479.765,0.000
1160,1902.668,-307.349,1902.715,-307.349
1161,15700.067,0.000,15700.121,0.000
1162,2548.194,0.000,2548.229,0.000
1163,15084.587,0.000,15084.635,0.000
1164,4438.896,0.000,4438.947,0.000
1165,16310.776,0.000,16310.819,0.000
1166,2072.354,0.000,2072.359,0.000
1167,2200.930,0.000,2200.938,0.000
1168,287.608,0.000,287.610,0.000
1169,3427.666,0.000,3427.688,0.000
1170,605.214,0.000,605.226,0.000
1171,11292.085,0.000,11292.264,0.000
1172,1161.222,0.000,1161.266,0.000
1173,20655.295,0.000,20655.359,0.000
1174,3376.722,-60.933,3376.735,-60.933
1175,504.181,0.000,504.192,0.000
1176,7347.955,0.000,7348.001,0.000
1177,1245.659,0.000,1245.709,0.000
1178,2217.536,-2.793,2217.591,-2.794
1179,16562.930,0.000,16563.049,0.000
1180,4074.045,-136.401,4074.049,-136.401
1181,3226.980,0.000,3227.074,0.000
1182,3707.538,0.000,3707.612,0.000
1183,21344.824,0.000,21344.859,0.000
1184,2656.028,0.000,2656.075,0.000
1185,2825.114,0.000,2825.132,0.000
1186,518.327,-8.343,518.365,-8.343
1187,77.919,0.000,77.921,0.000
1188,168.490,0.000,168.490,0.000
1189,119.588,0.000,119.588,0.000
1190,11.229,0.000,11.229,0.000
1191,6858.228,0.000,6858.270,0.000
1192,10.668,0.000,10.668,0.000
1193,11067.363,0.000,11067.365,0.000
1194,1843.071,0.000,1843.123,0.000
1195,1370.061,0.000,1370.086,0.000
1196,3397.250,0.000,3397.272,0.000
1197,21157.518,0.000,21157.562,0.000
1198,3601.168,0.000,3601.177,0.000
1199,17277.859,0.000,17277.883,0.000
1200,3936.559,0.000,3936.574,0.000
1201,3097.342,0.000,3097.358,0.000
1202,3775.133,0.000,3775.160,0.000
1203,4604.979,0.000,4605.018,0.000
1204,1505.798,-446.098,1505.853,-446.094
1205,21911.988,0.000,21912.166,0.000
1206,1645.924,0.000,1645.964,0.000
1207,11219.196,0.000,11219.431,0.000
1208,356.779,-498.973,356.792,-498.970
1209,14351.775,0.000,14351.908,0.000
1210,1554.648,-434.034,1554.650,-434.034
1211,12792.695,0.000,12792.762,0.000
1212,7743.768,0.000,7743.787,0.000
1213,7029.428,0.000,7029.432,0.000
1214,3562.268,0.000,3562.290,0.000
1215,11551.023,0.000,11551.211,0.000
1216,405.691,-1.309,405.694,-1.309
1217,2028.479,0.000,2028.532,0.000
1218,1079.851,0.000,1079.861,0.000
1219,844.055,0.000,844.117,0.000
1220,1903.646,0.000,1903.684,0.000
1221,1623.746,0.000,1623.781,0.000
1222,2361.372,0.000,2361.438,0.000
1223,1972.881,0.000,1972.918,0.000
1224,8305.919,0.000,8305.954,0.000
1225,2100.160,0.000,2100.197,0.000
1226,3024.294,0.000,3024.342,0.000
1227,1382.225,0.000,1382.275,0.000
1228,3305.090,0.000,3305.157,0.000
1229,2374.228,-206.866,2374.250,-206.865
1230,16563.693,0.000,16563.848,0.000
1231,3929.204,0.000,3929.329,0.000
1232,19058.998,0.000,19059.205,0.000
1233,2577.506,0.000,2577.550,0.000
1234,17593.332,0.000,17593.379,0.000
1235,3369.686,-64.480,3369.742,-64.479
1236,21249.586,0.000,21249.658,0.000
1237,5291.771,0.000,5291.884,0.000
1238,11685.051,0.000,11685.101,0.000
1239,1485.258,0.000,1485.260,0.000
1240,4544.543,0.000,4544.555,0.000
1241,811.223,0.000,811.248,0.000
1242,778.194,-0.082,778.196,-0.083
1243,453.909,0.000,453.918,0.000
1244,1064.324,-0.094,1064.356,-0.094
1245,1835.018,0.000,1835.105,0.000
1246,15906.740,0.000,15906.740,0.000
1247,4625.920,0.000,4625.971,0.000
1248,17420.658,0.000,17420.750,0.000
1249,3128.447,0.000,3128.516,0.000
1250,2218.543,0.000,2218.546,0.000
1251,2703.940,0.000,2704.007,0.000
1252,4.678,-0.468,4.679,-0.468
1253,802.505,0.000,802.514,0.000
1254,11160.441,0.000,11160.467,0.000
1255,473.225,0.000,473.225,0.000
1256,12117.663,0.000,12117.668,0.000
1257,1230.150,0.000,1230.174,0.000
1258,14364.943,0.000,14365.015,0.000
1259,703.058,0.000,703.073,0.000
1260,21118.268,0.000,21118.326,0.000
1261,2598.859,0.000,2598.880,0.000
1262,29944.764,0.000,29944.766,0.000
1263,8257.255,-117.911,8257.271,-117.911
1264,25054.400,0.000,25054.402,0.000
1265,5578.282,-141.608,5578.313,-141.608
1266,2196.731,0.000,2196.758,0.000
1267,5415.803,0.000,5415.863,0.000
1268,23817.715,0.000,23817.840,0.000
1269,7446.594,0.000,7446.729,0.000
1270,6109.952,-0.382,6110.019,-0.382
1271,21615.771,0.000,21615.775,0.000
1272,4828.017,-106.894,4828.039,-106.894
1273,21897.611,0.000,21897.646,0.000
1274,5533.111,0.000,5533.129,0.000
1275,2855.133,0.000,2855.191,0.000
1276,3976.704,-15.006,3976.722,-15.006
1277,2598.375,0.000,2598.432,0.000
1278,3781.690,0.000,3781.811,0.000
1279,20043.482,0.000,20043.566,0.000
1280,3405.438,0.000,3405.473,0.000
1281,21155.301,0.000,21155.303,0.000
1282,7199.586,0.000,7199.603,0.000
1283,22716.268,0.000,22716.277,0.000
1284,4346.827,-0.388,4346.985,-0.388
1285,4226.991,0.000,4227.036,0.000
1286,8207.781,0.000,8207.822,0.000
1287,1969.548,0.000,1969.566,0.000
1288,14470.962,0.000,14471.023,0.000
1289,3071.488,0.000,3071.518,0.000
1290,2100.885,0.000,2100.916,0.000
1291,2688.304,-8.336,2688.469,-8.335
1292,3340.819,0.000,3340.834,0.000
1293,4233.411,0.000,4233.441,0.000
1294,988.230,0.000,988.281,0.000
1295,3097.788,0.000,3097.874,0.000
1296,12228.949,0.000,12229.112,0.000
1297,4660.631,0.000,4660.672,0.000
1298,21420.211,0.000,21420.219,0.000
1299,3803.370,0.000,3803.485,0.000
1300,21037.498,0.000,21037.637,0.000
1301,2600.955,0.000,2600.995,0.000
1302,16440.588,0.000,16440.658,0.000
1303,3194.558,0.000,3194.589,0.000
1304,15165.933,0.000,15165.986,0.000
1305,21133.406,0.000,21133.490,0.000
1306,3626.854,0.000,3627.125,0.000
1307,21046.785,0.000,21046.824,0.000
1308,22457.490,0.000,22457.535,0.000
1309,7536.633,0.000,7536.858,0.000
1310,5421.409,0.000,5421.509,0.000
1311,3235.277,-133.923,3235.320,-133.923
1312,4757.124,0.000,4757.269,0.000
1313,17324.787,0.000,17324.812,0.000
1314,363.973,-121.674,364.014,-121.667
1315,14312.077,0.000,14312.161,0.000
1316,4798.211,0.000,4798.218,0.000
1317,20575.953,0.000,20576.176,0.000
1318,5353.894,0.000,5353.972,0.000
1319,4442.042,0.000,4442.120,0.000
1320,3458.113,-10.169,3458.117,-10.169
1321,20852.045,0.000,20852.043,0.000
1322,5706.742,0.000,5706.838,0.000
1323,18334.238,0.000,18334.307,0.000
1324,3646.911,0.000,3646.958,0.000
1325,20884.207,0.000,20884.295,0.000
1326,3617.616,0.000,3617.686,0.000
1327,5250.270,0.000,5250.307,0.000
1328,6500.329,0.000,6500.534,0.000
1329,22395.285,0.000,22395.434,0.000
1330,5374.229,0.000,5374.250,0.000
1331,20454.703,0.000,20454.715,0.000
1332,2011.161,0.000,2011.229,0.000
1333,19353.641,0.000,19353.643,0.000
1334,538.634,0.000,538.659,0.000
1335,15978.798,0.000,15979.018,0.000
1336,3515.720,0.000,3515.799,0.000
1337,17594.512,0.000,17594.588,0.000
1338,3532.500,0.000,3532.670,0.000
1339,127.940,0.000,127.944,0.000
1340,1524.132,0.000,1524.164,0.000
1341,19719.430,0.000,19719.484,0.000
1342,1533.051,0.000,1533.107,0.000
1343,19887.467,0.000,19887.611,0.000
1344,2189.539,-13.474,2189.597,-13.474
1345,111.127,0.000,111.149,0.000
1346,2294.467,0.000,2294.500,0.000
1347,20468.533,0.000,20468.664,0.000
1348,2435.455,0.000,2435.527,0.000
1349,20584.924,0.000,20585.160,0.000
1350,1545.236,-20.780,1545.342,-20.780
1351,19638.322,0.000,19638.324,0.000
1352,1272.520,0.000,1272.633,0.000
1353,6157.221,0.000,6157.333,0.000
1354,810.993,0.000,811.068,0.000
1355,419.325,0.000,419.344,0.000
1356,1345.540,0.000,1345.594,0.000
1357,5310.729,0.000,5310.808,0.000
1358,1477.423,0.000,1477.432,0.000
1359,10362.326,0.000,10362.384,0.000
1360,7905.929,0.000,7906.008,0.000
1361,4289.138,-27.709,4289.144,-27.709
1362,17909.826,0.000,17909.975,0.000
1363,2285.923,0.000,2285.949,0.000
1364,11544.604,0.000,11544.691,0.000
1365,1994.644,-9.491,1994.733,-9.491
1366,12692.566,0.000,12692.673,0.000
1367,3139.660,0.000,3139.671,0.000
1368,17127.934,0.000,17128.029,0.000
1369,1639.217,0.000,1639.256,0.000
1370,18347.328,0.000,18347.383,0.000
1371,2932.715,-0.404,2932.805,-0.404
1372,18015.771,0.000,18015.877,0.000
1373,1102.945,0.000,1102.957,0.000
1374,18706.979,0.000,18706.984,0.000
1375,2070.700,0.000,2070.702,0.000
1376,17775.322,0.000,17775.426,0.000
1377,3276.882,0.000,3276.936,0.000
1378,16151.081,0.000,16151.191,0.000
1379,1042.743,0.000,1042.754,0.000
1380,7077.717,0.000,7077.957,0.000
1381,1687.570,0.000,1687.634,0.000
1382,13685.427,0.000,13685.503,0.000
1383,2865.722,0.000,2865.780,0.000
1384,15218.984,0.000,15219.049,0.000
1385,3067.176,0.000,3067.217,0.000
1386,16940.916,0.000,16941.029,0.000
1387,2647.485,-13.331,2647.554,-13.331
1388,18428.529,0.000,18428.650,0.000
1389,4503.011,0.000,4503.135,0.000
1390,5455.825,0.000,5455.866,0.000
1391,3113.203,-35.777,3113.273,-35.777
1392,7796.444,0.000,7796.465,0.000
1393,3426.134,0.000,3426.199,0.000
1394,16211.509,0.000,16211.623,0.000
1395,3386.938,-5.271,3387.005,-5.271
1396,14305.405,0.000,14305.510,0.000
1397,1707.771,0.000,1707.808,0.000
1398,15866.900,0.000,15866.939,0.000
1399,5130.432,0.000,5130.465,0.000
1400,6239.607,0.000,6239.645,0.000
1401,6006.996,0.000,6007.033,0.000
1402,10037.067,0.000,10037.068,0.000
1403,3356.662,0.000,3356.680,0.000
1404,16917.588,0.000,16917.646,0.000
1405,1479.867,0.000,1479.950,0.000
1406,17254.127,0.000,17254.203,0.000
1407,2047.344,0.000,2047.347,0.000
1408,18662.004,0.000,18662.008,0.000
1409,3806.758,-0.207,3806.839,-0.207
1410,19448.840,0.000,19448.975,0.000
1411,19672.156,0.000,19672.158,0.000
1412,6361.114,0.000,6361.125,0.000
1413,1938.942,0.000,1939.009,0.000
1414,6428.783,0.000,6428.867,0.000
1415,21537.557,0.000,21537.586,0.000
1416,9300.431,0.000,9300.496,0.000
1417,6140.314,0.000,6140.400,0.000
1418,8758.943,0.000,8758.977,0.000
1419,5603.402,0.000,5603.493,0.000
1420,24604.711,0.000,24604.764,0.000
1421,3037.689,0.000,3037.703,0.000
1422,20891.174,0.000,20891.275,0.000
1423,4619.505,0.000,4619.522,0.000
1424,20647.365,0.000,20647.516,0.000
1425,6217.729,0.000,6217.781,0.000
1426,21381.803,0.000,21381.807,0.000
1427,5151.532,0.000,5151.575,0.000
1428,2637.135,0.000,2637.154,0.000
1429,6950.438,0.000,6950.465,0.000
1430,6815.043,0.000,6815.091,0.000
1431,5222.980,0.000,5223.106,0.000
1432,21058.170,0.000,21058.223,0.000
1433,3628.981,0.000,3629.053,0.000
1434,21627.250,0.000,21627.510,0.000
1435,5388.735,0.000,5388.787,0.000
1436,23213.111,0.000,23213.254,0.000
1437,5915.340,0.000,5915.420,0.000
1438,23051.227,0.000,23051.227,0.000
1439,7618.999,0.000,7619.125,0.000
1440,23923.766,0.000,23923.793,0.000
1441,4937.351,0.000,4937.441,0.000
1442,21182.570,0.000,21182.645,0.000
1443,2739.315,0.000,2739.318,0.000
1444,20540.729,0.000,20540.820,0.000
1445,3438.819,0.000,3438.877,0.000
1446,23837.816,0.000,23837.867,0.000
1447,5099.680,0.000,5099.837,0.000
1448,23907.520,0.000,23907.602,0.000
1449,6317.196,0.000,6317.241,0.000
1450,2074.185,0.000,2074.229,0.000
1451,756.674,0.000,756.680,0.000
1452,3871.349,0.000,3871.422,0.000
1453,12048.208,0.000,12048.281,0.000
1454,2845.387,0.000,2845.510,0.000
1455,20042.031,0.000,20042.143,0.000
1456,3328.958,0.000,3328.979,0.000
1457,13928.010,0.000,13928.087,0.000
1458,7846.100,0.000,7846.208,0.000
1459,211.966,0.000,211.971,0.000
1460,4995.885,0.000,4995.922,0.000
1461,19570.822,0.000,19570.924,0.000
1462,3941.599,-27.349,3941.644,-27.349
1463,24179.605,0.000,24179.701,0.000
1464,6839.772,0.000,6839.881,0.000
1465,22791.516,0.000,22791.529,0.000
1466,5718.075,0.000,5718.085,0.000
1467,1335.323,0.000,1335.362,0.000
1468,10927.012,0.000,10927.161,0.000
1469,5114.705,0.000,5114.782,0.000
1470,19957.715,0.000,19957.799,0.000
1471,15.067,0.000,15.068,0.000
1472,21386.598,0.000,21386.627,0.000
1473,5036.641,0.000,5036.719,0.000
1474,21329.537,0.000,21329.615,0.000
1475,3592.815,0.000,3592.866,0.000
1476,7563.253,0.000,7563.289,0.000
1477,927.319,0.000,927.325,0.000
1478,4927.688,0.000,4927.810,0.000
1479,218.108,-0.639,218.116,-0.639
1480,9198.074,0.000,9198.214,0.000
1481,544.368,0.000,544.373,0.000
1482,13732.810,0.000,13732.921,0.000
1483,2275.570,-0.466,2275.607,-0.466
1484,14122.491,0.000,14122.602,0.000
1485,1673.920,0.000,1673.975,0.000
1486,14958.580,0.000,14958.628,0.000
1487,2687.502,0.000,2687.558,0.000
1488,16135.927,0.000,16135.944,0.000
1489,15441.987,0.000,15442.229,0.000
1490,1320.569,0.000,1320.640,0.000
1491,1702.796,0.000,1702.810,0.000
1492,15053.038,0.000,15053.118,0.000
1493,1586.889,0.000,1586.898,0.000
1494,320.133,0.000,320.143,0.000
1495,2118.822,0.000,2118.854,0.000
1496,14512.610,0.000,14512.620,0.000
1497,592.021,0.000,592.041,0.000
1498,15428.562,0.000,15428.760,0.000
1499,991.048,0.000,991.088,0.000
1500,15531.362,0.000,15531.453,0.000
1501,2228.154,-7.604,2228.199,-7.604
1502,3303.386,0.000,3303.452,0.000
1503,2656.051,0.000,2656.110,0.000
1504,18734.016,0.000,18734.271,0.000
1505,2514.401,-66.490,2514.426,-66.490
1506,20199.893,0.000,20200.037,0.000
1507,4032.913,-10.687,4032.957,-10.687
1508,20207.066,0.000,20207.131,0.000
1509,3386.919,0.000,3387.066,0.000
1510,1576.793,0.000,1576.841,0.000
1511,224.193,0.000,224.199,0.000
1512,702.026,0.000,702.027,0.000
1513,2807.449,0.000,2807.468,0.000
1514,16922.186,0.000,16922.328,0.000
1515,2819.334,0.000,2819.341,0.000
1516,311.556,0.000,311.564,0.000
1517,2490.357,0.000,2490.372,0.000
1518,14965.858,0.000,14966.044,0.000
1519,2.311,0.000,2.311,0.000
1520,5350.906,0.000,5350.968,0.000
1521,828.616,0.000,828.628,0.000
1522,91.279,0.000,91.286,0.000
1523,3614.323,0.000,3614.347,0.000
1524,16817.363,0.000,16817.416,0.000
1525,4705.611,0.000,4705.698,0.000
1526,17835.248,0.000,17835.357,0.000
1527,3367.145,0.000,3367.158,0.000
1528,26.388,0.000,26.388,0.000
1529,1170.047,0.000,1170.074,0.000
1530,13770.470,0.000,13770.676,0.000
1531,90.944,0.000,90.948,0.000
1532,1382.756,0.000,1382.783,0.000
1533,527.734,-7.729,527.742,-7.729
1534,15603.849,0.000,15603.935,0.000
1535,1824.137,0.000,1824.246,0.000
1536,17058.398,0.000,17058.418,0.000
1537,1786.672,0.000,1786.710,0.000
1538,2972.671,0.000,2972.745,0.000
1539,1193.110,0.000,1193.172,0.000
1540,11288.870,0.000,11288.954,0.000
1541,2206.329,0.000,2206.374,0.000
1542,48.345,0.000,48.345,0.000
1543,1124.827,0.000,1124.861,0.000
1544,37.815,0.000,37.820,0.000
1545,2007.605,0.000,2007.635,0.000
1546,2154.711,0.000,2154.774,0.000
1547,2645.749,0.000,2645.799,0.000
1548,166.383,0.000,166.391,0.000
1549,476.198,0.000,476.239,0.000
1550,1833.330,0.000,1833.333,0.000
1551,3171.129,0.000,3171.172,0.000
1552,2241.302,0.000,2241.340,0.000
1553,489.307,-222.941,489.359,-222.936
1554,15581.753,0.000,15581.901,0.000
1555,2676.442,0.000,2676.469,0.000
1556,2022.549,0.000,2022.574,0.000
1557,1613.109,0.000,1613.149,0.000
1558,14108.528,0.000,14108.631,0.000
1559,1503.018,0.000,1503.079,0.000
1560,19067.793,0.000,19067.959,0.000
1561,5383.266,0.000,5383.311,0.000
1562,1245.828,0.000,1245.866,0.000
1563,400.474,-0.880,400.475,-0.880
1564,12649.849,0.000,12649.949,0.000
1565,1273.963,-138.453,1274.018,-138.450
1566,15423.637,0.000,15423.639,0.000
1567,1545.198,-21.123,1545.202,-21.123
1568,13384.014,0.000,13384.068,0.000
1569,2383.518,0.000,2383.572,0.000
1570,9141.395,0.000,9141.454,0.000
1571,1988.798,-12.208,1988.849,-12.208
1572,13142.565,0.000,13142.592,0.000
1573,3442.876,0.000,3442.902,0.000
1574,8394.544,0.000,8394.543,0.000
1575,7682.338,0.000,7682.393,0.000
1576,29.790,0.000,29.791,0.000
1577,83.419,0.000,83.427,0.000
1578,612.690,0.000,612.694,0.000
1579,450.246,0.000,450.247,0.000
1580,1176.765,0.000,1176.775,0.000
1581,1008.200,0.000,1008.250,0.000
1582,1942.484,0.000,1942.501,0.000
1583,4814.064,0.000,4814.068,0.000
1584,239.443,0.000,239.443,0.000
1585,19.077,-3.844,19.077,-3.844
1586,3984.029,0.000,3984.067,0.000
1587,5101.062,0.000,5101.092,0.000
1588,3545.151,0.000,3545.173,0.000
1589,9.464,0.000,9.464,0.000
1590,7274.885,0.000,7274.929,0.000
1591,1490.585,0.000,1490.588,0.000
1592,11143.839,0.000,11143.971,0.000
1593,4143.052,0.000,4143.092,0.000
1594,12494.055,0.000,12494.064,0.000
1595,3821.476,-104.082,3821.510,-104.082
1596,3888.485,0.000,3888.507,0.000
1597,3280.272,0.000,3280.331,0.000
1598,8719.902,0.000,8719.992,0.000
1599,466.970,-49.276,466.981,-49.276
1600,186.220,0.000,186.229,0.000
1601,1.564,0.000,1.564,0.000
1602,261.756,0.000,261.784,0.000
1603,963.018,0.000,963.024,0.000
1604,2621.997,0.000,2622.091,0.000
1605,4193.806,0.000,4193.831,0.000
1606,4826.995,0.000,4827.069,0.000
1607,32.618,-269.282,32.627,-269.282
1608,9616.301,0.000,9616.408,0.000
1609,43.361,-258.605,43.371,-258.604
1610,11603.615,0.000,11603.669,0.000
1611,19.715,-502.047,19.717,-502.047
1612,2300.219,0.000,2300.239,0.000
1613,3622.320,0.000,3622.338,0.000
1614,1917.705,0.000,1917.708,0.000
1615,6521.611,0.000,6521.751,0.000
1616,5230.541,0.000,5230.561,0.000
1617,2493.853,0.000,2493.897,0.000
1618,1132.524,-119.348,1132.550,-119.347
1619,2006.756,0.000,2006.852,0.000
1620,7356.131,0.000,7356.158,0.000
1621,1817.161,0.000,1817.164,0.000
1622,3151.759,0.000,3151.838,0.000
1623,1362.034,0.000,1362.047,0.000
1624,163.747,0.000,163.756,0.000
1625,1152.205,0.000,1152.246,0.000
1626,697.259,0.000,697.286,0.000
1627,1938.114,0.000,1938.211,0.000
1628,1740.098,-0.859,1740.159,-0.860
1629,136.256,-23.234,136.297,-23.234
1630,289.317,0.000,289.329,0.000
1631,17.540,0.000,17.541,0.000
1632,1067.964,0.000,1067.966,0.000
1633,221.793,0.000,221.842,0.000
1634,3251.754,0.000,3251.767,0.000
1635,31.492,-0.849,31.492,-0.849
1636,11.791,-212.104,11.791,-212.104
1637,293.500,-84.116,293.507,-84.115
1638,299.321,0.000,299.327,0.000
1639,72.885,0.000,72.887,0.000
1640,319.160,0.000,319.195,0.000
1641,4196.631,0.000,4196.693,0.000
1642,3107.559,0.000,3107.576,0.000
1643,3747.425,0.000,3747.486,0.000
1644,9.658,0.000,9.659,0.000
1645,17.806,0.000,17.806,0.000
1646,15.477,0.000,15.477,0.000
1647,0.000,-8019.201,0.000,-8019.185
1648,37.933,0.000,37.934,0.000
1649,1441.021,0.000,1441.065,0.000
1650,32.784,0.000,32.784,0.000
1651,388.124,0.000,388.128,0.000
1652,379.870,0.000,379.878,0.000
1653,715.234,0.000,715.248,0.000
1654,745.109,0.000,745.142,0.000
1655,2731.691,0.000,2731.690,0.000
1656,965.085,0.000,965.089,0.000
1657,791.152,0.000,791.181,0.000
1658,3004.624,0.000,3004.644,0.000
1659,3109.241,0.000,3109.267,0.000
1660,5624.661,0.000,5624.713,0.000
1661,264.625,-235.630,264.625,-235.630
1662,2285.854,0.000,2285.882,0.000
1663,490.359,0.000,490.393,0.000
1664,1.752,0.000,1.752,0.000
1665,6.840,-0.243,6.840,-0.242
1666,346.510,0.000,346.533,0.000
1667,1190.579,0.000,1190.615,0.000
1668,928.562,0.000,928.567,0.000
1669,2599.900,0.000,2599.905,0.000
1670,1340.134,0.000,1340.207,0.000
1671,1858.703,0.000,1858.733,0.000
1672,1610.993,0.000,1611.019,0.000
1673,1119.693,0.000,1119.713,0.000
1674,1630.534,0.000,1630.539,0.000
1675,2598.838,0.000,2598.859,0.000
1676,5070.653,0.000,5070.746,0.000
1677,1684.611,0.000,1684.642,0.000
1678,1893.378,0.000,1893.391,0.000
1679,58.413,-500.399,58.419,-500.387
1680,991.889,0.000,991.896,0.000
1681,1534.447,0.000,1534.460,0.000
1682,3393.235,0.000,3393.243,0.000
1683,192.476,0.000,192.510,0.000
1684,4435.788,0.000,4435.843,0.000
1685,394.545,0.000,394.582,0.000
1686,5889.574,0.000,5889.764,0.000
1687,2038.687,0.000,2038.692,0.000
1688,9491.680,0.000,9491.702,0.000
1689,4066.814,0.000,4066.820,0.000
1690,3213.051,0.000,3213.077,0.000
1691,124.261,0.000,124.283,0.000
1692,9461.597,0.000,9461.650,0.000
1693,178.739,0.000,178.739,0.000
1694,26.754,-15.797,26.754,-15.797
1695,4.275,0.000,4.275,0.000
1696,0.000,-6441.187,0.000,-6441.136
1697,0.133,0.000,0.133,0.000
1698,1.666,0.000,1.666,0.000
1699,875.168,0.000,875.202,0.000
1700,243.684,0.000,243.690,0.000
1701,2145.190,0.000,2145.234,0.000
1702,11926.261,0.000,11926.384,0.000
1703,319.887,0.000,319.914,0.000
1704,1967.235,0.000,1967.278,0.000
1705,511.417,0.000,511.427,0.000
1706,0.000,-6457.090,0.000,-6457.065
1707,1676.577,0.000,1676.592,0.000
1708,1668.217,-38.048,1668.255,-38.048
1709,648.521,0.000,648.550,0.000
1710,745.287,0.000,745.300,0.000
1711,3299.636,0.000,3299.722,0.000
1712,1993.751,-60.141,1993.796,-60.140
1713,443.387,0.000,443.391,0.000
1714,782.534,-8.342,782.544,-8.342
1715,571.295,0.000,571.308,0.000
1716,0.000,-8589.567,0.000,-8589.535
1717,12.364,0.000,12.365,0.000
1718,229.501,0.000,229.508,0.000
1719,0.781,0.000,0.781,0.000
1720,25.953,0.000,25.953,0.000
1721,119.957,0.000,119.961,0.000
1722,138.258,0.000,138.286,0.000
1723,140.087,0.000,140.087,0.000
1724,31.592,0.000,31.592,0.000
1725,1.196,0.000,1.196,0.000
1726,3.101,0.000,3.101,0.000
1727,1.532,0.000,1.532,0.000
1728,15.030,0.000,15.030,0.000
1729,472.270,0.000,472.285,0.000
1730,374.460,0.000,374.474,0.000
1731,1724.638,0.000,1724.646,0.000
1732,562.949,0.000,562.983,0.000
1733,761.545,0.000,761.581,0.000
1734,284.926,0.000,284.927,0.000
1735,815.284,-87.284,815.340,-87.284
1736,658.958,0.000,658.994,0.000
1737,425.919,0.000,425.965,0.000
1738,199.010,0.000,199.013,0.000
1739,393.093,0.000,393.128,0.000
1740,9.726,-1.663,9.726,-1.663
1741,7.633,0.000,7.633,0.000
1742,14.855,0.000,14.855,0.000
1743,10.565,-78.399,10.568,-78.398
1744,0.000,-7612.808,0.000,-7612.789
1745,5.375,0.000,5.376,0.000
1746,0.000,-6053.422,0.000,-6053.399
1747,240.142,0.000,240.151,0.000
1748,31.646,0.000,31.647,0.000
1749,0.000,-10099.513,0.000,-10099.499
1750,2.032,0.000,2.032,0.000
1751,2.717,0.000,2.718,0.000
1752,61.486,0.000,61.486,0.000
1753,565.832,0.000,565.849,0.000
1754,2400.822,0.000,2400.860,0.000
1755,0.000,-8202.559,0.000,-8202.521
1756,196.583,0.000,196.583,0.000
1757,65.764,0.000,65.768,0.000
1758,0.000,-11381.605,0.000,-11381.561
1759,5.465,0.000,5.465,0.000
1760,542.516,0.000,542.534,0.000
1761,429.868,0.000,429.883,0.000
1762,774.696,0.000,774.697,0.000
1763,1365.734,0.000,1365.749,0.000
1764,1514.430,0.000,1514.440,0.000
1765,587.939,0.000,587.950,0.000
1766,72.197,0.000,72.197,0.000
1767,398.649,0.000,398.670,0.000
1768,538.770,0.000,538.786,0.000
1769,1762.220,0.000,1762.255,0.000
1770,378.410,0.000,378.410,0.000
1771,10.765,-0.014,10.765,-0.014
1772,31.078,0.000,31.078,0.000
1773,129.060,-1.680,129.063,-1.680
1774,792.384,0.000,792.407,0.000
1775,931.601,-1.922,931.633,-1.922
1776,8346.517,0.000,8346.766,0.000
1777,1148.544,-40.345,1148.569,-40.344
1778,7878.495,0.000,7878.546,0.000
1779,3.483,0.000,3.483,0.000
1780,1729.416,0.000,1729.430,0.000
1781,115.015,0.000,115.034,0.000
1782,2941.198,0.000,2941.272,0.000
1783,0.000,-4853.907,0.000,-4853.858
1784,10584.911,0.000,10584.951,0.000
1785,2.886,0.000,2.886,0.000
1786,4064.288,0.000,4064.315,0.000
1787,3225.515,0.000,3225.519,0.000
1788,72.085,0.000,72.086,0.000
1789,696.787,-14.821,696.794,-14.821
1790,11976.248,0.000,11976.251,0.000
1791,2675.824,0.000,2675.861,0.000
1792,22.944,0.000,22.944,0.000
1793,12.308,0.000,12.308,0.000
1794,7.003,0.000,7.003,0.000
1795,4.714,0.000,4.714,0.000
1796,2.360,0.000,2.359,0.000
1797,1655.126,0.000,1655.143,0.000
1798,937.187,0.000,937.196,0.000
1799,1564.903,0.000,1564.906,0.000
1800,738.156,0.000,738.163,0.000
1801,13801.674,0.000,13801.778,0.000
1802,2095.445,0.000,2095.481,0.000
1803,12914.354,0.000,12914.580,0.000
1804,2780.455,-54.700,2780.504,-54.699
1805,10559.619,0.000,10559.866,0.000
1806,4467.417,0.000,4467.433,0.000
1807,10341.626,0.000,10341.737,0.000
1808,3818.494,-46.706,3818.564,-46.706
1809,12634.736,0.000,12635.067,0.000
1810,1800.559,0.000,1800.586,0.000
1811,2804.746,0.000,2804.757,0.000
1812,2994.783,0.000,2994.818,0.000
1813,10509.772,0.000,10509.806,0.000
1814,1253.146,0.000,1253.200,0.000
1815,15308.168,0.000,15308.205,0.000
1816,2672.858,0.000,2672.885,0.000
1817,716.836,0.000,716.838,0.000
1818,706.879,-3.414,706.883,-3.414
1819,1260.955,0.000,1260.968,0.000
1820,1183.779,-118.044,1183.799,-118.044
1821,1351.608,0.000,1351.628,0.000
1822,2331.765,-89.056,2331.810,-89.054
1823,4771.063,0.000,4771.161,0.000
1824,147.530,-196.557,147.543,-196.554
1825,256.635,0.000,256.643,0.000
1826,13.672,0.000,13.672,0.000
1827,387.403,0.000,387.411,0.000
1828,2083.851,0.000,2083.890,0.000
1829,12966.438,0.000,12966.535,0.000
1830,4019.731,0.000,4019.752,0.000
1831,17802.404,0.000,17802.469,0.000
1832,2546.346,-184.467,2546.357,-184.467
1833,22077.842,0.000,22077.945,0.000
1834,1105.172,0.000,1105.217,0.000
1835,1.161,0.000,1.161,0.000
1836,1.327,0.000,1.327,0.000
1837,726.400,0.000,726.411,0.000
1838,441.845,0.000,441.861,0.000
1839,52.900,0.000,52.914,0.000
1840,1122.057,0.000,1122.060,0.000
1841,11183.994,0.000,11184.134,0.000
1842,2925.788,0.000,2925.871,0.000
1843,18415.684,0.000,18415.705,0.000
1844,6921.093,0.000,6921.118,0.000
1845,20980.588,0.000,20980.623,0.000
1846,3772.146,0.000,3772.235,0.000
1847,19769.420,0.000,19769.420,0.000
1848,2555.043,-106.447,2555.118,-106.445
1849,12540.738,0.000,12540.799,0.000
1850,794.087,0.000,794.098,0.000
1851,16644.012,0.000,16644.221,0.000
1852,697.226,0.000,697.285,0.000
1853,16253.936,0.000,16254.051,0.000
1854,1187.386,-242.416,1187.406,-242.416
1855,15242.510,0.000,15242.589,0.000
1856,2205.791,0.000,2205.824,0.000
1857,0.375,0.000,0.375,0.000
1858,46.894,0.000,46.895,0.000
1859,320.386,0.000,320.401,0.000
1860,40.141,0.000,40.142,0.000
1861,1883.327,0.000,1883.333,0.000
1862,1731.157,-13.261,1731.220,-13.261
1863,3377.825,0.000,3377.854,0.000
1864,3304.722,0.000,3304.760,0.000
1865,4499.111,0.000,4499.167,0.000
1866,1344.089,-174.096,1344.109,-174.096
1867,13512.759,0.000,13512.824,0.000
1868,2830.102,0.000,2830.162,0.000
1869,1146.821,0.000,1146.866,0.000
1870,3330.485,0.000,3330.523,0.000
1871,564.039,0.000,564.077,0.000
1872,15.404,-85.109,15.406,-85.102
1873,9.780,0.000,9.780,0.000
1874,17.840,0.000,17.840,0.000
1875,20.905,0.000,20.905,0.000
1876,226.968,0.000,226.987,0.000
1877,119.935,0.000,119.937,0.000
1878,200.519,0.000,200.523,0.000
1879,6754.027,0.000,6754.110,0.000
1880,590.637,0.000,590.638,0.000
1881,6633.989,0.000,6634.010,0.000
1882,410.971,0.000,410.995,0.000
1883,12548.827,0.000,12548.992,0.000
1884,1879.779,-7.018,1879.788,-7.018
1885,8459.974,0.000,8460.046,0.000
1886,1850.376,-2.024,1850.466,-2.024
1887,10050.289,0.000,10050.288,0.000
1888,3168.745,-4.591,3168.808,-4.591
1889,9794.588,0.000,9794.663,0.000
1890,2503.426,0.000,2503.461,0.000
1891,12105.166,0.000,12105.206,0.000
1892,1992.249,0.000,1992.278,0.000
1893,6907.518,0.000,6907.567,0.000
1894,4820.668,-18.969,4820.701,-18.969
1895,872.779,0.000,872.795,0.000
1896,208.651,-4.220,208.658,-4.219
1897,287.286,-0.869,287.287,-0.869
1898,1070.521,0.000,1070.531,0.000
1899,641.980,-17.685,642.025,-17.685
1900,2474.874,0.000,2474.934,0.000
1901,3085.899,0.000,3086.001,0.000
1902,1073.634,-164.578,1073.662,-164.577
1903,8506.725,0.000,8506.841,0.000
1904,3170.635,0.000,3170.715,0.000
1905,12742.500,0.000,12742.648,0.000
1906,3549.605,0.000,3549.651,0.000
1907,17015.908,0.000,17015.980,0.000
1908,5412.328,0.000,5412.361,0.000
1909,17602.623,0.000,17602.633,0.000
1910,4179.340,-87.878,4179.408,-87.876
1911,6655.796,0.000,6655.876,0.000
1912,5479.543,0.000,5479.581,0.000
1913,14121.373,0.000,14121.466,0.000
1914,4570.807,0.000,4570.954,0.000
1915,11359.846,0.000,11359.969,0.000
1916,5938.688,0.000,5938.695,0.000
1917,15520.217,0.000,15520.383,0.000
1918,4329.037,0.000,4329.123,0.000
1919,4471.752,0.000,4471.770,0.000
1920,1151.911,-1.057,1151.912,-1.057
1921,1483.992,0.000,1483.997,0.000
1922,0.000,-7867.109,0.000,-7867.092
1923,26.987,0.000,26.988,0.000
1924,268.794,0.000,268.801,0.000
1925,55.676,0.000,55.684,0.000
1926,3335.338,0.000,3335.349,0.000
1927,11263.217,0.000,11263.258,0.000
1928,792.760,-421.857,792.803,-421.857
1929,14122.647,0.000,14122.738,0.000
1930,3522.123,-0.284,3522.197,-0.284
1931,12369.559,0.000,12369.712,0.000
1932,3059.754,0.000,3059.810,0.000
1933,1554.867,0.000,1554.916,0.000
1934,1300.028,-132.987,1300.045,-132.986
1935,7777.968,0.000,7778.064,0.000
1936,3145.701,0.000,3145.736,0.000
1937,17144.596,0.000,17144.799,0.000
1938,5032.124,-1.232,5032.292,-1.232
1939,20574.533,0.000,20574.568,0.000
1940,1036.178,-26.710,1036.200,-26.710
1941,10432.575,0.000,10432.604,0.000
1942,786.323,0.000,786.338,0.000
1943,14647.396,0.000,14647.638,0.000
1944,2971.696,-13.115,2971.754,-13.114
1945,18276.768,0.000,18276.838,0.000
1946,1547.225,-162.788,1547.265,-162.787
1947,17843.271,0.000,17843.305,0.000
1948,2000.788,0.000,2000.907,0.000
1949,12262.124,0.000,12262.188,0.000
1950,14838.729,0.000,14838.830,0.000
1951,2059.240,0.000,2059.314,0.000
1952,3510.290,-26.589,3510.325,-26.589
1953,2454.792,-1.585,2454.800,-1.585
1954,5306.042,0.000,5306.051,0.000
1955,3312.713,0.000,3312.771,0.000
1956,14099.170,0.000,14099.264,0.000
1957,3137.663,0.000,3137.687,0.000
1958,16128.195,0.000,16128.343,0.000
1959,2715.891,-1.950,2715.936,-1.950
1960,2534.956,0.000,2535.009,0.000
1961,2974.845,0.000,2974.906,0.000
1962,15425.102,0.000,15425.173,0.000
1963,2020.502,0.000,2020.519,0.000
1964,3241.944,0.000,3241.978,0.000
1965,2184.126,0.000,2184.128,0.000
1966,14724.853,0.000,14724.903,0.000
1967,2142.402,0.000,2142.455,0.000
1968,15438.029,0.000,15438.076,0.000
1969,15809.283,0.000,15809.391,0.000
1970,2301.934,0.000,2301.961,0.000
1971,9740.771,0.000,9740.842,0.000
1972,2805.376,0.000,2805.404,0.000
1973,16739.350,0.000,16739.393,0.000
1974,2474.972,-16.061,2475.038,-16.061
1975,15832.918,0.000,15832.945,0.000
1976,3092.474,0.000,3092.489,0.000
1977,16280.284,0.000,16280.499,0.000
1978,4319.572,0.000,4319.593,0.000
1979,13730.798,0.000,13730.911,0.000
1980,1747.385,-1.296,1747.420,-1.296
1981,11586.139,0.000,11586.178,0.000
1982,1364.902,0.000,1364.964,0.000
1983,1872.714,0.000,1872.750,0.000
1984,13505.123,0.000,13505.137,0.000
1985,2819.309,0.000,2819.388,0.000
1986,15342.438,0.000,15342.457,0.000
1987,3686.391,0.000,3686.413,0.000
1988,16713.133,0.000,16713.391,0.000
1989,4157.183,0.000,4157.299,0.000
1990,0.000,-18005.279,0.000,-18005.250
1991,0.000,-17767.855,0.000,-17767.803
1992,0.000,-15354.129,0.000,-15354.092
1993,2.825,0.000,2.825,0.000
1994,0.000,-19000.957,0.000,-19000.898
1995,0.000,-19095.750,0.000,-19095.697
1996,0.000,-18071.678,0.000,-18071.658
1997,0.000,-16551.189,0.000,-16551.141
1998,0.000,-14152.364,0.000,-14152.322
1999,0.000,-14671.743,0.000,-14671.735
2000,0.000,-14459.676,0.000,-14459.641
2001,0.000,-14314.619,0.000,-14314.584
2002,2.272,0.000,2.272,0.000
2003,0.000,-15903.098,0.000,-15903.037
2004,0.000,-16591.830,0.000,-16591.791
2005,1.172,0.000,1.172,0.000
2006,0.000,-13900.396,0.000,-13900.361
2007,15.649,0.000,15.649,0.000
2008,0.000,-14685.675,0.000,-14685.607
2009,0.000,-18319.102,0.000,-18319.035
2010,0.000,-17824.000,0.000,-17823.988
2011,0.000,-14238.384,0.000,-14238.352
2012,0.000,-12702.561,0.000,-12702.529
2013,0.000,-14913.836,0.000,-14913.803
2014,0.000,-18531.916,0.000,-18531.889
2015,0.000,-20624.516,0.000,-20624.486
2016,0.000,-21070.936,0.000,-21070.896
2017,0.000,-19884.371,0.000,-19884.350
2018,0.000,-18065.336,0.000,-18065.301
2019,0.000,-15242.263,0.000,-15242.234
2020,13.089,0.000,13.089,0.000
2021,0.517,0.000,0.517,0.000
2022,1.141,0.000,1.141,0.000
2023,3.731,0.000,3.733,0.000
2024,0.000,-12258.796,0.000,-12258.741
2025,0.000,-17494.621,0.000,-17494.592
2026,0.000,-21443.480,0.000,-21443.434
2027,0.000,-23104.031,0.000,-23104.014
2028,0.000,-23694.488,0.000,-23694.447
2029,0.000,-22093.428,0.000,-22093.367
2030,0.000,-20590.578,0.000,-20590.549
2031,0.000,-15367.276,0.000,-15367.231
2032,3.342,0.000,3.342,0.000
2033,0.000,-17748.082,0.000,-17748.035
2034,0.000,-18972.107,0.000,-18972.074
2035,0.000,-18532.855,0.000,-18532.809
2036,1.062,0.000,1.062,0.000
2037,0.380,0.000,0.381,0.000
2038,23.400,0.000,23.401,0.000
2039,0.000,-16888.797,0.000,-16888.760
2040,0.000,-15303.293,0.000,-15303.276
2041,0.233,0.000,0.233,0.000
2042,0.502,0.000,0.502,0.000
2043,0.000,-12473.113,0.000,-12473.072
2044,3.130,-0.415,3.130,-0.415
2045,0.782,0.000,0.782,0.000
2046,0.948,0.000,0.948,0.000
2047,0.547,0.000,0.547,0.000
2048,141.487,0.000,141.487,0.000
2049,1.126,0.000,1.126,0.000
2050,0.000,-12248.569,0.000,-12248.540
2051,13.229,0.000,13.229,0.000
2052,8.009,0.000,8.010,0.000
2053,10.145,0.000,10.145,0.000
2054,120.885,0.000,120.887,0.000
2055,23.629,0.000,23.629,0.000
2056,0.000,-9371.582,0.000,-9371.540
2057,0.000,-15769.151,0.000,-15769.133
2058,0.000,-13639.666,0.000,-13639.608
2059,2.044,0.000,2.044,0.000
2060,0.316,0.000,0.317,0.000
2061,66.007,0.000,66.007,0.000
2062,0.000,-18655.717,0.000,-18655.709
2063,0.000,-16316.199,0.000,-16316.147
2064,0.000,-16286.314,0.000,-16286.265
2065,0.000,-15209.982,0.000,-15209.953
2066,0.000,-18295.979,0.000,-18295.938
2067,0.000,-19114.461,0.000,-19114.436
2068,0.000,-20336.227,0.000,-20336.170
2069,0.000,-19488.348,0.000,-19488.314
2070,0.000,-18334.947,0.000,-18334.906
2071,0.000,-18904.752,0.000,-18904.734
2072,0.000,-19123.695,0.000,-19123.668
2073,0.000,-16486.785,0.000,-16486.760
2074,0.000,-18713.230,0.000,-18713.188
2075,0.000,-19813.863,0.000,-19813.805
2076,0.000,-16862.139,0.000,-16862.113
2077,0.133,0.000,0.133,0.000
2078,0.000,-9786.612,0.000,-9786.565
2079,0.000,-10206.544,0.000,-10206.521
2080,0.000,-13050.556,0.000,-13050.515
2081,0.000,-17056.430,0.000,-17056.367
2082,0.000,-18543.275,0.000,-18543.250
2083,0.000,-18154.791,0.000,-18154.760
2084,0.000,-18810.328,0.000,-18810.307
2085,0.000,-19267.035,0.000,-19267.004
2086,0.000,-17858.789,0.000,-17858.764
2087,0.000,-18559.416,0.000,-18559.377
2088,0.000,-17655.682,0.000,-17655.662
2089,0.000,-15240.330,0.000,-15240.291
2090,1.597,0.000,1.597,0.000
2091,0.000,-10205.036,0.000,-10204.966
2092,0.000,-11670.943,0.000,-11670.879
2093,2.329,0.000,2.329,0.000
2094,0.000,-11411.332,0.000,-11411.298
2095,81.038,0.000,81.039,0.000
2096,2.398,0.000,2.398,0.000
2097,0.000,-15714.601,0.000,-15714.571
2098,1.150,0.000,1.151,0.000
2099,0.000,-13672.406,0.000,-13672.395
2100,35.677,0.000,35.681,0.000
2101,1131.194,0.000,1131.204,0.000
2102,9.394,0.000,9.394,0.000
2103,0.000,-12916.151,0.000,-12916.089
2104,30.655,0.000,30.656,0.000
2105,0.000,-17712.605,0.000,-17712.570
2106,0.000,-17233.541,0.000,-17233.508
2107,0.000,-15833.082,0.000,-15833.043
2108,0.000,-13044.357,0.000,-13044.310
2109,2.698,0.000,2.698,0.000
2110,1.902,0.000,1.902,0.000
2111,5.986,0.000,5.986,0.000
2112,26.180,0.000,26.180,0.000
2113,24.491,0.000,24.491,0.000
2114,0.000,-15162.920,0.000,-15162.889
2115,0.781,0.000,0.781,0.000
2116,0.000,-15931.787,0.000,-15931.747
2117,10.731,0.000,10.731,0.000
2118,0.522,0.000,0.522,0.000
2119,2.505,0.000,2.505,0.000
2120,0.072,0.000,0.072,0.000
2121,9.033,0.000,9.033,0.000
2122,0.900,0.000,0.900,0.000
2123,63.492,0.000,63.494,0.000
2124,102.937,0.000,102.939,0.000
2125,3201.908,0.000,3202.016,0.000
2126,22.595,-0.906,22.595,-0.906
2127,9.945,0.000,9.945,0.000
2128,36.644,0.000,36.644,0.000
2129,79.512,0.000,79.515,0.000
2130,0.699,0.000,0.699,0.000
2131,222.415,0.000,222.419,0.000
2132,3462.779,0.000,3462.853,0.000
2133,7253.304,0.000,7253.392,0.000
2134,33.360,0.000,33.362,0.000
2135,0.000,-11357.777,0.000,-11357.767
2136,0.020,0.000,0.020,0.000
2137,10.996,0.000,10.996,0.000
2138,21.298,0.000,21.298,0.000
2139,3196.375,0.000,3196.424,0.000
2140,88.561,0.000,88.562,0.000
2141,0.000,-10905.710,0.000,-10905.697
2142,0.870,0.000,0.870,0.000
2143,4.089,0.000,4.089,0.000
2144,3.954,0.000,3.954,0.000
2145,1.047,0.000,1.047,0.000
2146,8.596,0.000,8.596,0.000
2147,0.000,-15297.737,0.000,-15297.712
2148,0.221,0.000,0.222,0.000
2149,198.285,0.000,198.292,0.000
2150,373.483,0.000,373.497,0.000
2151,21.547,0.000,21.547,0.000
2152,7.669,0.000,7.669,0.000
2153,825.021,0.000,825.033,0.000
2154,0.000,-16613.127,0.000,-16613.100
2155,1789.045,0.000,1789.045,0.000
2156,94.928,0.000,94.932,0.000
2157,0.000,-14086.748,0.000,-14086.712
2158,0.000,-10597.241,0.000,-10597.196
2159,11.014,0.000,11.015,0.000
2160,2498.633,0.000,2498.656,0.000
2161,5641.862,0.000,5641.934,0.000
2162,2.003,-0.598,2.003,-0.598
2163,33.993,-10.350,33.993,-10.349
2164,2.581,-0.054,2.581,-0.054
2165,0.000,-13222.663,0.000,-13222.631
2166,0.000,-13417.877,0.000,-13417.835
2167,0.000,-10326.808,0.000,-10326.794
2168,4.946,0.000,4.946,0.000
2169,4.142,0.000,4.143,0.000
2170,0.000,-13167.393,0.000,-13167.324
2171,98.184,0.000,98.185,0.000
2172,88.367,0.000,88.371,0.000
2173,21.081,0.000,21.081,0.000
2174,0.000,-15991.158,0.000,-15991.091
2175,0.000,-15295.249,0.000,-15295.207
2176,0.000,-14053.412,0.000,-14053.390
2177,2546.663,0.000,2546.697,0.000
2178,0.000,-14099.177,0.000,-14099.147
2179,0.000,-13426.552,0.000,-13426.528
2180,0.000,-12495.903,0.000,-12495.835
2181,2.538,0.000,2.538,0.000
2182,1.592,-0.950,1.592,-0.950
2183,4039.365,0.000,4039.388,0.000
2184,23.891,0.000,23.893,0.000
2185,80.091,0.000,80.093,0.000
2186,0.054,0.000,0.054,0.000
2187,0.000,-8506.391,0.000,-8506.341
2188,283.727,0.000,283.742,0.000
2189,788.958,0.000,788.989,0.000
2190,2760.941,0.000,2760.994,0.000
2191,550.742,0.000,550.753,0.000
2192,0.530,0.000,0.530,0.000
2193,1626.725,0.000,1626.745,0.000
2194,8.669,0.000,8.669,0.000
2195,0.444,0.000,0.444,0.000
2196,4.992,0.000,4.992,0.000
2197,404.741,0.000,404.746,0.000
2198,3795.444,0.000,3795.483,0.000
2199,2088.468,0.000,2088.494,0.000
2200,231.597,0.000,231.607,0.000
2201,20.149,0.000,20.151,0.000
2202,0.000,-13077.663,0.000,-13077.649
2203,1.992,0.000,1.992,0.000
2204,0.000,-8139.954,0.000,-8139.883
2205,0.000,-9940.059,0.000,-9939.994
2206,0.000,-10654.932,0.000,-10654.875
2207,0.999,0.000,0.999,0.000
2208,126.455,0.000,126.459,0.000
2209,6224.232,0.000,6224.278,0.000
2210,238.002,0.000,238.010,0.000
2211,112.301,0.000,112.312,0.000
2212,89.679,0.000,89.679,0.000
2213,0.000,-7234.530,0.000,-7234.493
2214,5.176,0.000,5.176,0.000
2215,1379.387,0.000,1379.434,0.000
2216,100.408,0.000,100.414,0.000
2217,18.858,0.000,18.858,0.000
2218,719.475,0.000,719.480,0.000
2219,1749.738,0.000,1749.752,0.000
2220,2375.879,0.000,2375.880,0.000
2221,0.000,-12652.990,0.000,-12652.928
2222,6.366,0.000,6.367,0.000
2223,37.493,0.000,37.494,0.000
2224,177.425,0.000,177.427,0.000
2225,0.575,0.000,0.575,0.000
2226,6.061,-58.950,6.062,-58.947
2227,0.899,0.000,0.899,0.000
2228,0.000,-13127.635,0.000,-13127.603
2229,24.693,0.000,24.695,0.000
2230,68.748,0.000,68.748,0.000
2231,0.000,-8439.600,0.000,-8439.547
2232,9860.998,0.000,9861.068,0.000
2233,16.771,0.000,16.775,0.000
2234,7542.103,0.000,7542.142,0.000
2235,310.449,0.000,310.486,0.000
2236,11120.772,0.000,11120.798,0.000
2237,2039.931,0.000,2039.953,0.000
2238,92.934,0.000,92.934,0.000
2239,243.627,0.000,243.628,0.000
2240,453.330,0.000,453.339,0.000
2241,933.765,0.000,933.798,0.000
2242,11052.560,0.000,11052.594,0.000
2243,95.386,0.000,95.385,0.000
2244,615.036,0.000,615.048,0.000
2245,1330.989,0.000,1331.005,0.000
2246,15588.896,0.000,15588.983,0.000
2247,813.290,0.000,813.302,0.000
2248,12887.003,0.000,12887.029,0.000
2249,4871.586,0.000,4871.595,0.000
2250,11797.460,0.000,11797.538,0.000
2251,4015.218,0.000,4015.244,0.000
2252,11783.771,0.000,11783.962,0.000
2253,3833.933,0.000,3833.996,0.000
2254,2317.121,0.000,2317.160,0.000
2255,156.806,0.000,156.808,0.000
2256,0.000,-12933.309,0.000,-12933.280
2257,0.000,-9862.313,0.000,-9862.274
2258,6.171,0.000,6.171,0.000
2259,7.327,0.000,7.328,0.000
2260,635.711,0.000,635.713,0.000
2261,20.114,0.000,20.113,0.000
2262,510.792,0.000,510.795,0.000
2263,0.000,-8633.739,0.000,-8633.701
2264,13.662,0.000,13.662,0.000
2265,21.317,0.000,21.317,0.000
2266,0.000,-10548.827,0.000,-10548.777
2267,3.131,0.000,3.131,0.000
2268,2999.784,0.000,2999.800,0.000
2269,72.811,0.000,72.813,0.000
2270,3070.102,0.000,3070.114,0.000
2271,566.991,0.000,567.007,0.000
2272,3328.128,0.000,3328.141,0.000
2273,939.883,0.000,939.884,0.000
2274,4447.586,0.000,4447.626,0.000
2275,1385.265,0.000,1385.295,0.000
2276,4275.526,0.000,4275.578,0.000
2277,200.150,-38.042,200.154,-38.042
2278,1180.656,0.000,1180.669,0.000
2279,0.000,-11162.473,0.000,-11162.433
2280,1180.857,0.000,1180.886,0.000
2281,766.576,0.000,766.587,0.000
2282,1566.803,0.000,1566.814,0.000
2283,3590.820,0.000,3590.874,0.000
2284,167.448,0.000,167.447,0.000
2285,2979.646,0.000,2979.688,0.000
2286,7884.223,0.000,7884.274,0.000
2287,63.946,0.000,63.949,0.000
2288,8487.866,0.000,8487.886,0.000
2289,5112.334,0.000,5112.372,0.000
2290,1191.759,-201.783,1191.785,-201.783
2291,46.920,0.000,46.920,0.000
2292,622.321,0.000,622.331,0.000
2293,1103.392,-17.482,1103.394,-17.482
2294,6364.804,0.000,6364.884,0.000
2295,2991.029,0.000,2991.047,0.000
2296,6729.502,0.000,6729.506,0.000
2297,716.739,0.000,716.754,0.000
2298,4279.935,0.000,4280.011,0.000
2299,1135.958,-0.058,1135.990,-0.058
2300,4018.951,0.000,4019.002,0.000
2301,1172.198,0.000,1172.232,0.000
2302,3301.817,0.000,3301.820,0.000
2303,19.245,0.000,19.247,0.000
2304,1830.651,0.000,1830.683,0.000
2305,512.489,0.000,512.494,0.000
2306,10531.090,0.000,10531.119,0.000
2307,815.029,0.000,815.038,0.000
2308,272.814,0.000,272.823,0.000
2309,43.933,0.000,43.935,0.000
2310,218.820,0.000,218.825,0.000
2311,349.180,-7.569,349.190,-7.568
2312,475.066,0.000,475.074,0.000
2313,120.097,0.000,120.109,0.000
2314,2353.494,0.000,2353.524,0.000
2315,1897.383,0.000,1897.411,0.000
2316,2933.426,0.000,2933.445,0.000
2317,6030.780,0.000,6030.884,0.000
2318,772.027,-0.619,772.063,-0.619
2319,5790.219,0.000,5790.426,0.000
2320,2730.204,-0.099,2730.234,-0.099
2321,6022.666,0.000,6022.726,0.000
2322,3961.971,-0.896,3962.055,-0.896
2323,12421.350,0.000,12421.367,0.000
2324,697.938,0.000,697.946,0.000
2325,9304.068,0.000,9304.207,0.000
2326,6591.926,0.000,6592.083,0.000
2327,17916.279,0.000,17916.352,0.000
2328,8684.851,0.000,8684.871,0.000
2329,16408.814,0.000,16408.887,0.000
2330,517.767,0.000,517.777,0.000
2331,992.205,0.000,992.219,0.000
2332,67.519,0.000,67.526,0.000
2333,220.556,-14.402,220.559,-14.402
2334,447.157,-0.699,447.169,-0.699
2335,56.393,0.000,56.401,0.000
2336,184.489,0.000,184.494,0.000
2337,14.963,0.000,14.963,0.000
2338,340.351,0.000,340.365,0.000
2339,1088.313,-49.661,1088.367,-49.656
2340,2917.516,0.000,2917.542,0.000
2341,5777.986,0.000,5778.018,0.000
2342,7411.757,0.000,7411.820,0.000
2343,2964.831,0.000,2964.832,0.000
2344,6570.002,0.000,6570.018,0.000
2345,3601.514,0.000,3601.525,0.000
2346,9869.106,0.000,9869.282,0.000
2347,4092.237,-1.286,4092.292,-1.286
2348,12198.017,0.000,12198.043,0.000
2349,4804.035,0.000,4804.129,0.000
2350,13759.254,0.000,13759.288,0.000
2351,4908.008,0.000,4908.039,0.000
2352,11470.486,0.000,11470.521,0.000
2353,391.506,0.000,391.551,0.000
2354,5193.829,0.000,5193.877,0.000
2355,1464.576,0.000,1464.684,0.000
2356,8177.884,0.000,8177.920,0.000
2357,2451.415,0.000,2451.449,0.000
2358,10059.679,0.000,10059.747,0.000
2359,1884.883,0.000,1884.927,0.000
2360,8019.586,0.000,8019.646,0.000
2361,1541.840,-1.434,1541.875,-1.434
2362,9161.384,0.000,9161.389,0.000
2363,2788.733,0.000,2788.787,0.000
2364,5971.578,0.000,5971.599,0.000
2365,1383.391,0.000,1383.397,0.000
2366,9628.407,0.000,9628.411,0.000
2367,745.485,0.000,745.507,0.000
2368,4123.961,0.000,4123.986,0.000
2369,2216.323,0.000,2216.355,0.000
2370,9865.505,0.000,9865.558,0.000
2371,3119.369,0.000,3119.383,0.000
2372,11823.864,0.000,11823.962,0.000
2373,5929.459,0.000,5929.490,0.000
2374,3729.917,0.000,3729.952,0.000
2375,442.237,0.000,442.251,0.000
2376,0.988,0.000,0.988,0.000
2377,3447.289,0.000,3447.346,0.000
2378,246.025,0.000,246.038,0.000
2379,1062.903,0.000,1062.904,0.000
2380,878.351,0.000,878.373,0.000
2381,4061.952,0.000,4062.002,0.000
2382,314.076,0.000,314.084,0.000
2383,5864.114,0.000,5864.255,0.000
2384,738.822,0.000,738.838,0.000
2385,4739.027,0.000,4739.110,0.000
2386,2692.838,0.000,2692.891,0.000
2387,11036.768,0.000,11036.972,0.000
2388,3003.531,0.000,3003.535,0.000
2389,3101.938,0.000,3102.050,0.000
2390,603.159,0.000,603.162,0.000
2391,7753.439,0.000,7753.502,0.000
2392,1997.953,0.000,1997.994,0.000
2393,8456.373,0.000,8456.426,0.000
2394,3256.005,0.000,3256.041,0.000
2395,10171.240,0.000,10171.392,0.000
2396,5251.323,0.000,5251.353,0.000
2397,13569.610,0.000,13569.655,0.000
2398,1973.115,0.000,1973.163,0.000
2399,9347.923,0.000,9347.962,0.000
2400,1646.402,0.000,1646.446,0.000
2401,10209.502,0.000,10209.573,0.000
2402,696.936,0.000,696.985,0.000
2403,6213.702,0.000,6213.730,0.000
2404,0.085,0.000,0.085,0.000
2405,5273.203,0.000,5273.224,0.000
2406,826.084,-0.149,826.126,-0.149
2407,4609.723,0.000,4609.801,0.000
2408,1348.612,0.000,1348.647,0.000
2409,5032.347,0.000,5032.394,0.000
2410,60.869,0.000,60.869,0.000
2411,3928.543,0.000,3928.605,0.000
2412,138.699,0.000,138.705,0.000
2413,4382.791,0.000,4382.822,0.000
2414,125.394,0.000,125.400,0.000
2415,6483.326,0.000,6483.347,0.000
2416,725.236,0.000,725.271,0.000
2417,7093.940,0.000,7094.021,0.000
2418,3034.870,0.000,3034.954,0.000
2419,9199.588,0.000,9199.647,0.000
2420,5831.161,0.000,5831.167,0.000
2421,10652.721,0.000,10652.788,0.000
2422,4204.348,0.000,4204.390,0.000
2423,7199.823,0.000,7199.853,0.000
2424,4132.913,0.000,4132.968,0.000
2425,6954.408,0.000,6954.442,0.000
2426,604.980,0.000,604.987,0.000
2427,5562.412,0.000,5562.488,0.000
2428,1639.297,0.000,1639.368,0.000
2429,6432.461,0.000,6432.572,0.000
2430,764.572,0.000,764.653,0.000
2431,6961.396,0.000,6961.451,0.000
2432,1800.650,0.000,1800.723,0.000
2433,3013.377,0.000,3013.412,0.000
2434,5583.709,0.000,5583.749,0.000
2435,6415.632,0.000,6415.713,0.000
2436,7424.800,0.000,7424.889,0.000
2437,2131.816,0.000,2131.835,0.000
2438,1638.251,-16.944,1638.286,-16.944
2439,772.537,0.000,772.580,0.000
2440,5586.687,0.000,5586.751,0.000
2441,2624.768,0.000,2624.835,0.000
2442,8609.821,0.000,8609.964,0.000
2443,1624.296,0.000,1624.333,0.000
2444,7713.153,0.000,7713.211,0.000
2445,1237.325,0.000,1237.343,0.000
2446,7528.318,0.000,7528.480,0.000
2447,3274.146,0.000,3274.223,0.000
2448,6432.430,0.000,6432.502,0.000
2449,62.147,0.000,62.153,0.000
2450,1859.802,0.000,1859.842,0.000
2451,377.689,0.000,377.696,0.000
2452,2421.356,0.000,2421.383,0.000
2453,2.400,0.000,2.400,0.000
2454,3635.246,0.000,3635.264,0.000
2455,414.808,-17.167,414.831,-17.166
2456,4844.511,0.000,4844.547,0.000
2457,1075.649,0.000,1075.667,0.000
2458,5431.744,0.000,5431.786,0.000
2459,970.020,0.000,970.051,0.000
2460,7023.621,0.000,7023.639,0.000
2461,2338.767,0.000,2338.784,0.000
2462,5527.212,0.000,5527.271,0.000
2463,246.562,0.000,246.581,0.000
2464,5385.429,0.000,5385.433,0.000
2465,447.068,0.000,447.072,0.000
2466,5528.259,0.000,5528.373,0.000
2467,1129.441,0.000,1129.459,0.000
2468,5394.224,0.000,5394.334,0.000
2469,2449.705,0.000,2449.766,0.000
2470,4011.033,0.000,4011.104,0.000
2471,12.344,0.000,12.344,0.000
2472,1325.831,0.000,1325.837,0.000
2473,14.243,0.000,14.243,0.000
2474,0.174,0.000,0.174,0.000
2475,0.000,-13865.839,0.000,-13865.774
2476,1.581,0.000,1.581,0.000
2477,3.530,0.000,3.530,0.000
2478,839.712,0.000,839.712,0.000
2479,2.808,0.000,2.808,0.000
2480,70.697,0.000,70.700,0.000
2481,323.010,0.000,323.037,0.000
2482,976.420,0.000,976.438,0.000
2483,2275.672,0.000,2275.725,0.000
2484,1091.242,0.000,1091.336,0.000
2485,79.388,0.000,79.393,0.000
2486,4196.349,0.000,4196.360,0.000
2487,119.399,0.000,119.420,0.000
2488,5101.059,0.000,5101.123,0.000
2489,4255.715,0.000,4255.732,0.000
2490,3715.552,0.000,3715.597,0.000
2491,3778.816,0.000,3778.881,0.000
2492,5051.652,0.000,5051.673,0.000
2493,5925.085,0.000,5925.202,0.000
2494,5172.116,0.000,5172.211,0.000
2495,7797.848,0.000,7797.910,0.000
2496,7370.417,0.000,7370.434,0.000
2497,13177.575,0.000,13177.667,0.000
2498,5095.657,0.000,5095.684,0.000
2499,6831.866,0.000,6831.949,0.000
2500,1278.461,0.000,1278.481,0.000
2501,4275.443,0.000,4275.458,0.000
2502,884.738,0.000,884.806,0.000
2503,2258.489,0.000,2258.535,0.000
2504,166.654,0.000,166.665,0.000
2505,3086.571,0.000,3086.689,0.000
2506,1242.278,0.000,1242.292,0.000
2507,3008.749,-11.695,3008.884,-11.694
2508,1099.952,0.000,1099.959,0.000
2509,4780.859,0.000,4780.919,0.000
2510,1364.002,0.000,1364.052,0.000
2511,4213.439,0.000,4213.560,0.000
2512,319.296,0.000,319.306,0.000
2513,4362.200,0.000,4362.243,0.000
2514,646.253,0.000,646.259,0.000
2515,8212.811,0.000,8212.818,0.000
2516,266.055,0.000,266.110,0.000
2517,5257.671,0.000,5257.689,0.000
2518,3801.467,0.000,3801.578,0.000
2519,810.005,0.000,810.012,0.000
2520,1192.966,0.000,1192.967,0.000
2521,1211.058,0.000,1211.071,0.000
2522,4466.485,0.000,4466.518,0.000
2523,8473.518,0.000,8473.604,0.000
2524,5867.288,0.000,5867.302,0.000
2525,4259.524,-3.418,4259.526,-3.418
2526,3510.429,0.000,3510.482,0.000
2527,6380.994,0.000,6381.091,0.000
2528,5165.367,0.000,5165.435,0.000
2529,9376.733,0.000,9376.834,0.000
2530,5498.993,0.000,5499.083,0.000
2531,12149.070,0.000,12149.105,0.000
2532,5417.410,0.000,5417.470,0.000
2533,12639.045,0.000,12639.050,0.000
2534,1270.422,0.000,1270.456,0.000
2535,118.160,0.000,118.162,0.000
2536,64.021,0.000,64.023,0.000
2537,69.099,0.000,69.104,0.000
2538,93.529,0.000,93.531,0.000
2539,0.000,-10582.433,0.000,-10582.390
2540,2.109,0.000,2.109,0.000
2541,3.600,0.000,3.600,0.000
2542,48.391,0.000,48.394,0.000
2543,867.678,0.000,867.701,0.000
2544,618.047,0.000,618.073,0.000
2545,895.668,0.000,895.710,0.000
2546,833.758,0.000,833.765,0.000
2547,2354.268,0.000,2354.297,0.000
2548,277.904,0.000,277.905,0.000
2549,8.615,0.000,8.616,0.000
2550,84.472,0.000,84.472,0.000
2551,0.000,-9007.542,0.000,-9007.514
2552,2.719,0.000,2.719,0.000
2553,33.683,0.000,33.683,0.000
2554,597.086,0.000,597.101,0.000
2555,441.790,0.000,441.811,0.000
2556,200.852,0.000,200.852,0.000
2557,2326.468,0.000,2326.515,0.000
2558,1524.376,0.000,1524.419,0.000
2559,0.060,0.000,0.060,0.000
2560,0.000,-14994.121,0.000,-14994.070
2561,0.000,-11098.336,0.000,-11098.303
2562,172.920,0.000,172.920,0.000
2563,6.564,0.000,6.565,0.000
2564,0.000,-15037.160,0.000,-15037.109
2565,0.000,-13713.463,0.000,-13713.430
2566,0.341,0.000,0.341,0.000
2567,0.000,-14294.040,0.000,-14293.999
2568,0.625,0.000,0.625,0.000
2569,6.399,0.000,6.399,0.000
2570,0.000,-10793.975,0.000,-10793.906
2571,1.232,0.000,1.232,0.000
2572,82.339,0.000,82.341,0.000
2573,29.374,0.000,29.374,0.000
2574,39.328,0.000,39.328,0.000
2575,0.515,0.000,0.515,0.000
2576,5.362,0.000,5.362,0.000
2577,8.637,0.000,8.638,0.000
2578,0.000,-9184.184,0.000,-9184.108
2579,0.377,0.000,0.377,0.000
2580,1.837,0.000,1.837,0.000
2581,8.427,0.000,8.427,0.000
2582,0.000,-11434.578,0.000,-11434.518
2583,0.000,-13128.608,0.000,-13128.573
2584,2.715,0.000,2.715,0.000
2585,0.000,-15192.330,0.000,-15192.293
2586,9.585,0.000,9.585,0.000
2587,0.000,-10453.369,0.000,-10453.330
2588,16.666,0.000,16.666,0.000
2589,155.328,0.000,155.333,0.000
2590,176.109,0.000,176.111,0.000
2591,0.182,0.000,0.182,0.000
2592,0.808,0.000,0.808,0.000
2593,228.149,0.000,228.159,0.000
2594,16.090,0.000,16.090,0.000
2595,0.275,0.000,0.275,0.000
2596,0.737,-1.117,0.737,-1.117
2597,313.947,0.000,313.952,0.000
2598,197.057,0.000,197.057,0.000
2599,0.000,-10626.632,0.000,-10626.583
2600,0.000,-11092.514,0.000,-11092.470
2601,0.000,-14523.865,0.000,-14523.841
2602,0.000,-18413.326,0.000,-18413.295
2603,0.000,-16926.682,0.000,-16926.658
2604,0.000,-13947.160,0.000,-13947.115
2605,0.432,0.000,0.432,0.000
2606,2.365,0.000,2.365,0.000
2607,1.239,0.000,1.239,0.000
2608,30.844,0.000,30.845,0.000
2609,0.000,-11231.851,0.000,-11231.811
2610,32.270,0.000,32.270,0.000
2611,11.774,0.000,11.775,0.000
2612,351.862,0.000,351.874,0.000
2613,2163.796,0.000,2163.813,0.000
2614,0.718,0.000,0.718,0.000
2615,149.965,0.000,149.976,0.000
2616,0.000,-14010.818,0.000,-14010.784
2617,0.691,0.000,0.691,0.000
2618,0.468,0.000,0.468,0.000
2619,0.000,-9209.144,0.000,-9209.127
2620,0.000,-10650.000,0.000,-10649.991
2621,0.511,0.000,0.511,0.000
2622,15.040,0.000,15.040,0.000
2623,86.729,0.000,86.732,0.000
2624,21.885,0.000,21.885,0.000
2625,0.178,0.000,0.178,0.000
2626,2.157,0.000,2.157,0.000
2627,4.559,0.000,4.559,0.000
2628,12.656,0.000,12.656,0.000
2629,0.656,0.000,0.656,0.000
2630,0.000,-10569.654,0.000,-10569.622
2631,115.231,0.000,115.236,0.000
2632,0.000,-9779.283,0.000,-9779.235
2633,3.150,0.000,3.149,0.000
2634,95.168,0.000,95.170,0.000
2635,0.000,-17185.348,0.000,-17185.312
2636,0.000,-16653.545,0.000,-16653.496
2637,0.000,-18076.566,0.000,-18076.527
2638,1.065,0.000,1.065,0.000
2639,0.000,-15645.215,0.000,-15645.160
2640,5.436,0.000,5.436,0.000
2641,0.000,-12719.785,0.000,-12719.753
2642,0.000,-16087.144,0.000,-16087.111
2643,0.000,-17208.377,0.000,-17208.332
2644,0.000,-13622.127,0.000,-13622.054
2645,0.000,-15914.953,0.000,-15914.880
2646,0.000,-17074.260,0.000,-17074.229
2647,0.511,0.000,0.511,0.000
2648,0.000,-12226.344,0.000,-12226.336
2649,0.000,-12650.770,0.000,-12650.741
2650,0.000,-17728.230,0.000,-17728.186
2651,0.000,-15698.147,0.000,-15698.101
2652,0.000,-15302.507,0.000,-15302.466
2653,0.000,-15297.172,0.000,-15297.120
2654,0.011,0.000,0.011,0.000
2655,5.085,0.000,5.085,0.000
2656,0.000,-14019.020,0.000,-14018.993
2657,7.217,0.000,7.218,0.000
2658,0.000,-15018.386,0.000,-15018.358
2659,0.000,-15241.287,0.000,-15241.225
2660,0.000,-12665.093,0.000,-12665.064
2661,1.326,0.000,1.326,0.000
2662,0.000,-9416.137,0.000,-9416.075
2663,0.000,-14729.243,0.000,-14729.173
2664,9.752,0.000,9.752,0.000
2665,0.000,-14238.299,0.000,-14238.266
2666,0.000,-15045.895,0.000,-15045.866
2667,0.025,0.000,0.025,0.000
2668,0.000,-14899.920,0.000,-14899.868
2669,0.000,-15839.910,0.000,-15839.886
2670,0.000,-19727.779,0.000,-19727.748
2671,0.000,-17224.072,0.000,-17224.041
2672,12.600,0.000,12.600,0.000
2673,0.000,-8160.453,0.000,-8160.425
2674,6.695,0.000,6.695,0.000
2675,622.155,0.000,622.159,0.000
2676,20.425,0.000,20.425,0.000
2677,55.856,0.000,55.856,0.000
2678,0.173,0.000,0.173,0.000
2679,0.376,0.000,0.376,0.000
2680,0.237,0.000,0.237,0.000
2681,84.532,0.000,84.542,0.000
2682,6.105,0.000,6.105,0.000
2683,2.321,0.000,2.321,0.000
2684,12.416,0.000,12.416,0.000
2685,3.378,0.000,3.378,0.000
2686,2.927,0.000,2.927,0.000
2687,33.462,0.000,33.463,0.000
2688,52.455,0.000,52.455,0.000
2689,0.124,0.000,0.124,0.000
2690,215.112,0.000,215.128,0.000
2691,455.831,0.000,455.859,0.000
2692,31.299,0.000,31.300,0.000
2693,1121.104,0.000,1121.113,0.000
2694,517.515,0.000,517.515,0.000
2695,39.124,0.000,39.125,0.000
2696,103.601,0.000,103.602,0.000
2697,316.546,0.000,316.547,0.000
2698,75.490,0.000,75.492,0.000
2699,0.000,-12949.554,0.000,-12949.492
2700,0.875,-2.480,0.875,-2.480
2701,0.000,-13959.072,0.000,-13959.046
2702,0.000,-10383.648,0.000,-10383.600
2703,0.896,0.000,0.896,0.000
2704,0.000,-9532.236,0.000,-9532.196
2705,44.572,0.000,44.572,0.000
2706,0.000,-11245.540,0.000,-11245.498
2707,0.591,0.000,0.591,0.000
2708,1.488,0.000,1.488,0.000
2709,0.000,-12023.552,0.000,-12023.520
2710,0.000,-11578.263,0.000,-11578.228
2711,0.310,0.000,0.310,0.000
2712,0.000,-10381.221,0.000,-10381.205
2713,484.478,0.000,484.478,0.000
2714,200.095,0.000,200.095,0.000
2715,0.489,0.000,0.489,0.000
2716,32.506,0.000,32.506,0.000
2717,1.407,0.000,1.406,0.000
2718,0.000,-13308.004,0.000,-13307.975
2719,1.814,0.000,1.814,0.000
2720,117.039,0.000,117.043,0.000
2721,0.000,-11925.461,0.000,-11925.434
2722,14.526,0.000,14.526,0.000
2723,1.654,0.000,1.653,0.000
2724,10.669,-0.026,10.670,-0.026
2725,0.033,0.000,0.033,0.000
2726,0.000,-15438.594,0.000,-15438.582
2727,0.000,-10221.680,0.000,-10221.638
2728,169.177,0.000,169.182,0.000
2729,0.000,-8215.292,0.000,-8215.268
2730,702.774,0.000,702.775,0.000
2731,55.427,0.000,55.428,0.000
2732,0.000,-17908.051,0.000,-17908.002
2733,1.167,0.000,1.167,0.000
2734,0.666,0.000,0.666,0.000
2735,20.226,0.000,20.227,0.000
2736,8.904,0.000,8.905,0.000
2737,0.000,-19816.275,0.000,-19816.250
2738,3.104,0.000,3.104,0.000
2739,0.044,0.000,0.044,0.000
2740,0.000,-16665.393,0.000,-16665.371
2741,0.000,-16314.291,0.000,-16314.271
2742,0.000,-20328.793,0.000,-20328.775
2743,0.000,-19010.957,0.000,-19010.936
2744,0.000,-16992.426,0.000,-16992.381
2745,0.000,-15758.592,0.000,-15758.542
2746,0.000,-15812.358,0.000,-15812.334
2747,0.000,-18185.867,0.000,-18185.832
2748,0.000,-20658.941,0.000,-20658.916
2749,0.000,-21433.688,0.000,-21433.648
2750,0.000,-23738.652,0.000,-23738.611
2751,0.000,-19677.104,0.000,-19677.059
2752,0.000,-19092.223,0.000,-19092.174
2753,0.000,-20613.836,0.000,-20613.797
2754,0.000,-22678.945,0.000,-22678.912
2755,0.000,-18245.375,0.000,-18245.338
2756,0.000,-14703.885,0.000,-14703.838
2757,0.000,-16817.324,0.000,-16817.297
2758,0.000,-15733.404,0.000,-15733.369
2759,0.000,-14476.404,0.000,-14476.363
2760,0.000,-16653.834,0.000,-16653.781
2761,0.000,-14847.071,0.000,-14847.027
2762,0.000,-16211.616,0.000,-16211.566
2763,0.000,-17753.699,0.000,-17753.682
2764,0.000,-15343.814,0.000,-15343.762
2765,0.000,-13972.839,0.000,-13972.809
2766,2.483,0.000,2.483,0.000
2767,0.000,-11970.185,0.000,-11970.169
2768,1.484,0.000,1.484,0.000
2769,0.890,0.000,0.890,0.000
2770,0.000,-12479.284,0.000,-12479.266
2771,0.844,0.000,0.844,0.000
2772,0.133,0.000,0.133,0.000
2773,0.000,-13761.150,0.000,-13761.137
2774,1.920,0.000,1.921,0.000
2775,0.000,-9708.846,0.000,-9708.830
2776,44.051,-0.140,44.053,-0.140
2777,16.182,0.000,16.182,0.000
2778,0.000,-12029.832,0.000,-12029.792
2779,17.345,0.000,17.346,0.000
2780,21.639,-3.043,21.640,-3.043
2781,16.887,0.000,16.895,0.000
2782,5.295,0.000,5.295,0.000
2783,69.314,0.000,69.314,0.000
2784,116.047,0.000,116.050,0.000
2785,4.140,0.000,4.140,0.000
2786,17.637,0.000,17.637,0.000
2787,13.413,0.000,13.414,0.000
2788,0.000,-14138.856,0.000,-14138.812
2789,26.831,0.000,26.831,0.000
2790,0.456,0.000,0.456,0.000
2791,5.169,0.000,5.169,0.000
2792,7.205,0.000,7.205,0.000
2793,18.502,0.000,18.502,0.000
2794,59.055,0.000,59.055,0.000
2795,10.767,0.000,10.768,0.000
2796,4.721,0.000,4.721,0.000
2797,39.156,0.000,39.157,0.000
2798,50.720,0.000,50.720,0.000
2799,883.328,0.000,883.358,0.000
2800,64.564,0.000,64.569,0.000
2801,0.000,-14921.139,0.000,-14921.109
2802,0.937,-0.543,0.938,-0.543
2803,0.000,-13762.026,0.000,-13761.942
2804,0.000,-13385.180,0.000,-13385.141
2805,0.000,-13380.305,0.000,-13380.271
2806,0.000,-15240.166,0.000,-15240.133
2807,0.000,-18043.486,0.000,-18043.457
2808,0.000,-16770.824,0.000,-16770.809
2809,0.000,-16398.734,0.000,-16398.719
2810,0.000,-13982.037,0.000,-13982.021
2811,0.000,-12284.557,0.000,-12284.499
2812,27.186,0.000,27.192,0.000
2813,2.590,0.000,2.590,0.000
2814,0.000,-15028.400,0.000,-15028.341
2815,0.000,-14168.361,0.000,-14168.339
2816,2.085,0.000,2.085,0.000
2817,5.871,0.000,5.872,0.000
2818,0.000,-13308.109,0.000,-13308.061
2819,0.233,0.000,0.233,0.000
2820,0.000,-14189.614,0.000,-14189.586
2821,0.000,-17363.199,0.000,-17363.146
2822,0.000,-15335.803,0.000,-15335.768
2823,6.841,0.000,6.841,0.000
2824,0.000,-10354.459,0.000,-10354.415
2825,86.208,0.000,86.210,0.000
2826,0.000,-11163.883,0.000,-11163.852
2827,17.740,0.000,17.742,0.000
2828,28.597,0.000,28.598,0.000
2829,169.302,0.000,169.303,0.000
2830,42.746,0.000,42.748,0.000
2831,35.991,0.000,35.992,0.000
2832,26.252,0.000,26.252,0.000
2833,535.839,0.000,535.844,0.000
2834,40.952,-0.346,40.952,-0.346
2835,9.573,0.000,9.573,0.000
2836,0.763,0.000,0.763,0.000
2837,744.092,0.000,744.114,0.000
2838,36.526,0.000,36.525,0.000
2839,64.674,0.000,64.677,0.000
2840,0.000,-9011.297,0.000,-9011.253
2841,0.000,-16332.760,0.000,-16332.721
2842,817.583,0.000,817.600,0.000
2843,0.064,0.000,0.064,0.000
2844,0.000,-11068.138,0.000,-11068.095
2845,38.079,0.000,38.082,0.000
2846,4.294,0.000,4.294,0.000
2847,0.000,-14850.715,0.000,-14850.647
2848,0.000,-14106.632,0.000,-14106.599
2849,0.000,-17425.396,0.000,-17425.361
2850,0.385,0.000,0.385,0.000
2851,0.000,-21534.244,0.000,-21534.213
2852,0.000,-18312.811,0.000,-18312.781
2853,0.000,-11427.572,0.000,-11427.508
2854,245.610,0.000,245.621,0.000
2855,139.372,0.000,139.376,0.000
2856,34.449,0.000,34.450,0.000
2857,77.798,0.000,77.800,0.000
2858,10.902,0.000,10.903,0.000
2859,62.002,0.000,62.003,0.000
2860,1646.305,0.000,1646.309,0.000
2861,2.899,0.000,2.899,0.000
2862,0.000,-15905.758,0.000,-15905.687
2863,3.470,0.000,3.470,0.000
2864,0.556,0.000,0.556,0.000
2865,5.905,0.000,5.905,0.000
2866,11.518,0.000,11.518,0.000
2867,4.778,0.000,4.778,0.000
2868,206.746,0.000,206.759,0.000
2869,5.986,0.000,5.986,0.000
2870,0.000,-13097.262,0.000,-13097.241
2871,0.656,0.000,0.656,0.000
2872,1.089,0.000,1.089,0.000
2873,0.000,-12404.616,0.000,-12404.585
2874,116.962,0.000,116.962,0.000
2875,117.601,0.000,117.601,0.000
2876,5677.259,0.000,5677.264,0.000
2877,698.499,0.000,698.503,0.000
2878,3606.065,0.000,3606.068,0.000
2879,999.267,0.000,999.289,0.000
2880,1.134,0.000,1.134,0.000
2881,0.000,-11050.800,0.000,-11050.742
2882,0.000,-7679.235,0.000,-7679.154
2883,0.000,-6686.784,0.000,-6686.728
2884,0.000,-9387.065,0.000,-9387.030
2885,616.217,0.000,616.224,0.000
2886,115.569,0.000,115.570,0.000
2887,9.448,0.000,9.448,0.000
2888,0.000,-13948.542,0.000,-13948.511
2889,0.196,0.000,0.196,0.000
2890,1257.034,0.000,1257.052,0.000
2891,0.000,-15642.839,0.000,-15642.821
2892,0.000,-15415.912,0.000,-15415.890
2893,0.000,-12745.788,0.000,-12745.742
2894,2.626,0.000,2.625,0.000
2895,1311.073,0.000,1311.079,0.000
2896,0.235,0.000,0.235,0.000
2897,0.000,-9898.305,0.000,-9898.289
2898,3.744,0.000,3.744,0.000
2899,2.069,0.000,2.069,0.000
2900,14.517,-9.996,14.519,-9.995
2901,515.894,0.000,515.943,0.000
2902,4385.896,0.000,4385.956,0.000
2903,11448.203,0.000,11448.272,0.000
2904,3174.008,-1.196,3174.069,-1.196
2905,3056.455,0.000,3056.496,0.000
2906,447.572,0.000,447.592,0.000
2907,1836.432,0.000,1836.503,0.000
2908,27.256,0.000,27.256,0.000
2909,5280.035,0.000,5280.061,0.000
2910,1588.534,0.000,1588.567,0.000
2911,9484.769,0.000,9484.881,0.000
2912,2855.698,-59.544,2855.762,-59.544
2913,3.007,0.000,3.007,0.000
2914,0.000,-15343.067,0.000,-15343.032
2915,17.693,0.000,17.694,0.000
2916,0.000,-14101.302,0.000,-14101.272
2917,0.532,0.000,0.532,0.000
2918,319.545,0.000,319.551,0.000
2919,1.927,0.000,1.927,0.000
2920,120.622,0.000,120.627,0.000
2921,796.752,0.000,796.770,0.000
2922,14318.705,0.000,14318.716,0.000
2923,806.832,0.000,806.856,0.000
2924,3444.524,-4.413,3444.573,-4.413
2925,97.261,0.000,97.270,0.000
2926,2.414,-0.205,2.414,-0.205
2927,0.096,0.000,0.096,0.000
2928,7.221,-1.665,7.221,-1.665
2929,87.754,0.000,87.758,0.000
2930,9.098,0.000,9.099,0.000
2931,653.885,0.000,653.887,0.000
2932,0.069,0.000,0.069,0.000
2933,0.000,-10746.735,0.000,-10746.685
2934,3.365,0.000,3.365,0.000
2935,0.000,-16519.543,0.000,-16519.488
2936,1963.307,0.000,1963.338,0.000
2937,0.983,0.000,0.983,0.000
2938,1306.444,0.000,1306.463,0.000
2939,0.964,0.000,0.964,0.000
2940,1857.953,0.000,1857.965,0.000
2941,1.966,0.000,1.966,0.000
2942,5115.141,0.000,5115.206,0.000
2943,3168.503,0.000,3168.524,0.000
2944,7056.287,0.000,7056.326,0.000
2945,621.529,0.000,621.548,0.000
2946,0.000,-11492.836,0.000,-11492.810
2947,0.000,-14712.048,0.000,-14712.036
2948,0.000,-15019.512,0.000,-15019.471
2949,0.000,-16998.789,0.000,-16998.750
2950,0.012,-0.094,0.012,-0.095
2951,9.360,0.000,9.360,0.000
2952,2481.819,0.000,2481.821,0.000
2953,28.199,0.000,28.199,0.000
2954,7770.144,0.000,7770.153,0.000
2955,83.226,0.000,83.227,0.000
2956,2114.020,0.000,2114.029,0.000
2957,28.329,0.000,28.330,0.000
2958,2096.143,0.000,2096.177,0.000
2959,0.000,-9556.249,0.000,-9556.218
2960,40.273,0.000,40.273,0.000
2961,1149.722,0.000,1149.727,0.000
2962,2.106,0.000,2.106,0.000
2963,5415.359,0.000,5415.438,0.000
2964,0.000,-7934.041,0.000,-7934.014
2965,379.426,-35.629,379.429,-35.628
2966,3737.736,0.000,3737.767,0.000
2967,11453.237,0.000,11453.341,0.000
2968,123.167,0.000,123.169,0.000
2969,7849.803,0.000,7849.843,0.000
2970,176.482,0.000,176.491,0.000
2971,388.951,-5.935,388.954,-5.935
2972,543.039,0.000,543.055,0.000
2973,898.394,0.000,898.422,0.000
2974,53.870,0.000,53.870,0.000
2975,10.879,0.000,10.878,0.000
2976,5.875,0.000,5.875,0.000
2977,1379.617,0.000,1379.628,0.000
2978,5.009,0.000,5.009,0.000
2979,0.000,-9905.735,0.000,-9905.701
2980,0.000,-8195.252,0.000,-8195.218
2981,20.466,-3.242,20.466,-3.242
2982,1.739,0.000,1.739,0.000
2983,1278.653,0.000,1278.686,0.000
2984,1658.550,0.000,1658.580,0.000
2985,10828.583,0.000,10828.648,0.000
2986,2145.217,0.000,2145.219,0.000
2987,12306.432,0.000,12306.438,0.000
2988,4316.327,0.000,4316.378,0.000
2989,12182.403,0.000,12182.433,0.000
2990,5677.978,0.000,5677.992,0.000
2991,14518.213,0.000,14518.224,0.000
2992,4210.291,0.000,4210.324,0.000
2993,10046.064,0.000,10046.095,0.000
2994,2677.479,0.000,2677.485,0.000
2995,10723.067,0.000,10723.159,0.000
2996,2.014,-98.411,2.017,-98.411
2997,6846.333,0.000,6846.372,0.000
2998,144.150,0.000,144.158,0.000
2999,503.504,0.000,503.510,0.000
3000,1729.113,0.000,1729.188,0.000
3001,7417.219,0.000,7417.332,0.000
3002,54.568,0.000,54.570,0.000
3003,9621.498,0.000,9621.644,0.000
3004,0.000,-7320.885,0.000,-7320.860
3005,10305.083,0.000,10305.205,0.000
3006,1953.151,0.000,1953.201,0.000
3007,8531.193,0.000,8531.231,0.000
3008,1990.931,0.000,1990.962,0.000
3009,8247.985,0.000,8248.102,0.000
3010,1592.349,-3.575,1592.432,-3.575
3011,11027.629,0.000,11027.665,0.000
3012,2414.288,0.000,2414.440,0.000
3013,1058.533,0.000,1058.556,0.000
3014,8490.173,0.000,8490.193,0.000
3015,699.682,0.000,699.711,0.000
3016,3827.116,0.000,3827.155,0.000
3017,655.798,0.000,655.876,0.000
3018,3693.315,0.000,3693.394,0.000
3019,2610.753,0.000,2610.813,0.000
3020,3693.550,0.000,3693.605,0.000
3021,523.266,-11.574,523.352,-11.574
3022,4953.368,0.000,4953.470,0.000
3023,4782.131,0.000,4782.237,0.000
3024,518.766,0.000,518.861,0.000
3025,543.727,0.000,543.771,0.000
3026,1959.104,0.000,1959.258,0.000
3027,2819.547,0.000,2819.610,0.000
3028,2021.531,0.000,2021.562,0.000
3029,2669.780,0.000,2669.869,0.000
3030,1938.458,0.000,1938.494,0.000
3031,2902.543,0.000,2902.567,0.000
3032,1078.435,0.000,1078.503,0.000
3033,3626.618,0.000,3626.781,0.000
3034,1604.688,0.000,1604.797,0.000
3035,598.946,0.000,598.998,0.000
3036,2939.108,0.000,2939.195,0.000
3037,22.145,-8.247,22.147,-8.247
3038,2618.089,0.000,2618.125,0.000
3039,277.296,0.000,277.304,0.000
3040,2268.970,0.000,2269.002,0.000
3041,1372.340,0.000,1372.398,0.000
3042,2146.143,0.000,2146.178,0.000
3043,2278.537,0.000,2278.675,0.000
3044,3295.096,0.000,3295.221,0.000
3045,2664.796,0.000,2664.856,0.000
3046,3754.568,0.000,3754.620,0.000
3047,4251.108,0.000,4251.142,0.000
3048,3432.150,0.000,3432.204,0.000
3049,3545.926,0.000,3545.947,0.000
3050,3574.788,0.000,3574.848,0.000
3051,2483.041,0.000,2483.122,0.000
3052,1391.459,0.000,1391.524,0.000
3053,2213.167,0.000,2213.202,0.000
3054,1143.943,0.000,1143.956,0.000
3055,3960.858,0.000,3960.972,0.000
3056,1923.400,0.000,1923.493,0.000
3057,3364.603,0.000,3364.675,0.000
3058,2336.694,0.000,2336.703,0.000
3059,3439.874,0.000,3439.933,0.000
3060,3402.844,0.000,3402.881,0.000
3061,4120.720,0.000,4120.788,0.000
3062,2576.126,0.000,2576.181,0.000
3063,5639.264,0.000,5639.306,0.000
3064,1752.084,-0.437,1752.157,-0.437
3065,4952.402,0.000,4952.475,0.000
3066,1873.644,-4.292,1873.669,-4.292
3067,1127.995,0.000,1128.073,0.000
3068,2965.861,0.000,2965.963,0.000
3069,3919.655,0.000,3919.689,0.000
3070,2766.770,0.000,2766.869,0.000
3071,2036.666,0.000,2036.710,0.000
3072,2135.373,-2.920,2135.406,-2.920
3073,4615.115,0.000,4615.223,0.000
3074,2510.438,0.000,2510.502,0.000
3075,3565.591,0.000,3565.631,0.000
3076,2287.871,0.000,2287.895,0.000
3077,3690.938,0.000,3691.019,0.000
3078,720.672,0.000,720.692,0.000
3079,2508.290,0.000,2508.355,0.000
3080,1552.137,0.000,1552.198,0.000
3081,3931.570,0.000,3931.595,0.000
3082,740.600,0.000,740.656,0.000
3083,4122.412,0.000,4122.510,0.000
3084,539.476,0.000,539.526,0.000
3085,4542.292,0.000,4542.295,0.000
3086,2034.089,-3.242,2034.136,-3.242
3087,1610.643,0.000,1610.691,0.000
3088,2315.033,0.000,2315.039,0.000
3089,2485.733,0.000,2485.802,0.000
3090,2577.498,-0.616,2577.521,-0.616
3091,3014.879,0.000,3014.919,0.000
3092,3795.542,0.000,3795.587,0.000
3093,2874.829,0.000,2875.017,0.000
3094,1818.001,0.000,1818.053,0.000
3095,334.463,0.000,334.486,0.000
3096,4051.025,0.000,4051.049,0.000
3097,1575.280,0.000,1575.299,0.000
3098,981.046,0.000,981.076,0.000
3099,276.378,0.000,276.388,0.000
3100,1120.424,0.000,1120.436,0.000
3101,2947.579,0.000,2947.659,0.000
3102,3365.906,0.000,3365.962,0.000
3103,1164.626,0.000,1164.654,0.000
3104,3409.039,0.000,3409.095,0.000
3105,2766.120,0.000,2766.176,0.000
3106,3431.906,0.000,3431.974,0.000
3107,1092.359,0.000,1092.385,0.000
3108,3160.181,0.000,3160.213,0.000
3109,194.012,0.000,194.022,0.000
3110,3602.083,0.000,3602.206,0.000
3111,1945.360,0.000,1945.462,0.000
3112,1547.396,0.000,1547.439,0.000
3113,1341.323,0.000,1341.358,0.000
3114,2959.450,0.000,2959.536,0.000
3115,923.375,0.000,923.423,0.000
3116,3215.425,0.000,3215.501,0.000
3117,300.459,0.000,300.462,0.000
3118,3015.606,0.000,3015.661,0.000
3119,1008.362,0.000,1008.400,0.000
3120,2626.942,0.000,2626.973,0.000
3121,317.495,0.000,317.523,0.000
3122,3502.045,0.000,3502.124,0.000
3123,1129.745,0.000,1129.778,0.000
3124,2195.761,0.000,2195.775,0.000
3125,2556.167,0.000,2556.217,0.000
3126,4659.510,0.000,4659.569,0.000
3127,1333.667,-6.729,1333.745,-6.729
3128,1818.987,0.000,1819.024,0.000
3129,4053.996,0.000,4054.278,0.000
3130,2497.091,0.000,2497.113,0.000
3131,3828.588,0.000,3828.642,0.000
3132,1101.000,-5.410,1101.078,-5.410
3133,4029.309,0.000,4029.380,0.000
3134,1484.217,-0.238,1484.233,-0.238
3135,5273.166,0.000,5273.312,0.000
3136,2617.517,0.000,2617.601,0.000
3137,2428.167,0.000,2428.168,0.000
3138,2532.776,0.000,2532.832,0.000
3139,4275.867,0.000,4276.002,0.000
3140,1482.147,0.000,1482.154,0.000
3141,1646.322,0.000,1646.364,0.000
3142,2347.532,0.000,2347.572,0.000
3143,5909.765,0.000,5909.839,0.000
3144,1885.335,-0.363,1885.471,-0.363
3145,3946.176,0.000,3946.195,0.000
3146,890.202,-4.369,890.237,-4.369
3147,4010.819,0.000,4010.854,0.000
3148,356.151,0.000,356.162,0.000
3149,4557.291,0.000,4557.534,0.000
3150,1557.702,0.000,1557.825,0.000
3151,5402.650,0.000,5402.817,0.000
3152,1449.535,0.000,1449.558,0.000
3153,5184.741,0.000,5184.828,0.000
3154,4798.938,0.000,4799.017,0.000
3155,3753.776,0.000,3753.800,0.000
3156,1248.059,0.000,1248.104,0.000
3157,1946.935,0.000,1947.032,0.000
3158,1244.767,0.000,1244.810,0.000
3159,3720.191,0.000,3720.292,0.000
3160,1529.276,0.000,1529.279,0.000
3161,3650.595,0.000,3650.629,0.000
3162,849.360,0.000,849.399,0.000
3163,3545.946,0.000,3546.057,0.000
3164,485.414,-3.944,485.420,-3.944
3165,3645.134,0.000,3645.208,0.000
3166,1048.793,0.000,1048.850,0.000
3167,99.858,0.000,99.858,0.000
3168,548.751,0.000,548.776,0.000
3169,0.006,0.000,0.006,0.000
3170,55.278,-3.089,55.282,-3.089
3171,4318.551,0.000,4318.620,0.000
3172,1404.995,0.000,1405.017,0.000
3173,3775.877,0.000,3775.997,0.000
3174,3411.424,0.000,3411.494,0.000
3175,3230.714,0.000,3230.814,0.000
3176,1747.662,-3.836,1747.724,-3.836
3177,4873.023,0.000,4873.045,0.000
3178,1956.044,0.000,1956.155,0.000
3179,1912.000,0.000,1912.035,0.000
3180,1940.671,0.000,1940.683,0.000
3181,4707.832,0.000,4707.837,0.000
3182,566.136,-34.791,566.175,-34.789
3183,5631.742,0.000,5631.906,0.000
3184,1741.917,0.000,1741.981,0.000
3185,5116.043,0.000,5116.124,0.000
3186,1945.410,-2.760,1945.452,-2.760
3187,3814.168,0.000,3814.236,0.000
3188,2871.294,0.000,2871.342,0.000
3189,4503.845,0.000,4503.854,0.000
3190,1568.423,0.000,1568.476,0.000
3191,2323.024,0.000,2323.039,0.000
3192,3093.583,0.000,3093.660,0.000
3193,4299.365,0.000,4299.438,0.000
3194,1547.439,0.000,1547.449,0.000
3195,2573.520,0.000,2573.601,0.000
3196,960.847,0.000,960.857,0.000
3197,2210.453,0.000,2210.485,0.000
3198,4422.259,0.000,4422.343,0.000
3199,2862.436,-0.329,2862.545,-0.329
3200,1347.783,0.000,1347.808,0.000
3201,1158.401,0.000,1158.450,0.000
3202,1760.731,-2.257,1760.774,-2.257
3203,4292.334,0.000,4292.362,0.000
3204,1227.880,0.000,1227.943,0.000
3205,4410.676,0.000,4410.698,0.000
3206,1127.468,0.000,1127.485,0.000
3207,3936.701,0.000,3936.770,0.000
3208,1718.651,0.000,1718.661,0.000
3209,4302.155,0.000,4302.252,0.000
3210,2553.145,0.000,2553.291,0.000
3211,4924.622,0.000,4924.712,0.000
3212,1463.835,0.000,1463.883,0.000
3213,4649.762,0.000,4649.817,0.000
3214,2369.375,0.000,2369.459,0.000
3215,4447.596,0.000,4447.741,0.000
3216,1312.335,-6.268,1312.496,-6.268
3217,2021.845,0.000,2021.916,0.000
3218,2397.417,0.000,2397.473,0.000
3219,4563.452,0.000,4563.557,0.000
3220,2893.991,0.000,2894.012,0.000
3221,4148.394,0.000,4148.497,0.000
3222,1608.893,-6.768,1608.917,-6.768
3223,5229.698,0.000,5229.837,0.000
3224,2587.889,0.000,2587.981,0.000
3225,1553.051,0.000,1553.094,0.000
3226,1370.344,0.000,1370.367,0.000
3227,1975.892,0.000,1975.898,0.000
3228,3740.027,0.000,3740.103,0.000
3229,4392.501,0.000,4392.545,0.000
3230,3610.552,0.000,3610.628,0.000
3231,4516.553,0.000,4516.661,0.000
3232,3085.939,0.000,3085.982,0.000
3233,2629.214,0.000,2629.278,0.000
3234,4119.699,0.000,4119.737,0.000
3235,3896.760,0.000,3896.821,0.000
3236,828.173,0.000,828.204,0.000
3237,4922.885,0.000,4922.950,0.000
3238,2222.260,0.000,2222.346,0.000
3239,4549.126,0.000,4549.172,0.000
3240,2162.383,0.000,2162.403,0.000
3241,5777.563,0.000,5777.618,0.000
3242,3207.325,0.000,3207.375,0.000
3243,1341.663,0.000,1341.719,0.000
3244,1792.047,0.000,1792.070,0.000
3245,2117.006,0.000,2117.097,0.000
3246,2709.320,0.000,2709.406,0.000
3247,3488.138,0.000,3488.235,0.000
3248,3217.786,0.000,3217.877,0.000
3249,3986.464,0.000,3986.646,0.000
3250,2461.793,0.000,2461.849,0.000
3251,3907.999,0.000,3908.089,0.000
3252,3301.263,0.000,3301.288,0.000
3253,2573.978,0.000,2574.082,0.000
3254,3031.241,0.000,3031.356,0.000
3255,2077.951,0.000,2077.990,0.000
3256,2425.781,0.000,2425.815,0.000
3257,2207.635,0.000,2207.677,0.000
3258,2528.740,0.000,2528.822,0.000
3259,2079.158,0.000,2079.170,0.000
3260,2872.882,0.000,2872.990,0.000
3261,4568.652,0.000,4568.717,0.000
3262,3447.318,0.000,3447.350,0.000
3263,4850.515,0.000,4850.544,0.000
3264,4358.701,0.000,4358.767,0.000
3265,6299.945,0.000,6300.004,0.000
3266,4426.978,0.000,4427.017,0.000
3267,6436.952,0.000,6436.972,0.000
3268,2236.481,0.000,2236.540,0.000
3269,4969.287,0.000,4969.393,0.000
3270,2316.480,0.000,2316.564,0.000
3271,4834.756,0.000,4834.818,0.000
3272,4068.978,0.000,4069.047,0.000
3273,3791.040,0.000,3791.075,0.000
3274,3307.814,0.000,3307.924,0.000
3275,4770.556,0.000,4770.664,0.000
3276,4247.829,0.000,4247.952,0.000
3277,2963.273,0.000,2963.416,0.000
3278,2509.434,0.000,2509.502,0.000
3279,2366.144,0.000,2366.292,0.000
3280,1846.179,0.000,1846.229,0.000
3281,5370.086,0.000,5370.152,0.000
3282,3147.842,0.000,3147.900,0.000
3283,4174.344,0.000,4174.388,0.000
3284,2775.901,0.000,2775.972,0.000
3285,3557.425,0.000,3557.460,0.000
3286,2036.909,-2.733,2036.941,-2.733
3287,2452.420,0.000,2452.443,0.000
3288,2532.758,0.000,2532.766,0.000
3289,4593.272,0.000,4593.372,0.000
3290,3290.604,0.000,3290.755,0.000
3291,2556.129,0.000,2556.149,0.000
3292,3611.348,0.000,3611.437,0.000
3293,6940.805,0.000,6940.917,0.000
3294,3907.761,0.000,3907.766,0.000
3295,5223.496,0.000,5223.556,0.000
3296,3861.308,0.000,3861.347,0.000
3297,6480.384,0.000,6480.441,0.000
3298,4756.502,0.000,4756.532,0.000
3299,5893.828,0.000,5893.945,0.000
3300,4775.652,0.000,4775.701,0.000
3301,5600.101,0.000,5600.180,0.000
3302,3953.090,0.000,3953.138,0.000
3303,4070.213,0.000,4070.305,0.000
3304,4822.173,0.000,4822.252,0.000
3305,6018.527,0.000,6018.594,0.000
3306,4523.794,0.000,4523.857,0.000
3307,5925.986,0.000,5926.017,0.000
3308,876.951,0.000,876.997,0.000
3309,4427.894,0.000,4427.997,0.000
3310,3623.102,0.000,3623.145,0.000
3311,7105.241,0.000,7105.304,0.000
3312,4986.902,0.000,4986.940,0.000
3313,8396.204,0.000,8396.309,0.000
3314,5552.945,0.000,5553.082,0.000
3315,8064.503,0.000,8064.894,0.000
3316,4994.216,0.000,4994.377,0.000
3317,6999.088,0.000,6999.168,0.000
3318,5807.978,0.000,5808.036,0.000
3319,6603.359,0.000,6603.371,0.000
3320,1836.244,0.000,1836.320,0.000
3321,6548.691,0.000,6548.801,0.000
3322,3232.470,0.000,3232.543,0.000
3323,6762.186,0.000,6762.232,0.000
3324,3386.353,0.000,3386.528,0.000
3325,6723.608,0.000,6723.837,0.000
3326,4287.200,0.000,4287.280,0.000
3327,6969.182,0.000,6969.225,0.000
3328,4508.873,0.000,4508.924,0.000
3329,2893.827,0.000,2893.860,0.000
3330,3896.020,0.000,3896.071,0.000
3331,7043.231,0.000,7043.242,0.000
3332,4508.772,0.000,4509.065,0.000
3333,2855.535,0.000,2855.555,0.000
3334,4550.585,0.000,4550.631,0.000
3335,7010.866,0.000,7010.926,0.000
3336,4059.738,0.000,4059.899,0.000
3337,6659.191,0.000,6659.198,0.000
3338,4678.969,0.000,4679.112,0.000
3339,6638.824,0.000,6638.885,0.000
3340,4089.142,0.000,4089.217,0.000
3341,6040.813,0.000,6040.828,0.000
3342,4038.626,0.000,4038.783,0.000
3343,6534.911,0.000,6534.960,0.000
3344,5757.507,0.000,5757.571,0.000
3345,6358.611,0.000,6358.676,0.000
3346,5089.610,0.000,5089.729,0.000
3347,3695.889,0.000,3695.989,0.000
3348,5086.602,0.000,5086.734,0.000
3349,6922.286,0.000,6922.289,0.000
3350,5167.458,0.000,5167.481,0.000
3351,7099.023,0.000,7099.126,0.000
3352,4761.599,0.000,4761.630,0.000
3353,6558.147,0.000,6558.212,0.000
3354,5725.648,0.000,5725.662,0.000
3355,6663.918,0.000,6663.979,0.000
3356,4354.423,0.000,4354.499,0.000
3357,7009.183,0.000,7009.272,0.000
3358,4817.169,0.000,4817.362,0.000
3359,6452.834,0.000,6452.989,0.000
3360,5554.332,0.000,5554.411,0.000
3361,7323.378,0.000,7323.401,0.000
3362,5142.986,0.000,5143.107,0.000
3363,6999.764,0.000,6999.793,0.000
3364,5720.446,0.000,5720.564,0.000
3365,5638.622,0.000,5638.650,0.000
3366,2683.312,0.000,2683.360,0.000
3367,2922.758,0.000,2922.837,0.000
3368,3969.485,0.000,3969.642,0.000
3369,6942.447,0.000,6942.532,0.000
3370,4904.393,0.000,4904.449,0.000
3371,5903.779,0.000,5903.934,0.000
3372,4481.160,0.000,4481.233,0.000
3373,2379.172,0.000,2379.187,0.000
3374,3791.562,0.000,3791.594,0.000
3375,3539.629,0.000,3539.738,0.000
3376,2617.713,0.000,2617.793,0.000
3377,4524.886,0.000,4524.968,0.000
3378,4190.124,0.000,4190.184,0.000
3379,7307.005,0.000,7307.017,0.000
3380,4075.009,0.000,4075.070,0.000
3381,7896.856,0.000,7896.870,0.000
3382,4931.902,0.000,4931.950,0.000
3383,8534.568,0.000,8534.731,0.000
3384,5118.744,0.000,5118.835,0.000
3385,6130.168,0.000,6130.312,0.000
3386,4421.415,0.000,4421.478,0.000
3387,7132.812,0.000,7132.988,0.000
3388,3023.316,0.000,3023.339,0.000
3389,3455.956,0.000,3456.037,0.000
3390,4278.171,0.000,4278.237,0.000
3391,7222.610,0.000,7222.722,0.000
3392,5098.752,0.000,5098.882,0.000
3393,7355.297,0.000,7355.316,0.000
3394,6557.435,0.000,6557.444,0.000
3395,7769.065,0.000,7769.283,0.000
3396,4046.652,0.000,4046.685,0.000
3397,7773.139,0.000,7773.157,0.000
3398,5243.415,0.000,5243.477,0.000
3399,3284.137,0.000,3284.191,0.000
3400,3837.368,0.000,3837.445,0.000
3401,5561.822,0.000,5561.984,0.000
3402,4092.649,0.000,4092.651,0.000
3403,7530.021,0.000,7530.073,0.000
3404,4667.211,0.000,4667.345,0.000
3405,6787.890,0.000,6787.929,0.000
3406,3885.719,0.000,3885.824,0.000
3407,3989.528,0.000,3989.599,0.000
3408,2226.605,0.000,2226.610,0.000
3409,1771.574,0.000,1771.577,0.000
3410,4607.676,0.000,4607.744,0.000
3411,6808.952,0.000,6809.081,0.000
3412,4403.820,0.000,4403.895,0.000
3413,6100.672,0.000,6100.827,0.000
3414,1416.560,0.000,1416.627,0.000
3415,5996.892,0.000,5996.946,0.000
3416,4670.333,0.000,4670.407,0.000
3417,4785.041,0.000,4785.082,0.000
3418,5604.779,0.000,5604.932,0.000
3419,5493.718,0.000,5493.814,0.000
3420,6257.992,0.000,6258.022,0.000
3421,3760.971,0.000,3760.974,0.000
3422,5038.466,0.000,5038.582,0.000
3423,7587.653,0.000,7587.708,0.000
3424,5539.200,0.000,5539.231,0.000
3425,7261.187,0.000,7261.347,0.000
3426,4846.457,0.000,4846.503,0.000
3427,4322.304,0.000,4322.341,0.000
3428,4661.151,0.000,4661.273,0.000
3429,7660.219,0.000,7660.391,0.000
3430,4863.717,0.000,4863.767,0.000
3431,6266.086,0.000,6266.132,0.000
3432,2408.659,0.000,2408.747,0.000
3433,7393.589,0.000,7393.608,0.000
3434,3103.555,0.000,3103.668,0.000
3435,8030.688,0.000,8030.774,0.000
3436,4633.927,0.000,4634.026,0.000
3437,4106.485,0.000,4106.561,0.000
3438,3450.621,0.000,3450.647,0.000
3439,4588.479,0.000,4588.571,0.000
3440,3741.198,0.000,3741.205,0.000
3441,7551.393,0.000,7551.450,0.000
3442,5202.360,0.000,5202.392,0.000
3443,7536.143,0.000,7536.425,0.000
3444,4974.752,0.000,4974.907,0.000
3445,5222.563,0.000,5222.603,0.000
3446,4102.703,0.000,4102.749,0.000
3447,3186.063,0.000,3186.077,0.000
3448,3502.233,0.000,3502.270,0.000
3449,4913.702,0.000,4913.860,0.000
3450,4379.900,0.000,4379.994,0.000
3451,4103.108,0.000,4103.189,0.000
3452,4510.580,0.000,4510.604,0.000
3453,3487.130,0.000,3487.220,0.000
3454,4564.890,0.000,4564.968,0.000
3455,5259.415,0.000,5259.556,0.000
3456,8761.454,0.000,8761.621,0.000
3457,5326.370,0.000,5326.509,0.000
3458,3736.510,0.000,3736.557,0.000
3459,3127.820,0.000,3127.869,0.000
3460,4178.462,0.000,4178.610,0.000
3461,7325.756,0.000,7325.840,0.000
3462,8692.416,0.000,8692.491,0.000
3463,6242.895,0.000,6242.974,0.000
3464,8879.412,0.000,8879.552,0.000
3465,5509.736,0.000,5509.865,0.000
3466,4640.810,0.000,4640.854,0.000
3467,4808.832,0.000,4808.956,0.000
3468,7909.499,0.000,7909.584,0.000
3469,6649.617,0.000,6649.817,0.000
3470,8323.766,0.000,8324.037,0.000
3471,5070.931,0.000,5070.996,0.000
3472,5752.081,0.000,5752.125,0.000
3473,4146.872,0.000,4146.920,0.000
3474,8173.658,0.000,8173.870,0.000
3475,6868.722,0.000,6868.797,0.000
3476,8022.328,0.000,8022.370,0.000
3477,4838.214,0.000,4838.272,0.000
3478,6654.182,0.000,6654.314,0.000
3479,5294.998,0.000,5295.208,0.000
3480,7075.874,0.000,7075.971,0.000
3481,4682.615,0.000,4682.622,0.000
3482,7834.778,0.000,7834.960,0.000
3483,5320.434,0.000,5320.478,0.000
3484,6892.283,0.000,6892.352,0.000
3485,4556.027,-0.836,4556.076,-0.836
3486,7234.688,0.000,7234.779,0.000
3487,4202.433,-2.177,4202.535,-2.177
3488,4876.597,0.000,4876.646,0.000
3489,4547.997,0.000,4548.005,0.000
3490,2922.560,-0.900,2922.622,-0.900
3491,5540.385,0.000,5540.483,0.000
3492,7347.090,0.000,7347.365,0.000
3493,5900.499,0.000,5900.561,0.000
3494,5254.570,0.000,5254.608,0.000
3495,4001.302,-1.327,4001.354,-1.327
3496,3174.343,0.000,3174.363,0.000
3497,4559.574,0.000,4559.581,0.000
3498,5437.862,0.000,5437.969,0.000
3499,5231.372,0.000,5231.417,0.000
3500,3830.837,0.000,3830.917,0.000
3501,3715.297,0.000,3715.364,0.000
3502,4203.905,0.000,4204.101,0.000
3503,2957.115,-9.011,2957.139,-9.011
3504,5976.315,0.000,5976.370,0.000
3505,3324.988,0.000,3325.087,0.000
3506,3677.854,0.000,3677.874,0.000
3507,3705.279,-9.373,3705.333,-9.373
3508,5257.071,0.000,5257.164,0.000
3509,5136.522,0.000,5136.708,0.000
3510,7880.182,0.000,7880.234,0.000
3511,3870.558,0.000,3870.631,0.000
3512,8183.610,0.000,8183.626,0.000
3513,4564.174,0.000,4564.218,0.000
3514,4773.725,0.000,4773.821,0.000
3515,5851.075,0.000,5851.115,0.000
3516,6985.950,0.000,6986.048,0.000
3517,4780.643,0.000,4780.766,0.000
3518,7822.500,0.000,7822.552,0.000
3519,5504.423,0.000,5504.637,0.000
3520,4884.591,0.000,4884.798,0.000
3521,4896.374,0.000,4896.425,0.000
3522,7506.787,0.000,7506.868,0.000
3523,3222.260,0.000,3222.367,0.000
3524,1859.255,0.000,1859.274,0.000
3525,2668.993,-1.579,2668.999,-1.579
3526,3765.092,0.000,3765.129,0.000
3527,3812.517,0.000,3812.540,0.000
3528,7660.174,0.000,7660.225,0.000
3529,4295.170,0.000,4295.196,0.000
3530,4805.511,0.000,4805.584,0.000
3531,3238.388,0.000,3238.449,0.000
3532,4020.862,0.000,4020.986,0.000
3533,2658.371,0.000,2658.549,0.000
3534,4513.795,0.000,4513.831,0.000
3535,4261.342,0.000,4261.419,0.000
3536,2640.285,-3.884,2640.347,-3.884
3537,6976.830,0.000,6977.014,0.000
3538,4787.848,0.000,4787.875,0.000
3539,7931.056,0.000,7931.090,0.000
3540,4693.203,0.000,4693.342,0.000
3541,7844.069,0.000,7844.117,0.000
3542,4804.027,0.000,4804.196,0.000
3543,10518.491,0.000,10518.633,0.000
3544,4936.703,0.000,4936.821,0.000
3545,9496.593,0.000,9496.673,0.000
3546,5403.814,0.000,5403.968,0.000
3547,8468.656,0.000,8468.839,0.000
3548,4706.391,0.000,4706.475,0.000
3549,3268.495,0.000,3268.627,0.000
3550,4553.174,0.000,4553.191,0.000
3551,3726.089,0.000,3726.184,0.000
3552,5505.415,0.000,5505.499,0.000
3553,8045.387,0.000,8045.487,0.000
3554,4473.944,0.000,4474.101,0.000
3555,7777.301,0.000,7777.366,0.000
3556,5307.070,0.000,5307.267,0.000
3557,6671.209,0.000,6671.320,0.000
3558,5422.852,0.000,5422.949,0.000
3559,5680.439,0.000,5680.446,0.000
3560,4566.473,0.000,4566.547,0.000
3561,5414.335,0.000,5414.394,0.000
3562,5271.241,0.000,5271.331,0.000
3563,7369.474,0.000,7369.635,0.000
3564,4466.815,0.000,4466.950,0.000
3565,6484.542,0.000,6484.547,0.000
3566,4113.216,0.000,4113.311,0.000
3567,5848.615,0.000,5848.755,0.000
3568,4182.909,0.000,4182.931,0.000
3569,7943.898,0.000,7943.938,0.000
3570,3436.448,-7.470,3436.599,-7.469
3571,5174.304,0.000,5174.379,0.000
3572,5246.772,0.000,5246.915,0.000
3573,3527.575,0.000,3527.749,0.000
3574,3666.963,-8.643,3666.997,-8.643
3575,5403.220,0.000,5403.284,0.000
3576,3951.130,-1.469,3951.276,-1.469
3577,7974.600,0.000,7974.605,0.000
3578,1459.841,-57.538,1459.871,-57.538
3579,7623.548,0.000,7623.652,0.000
3580,4258.342,0.000,4258.443,0.000
3581,3519.784,0.000,3519.893,0.000
3582,4688.590,0.000,4688.680,0.000
3583,5395.272,0.000,5395.417,0.000
3584,4375.547,0.000,4375.655,0.000
3585,5583.739,0.000,5583.886,0.000
3586,6052.175,0.000,6052.379,0.000
3587,7224.609,0.000,7224.654,0.000
3588,5010.032,0.000,5010.067,0.000
3589,4473.117,0.000,4473.309,0.000
3590,5649.672,0.000,5649.793,0.000
3591,5404.237,0.000,5404.337,0.000
3592,2903.744,-8.116,2903.907,-8.116
3593,5917.873,0.000,5917.996,0.000
3594,2871.055,-15.464,2871.106,-15.464
3595,5072.536,0.000,5072.640,0.000
3596,4413.376,0.000,4413.417,0.000
3597,3406.898,0.000,3407.025,0.000
3598,3430.309,0.000,3430.404,0.000
3599,5263.299,0.000,5263.357,0.000
3600,3236.796,-2.815,3236.829,-2.814
3601,5096.320,0.000,5096.483,0.000
3602,3541.633,0.000,3541.710,0.000
3603,7709.830,0.000,7709.939,0.000
3604,4685.386,0.000,4685.603,0.000
3605,7714.120,0.000,7714.152,0.000
3606,5119.959,0.000,5119.960,0.000
3607,5866.568,0.000,5866.655,0.000
3608,3199.637,0.000,3199.686,0.000
3609,4542.961,0.000,4543.104,0.000
3610,4218.925,0.000,4219.022,0.000
3611,3389.268,0.000,3389.377,0.000
3612,2807.928,0.000,2808.024,0.000
3613,1787.023,0.000,1787.057,0.000
3614,2778.310,0.000,2778.385,0.000
3615,2900.367,0.000,2900.379,0.000
3616,3132.403,0.000,3132.458,0.000
3617,4900.046,0.000,4900.126,0.000
3618,6057.092,0.000,6057.212,0.000
3619,3012.203,0.000,3012.316,0.000
3620,5760.507,0.000,5760.541,0.000
3621,5233.804,0.000,5233.900,0.000
3622,5978.495,0.000,5978.570,0.000
3623,3651.972,0.000,3652.042,0.000
3624,3587.312,0.000,3587.332,0.000
3625,4382.237,0.000,4382.295,0.000
3626,5507.598,0.000,5507.626,0.000
3627,3743.572,0.000,3743.632,0.000
3628,3034.615,0.000,3034.614,0.000
3629,2401.942,0.000,2401.984,0.000
3630,4906.151,0.000,4906.243,0.000
3631,1908.078,0.000,1908.142,0.000
3632,2892.759,0.000,2892.789,0.000
3633,1813.307,-15.548,1813.372,-15.548
3634,6907.093,0.000,6907.147,0.000
3635,3339.522,0.000,3339.577,0.000
3636,5358.115,0.000,5358.192,0.000
3637,2304.773,0.000,2304.879,0.000
3638,1398.757,0.000,1398.763,0.000
3639,3193.122,0.000,3193.152,0.000
3640,5718.884,0.000,5718.912,0.000
3641,4460.312,0.000,4460.344,0.000
3642,5294.629,0.000,5294.673,0.000
3643,4883.179,0.000,4883.273,0.000
3644,5412.610,0.000,5412.654,0.000
3645,5085.824,0.000,5085.863,0.000
3646,5470.742,0.000,5470.862,0.000
3647,2174.656,0.000,2174.719,0.000
3648,1994.061,0.000,1994.171,0.000
3649,2587.413,0.000,2587.497,0.000
3650,1608.083,0.000,1608.147,0.000
3651,1984.725,-13.351,1984.750,-13.351
3652,5559.726,0.000,5559.781,0.000
3653,1971.850,0.000,1971.872,0.000
3654,5233.849,0.000,5233.921,0.000
3655,1025.773,0.000,1025.792,0.000
3656,5577.648,0.000,5577.737,0.000
3657,1288.465,0.000,1288.477,0.000
3658,6007.423,0.000,6007.594,0.000
3659,3297.147,0.000,3297.245,0.000
3660,4642.489,0.000,4642.530,0.000
3661,4090.155,0.000,4090.240,0.000
3662,4542.864,0.000,4542.887,0.000
3663,4046.406,0.000,4046.499,0.000
3664,3487.314,0.000,3487.374,0.000
3665,1239.179,0.000,1239.219,0.000
3666,3638.247,0.000,3638.294,0.000
3667,1654.418,-24.080,1654.437,-24.080
3668,6106.976,0.000,6107.010,0.000
3669,2615.773,0.000,2615.849,0.000
3670,2330.791,0.000,2330.809,0.000
3671,2244.003,0.000,2244.049,0.000
3672,3665.125,0.000,3665.239,0.000
3673,1880.730,0.000,1880.918,0.000
3674,4569.440,0.000,4569.476,0.000
3675,3338.185,0.000,3338.261,0.000
3676,4863.638,0.000,4863.710,0.000
3677,1900.788,0.000,1900.882,0.000
3678,2752.106,0.000,2752.216,0.000
3679,1572.282,-12.967,1572.314,-12.967
3680,3733.846,0.000,3733.907,0.000
3681,817.889,-19.780,817.920,-19.780
3682,4811.658,0.000,4811.728,0.000
3683,2672.577,0.000,2672.629,0.000
3684,3849.677,0.000,3849.745,0.000
3685,3104.713,0.000,3104.718,0.000
3686,3285.682,0.000,3285.687,0.000
3687,1765.943,-9.499,1766.067,-9.499
3688,4621.902,0.000,4621.993,0.000
3689,2667.527,0.000,2667.575,0.000
3690,5028.098,0.000,5028.155,0.000
3691,2017.033,-13.616,2017.142,-13.616
3692,4489.779,0.000,4489.824,0.000
3693,3864.915,0.000,3864.989,0.000
3694,5018.021,0.000,5018.126,0.000
3695,2967.664,0.000,2967.758,0.000
3696,4056.167,0.000,4056.242,0.000
3697,2092.386,0.000,2092.390,0.000
3698,2910.000,0.000,2910.037,0.000
3699,1101.009,-22.677,1101.099,-22.677
3700,3079.590,0.000,3079.672,0.000
3701,2869.129,0.000,2869.253,0.000
3702,2776.414,0.000,2776.520,0.000
3703,918.280,0.000,918.323,0.000
3704,4309.671,0.000,4309.694,0.000
3705,1052.051,0.000,1052.107,0.000
3706,2474.878,0.000,2474.918,0.000
3707,4038.694,0.000,4038.745,0.000
3708,1027.438,-11.366,1027.449,-11.366
3709,2737.541,0.000,2737.608,0.000
3710,1998.778,-5.943,1998.807,-5.942
3711,1500.395,0.000,1500.423,0.000
3712,1382.246,-23.353,1382.264,-23.353
3713,3477.288,0.000,3477.334,0.000
3714,1824.560,-14.614,1824.573,-14.614
3715,3893.997,0.000,3894.062,0.000
3716,721.349,-24.909,721.402,-24.908
3717,803.268,0.000,803.287,0.000
3718,2175.707,0.000,2175.729,0.000
3719,3050.251,0.000,3050.303,0.000
3720,555.241,0.000,555.262,0.000
3721,784.703,0.000,784.719,0.000
3722,1738.876,0.000,1738.882,0.000
3723,316.365,0.000,316.388,0.000
3724,1071.832,0.000,1071.869,0.000
3725,412.586,-0.131,412.619,-0.131
3726,66.651,0.000,66.657,0.000
3727,1709.144,0.000,1709.171,0.000
3728,2572.690,0.000,2572.754,0.000
3729,3438.764,0.000,3438.924,0.000
3730,1995.951,0.000,1996.017,0.000
3731,4911.677,0.000,4911.706,0.000
3732,2148.824,0.000,2148.860,0.000
3733,4346.484,0.000,4346.577,0.000
3734,3387.207,0.000,3387.245,0.000
3735,6268.110,0.000,6268.141,0.000
3736,2027.639,0.000,2027.734,0.000
3737,2776.047,0.000,2776.177,0.000
3738,1417.134,0.000,1417.134,0.000
3739,3024.760,0.000,3024.863,0.000
3740,826.134,0.000,826.147,0.000
3741,718.434,0.000,718.497,0.000
3742,2857.674,0.000,2857.715,0.000
3743,4389.298,0.000,4389.383,0.000
3744,2999.737,0.000,2999.806,0.000
3745,4088.178,0.000,4088.239,0.000
3746,1676.140,0.000,1676.159,0.000
3747,1743.560,0.000,1743.580,0.000
3748,731.187,0.000,731.205,0.000
3749,1874.929,0.000,1874.959,0.000
3750,1618.913,0.000,1618.929,0.000
3751,4627.546,0.000,4627.683,0.000
3752,636.888,0.000,636.934,0.000
3753,3475.707,-0.158,3475.886,-0.158
3754,590.390,-41.228,590.423,-41.227
3755,3707.607,0.000,3707.727,0.000
3756,3369.745,0.000,3369.814,0.000
3757,3695.587,0.000,3695.623,0.000
3758,3144.990,0.000,3145.019,0.000
3759,4246.229,0.000,4246.309,0.000
3760,1206.343,-11.636,1206.491,-11.635
3761,2618.727,0.000,2618.744,0.000
3762,2428.959,0.000,2429.064,0.000
3763,4322.272,0.000,4322.282,0.000
3764,2988.245,0.000,2988.289,0.000
3765,2479.387,0.000,2479.404,0.000
3766,1330.961,-4.083,1331.019,-4.083
3767,3730.289,0.000,3730.334,0.000
3768,2687.909,0.000,2687.935,0.000
3769,4164.223,0.000,4164.246,0.000
3770,2468.387,0.000,2468.412,0.000
3771,2547.753,0.000,2547.770,0.000
3772,1861.253,0.000,1861.358,0.000
3773,1367.051,0.000,1367.157,0.000
3774,2060.109,0.000,2060.133,0.000
3775,1891.397,0.000,1891.421,0.000
3776,411.607,-32.697,411.658,-32.697
3777,3290.807,0.000,3290.922,0.000
3778,1873.333,0.000,1873.384,0.000
3779,1693.910,0.000,1693.924,0.000
3780,472.402,0.000,472.404,0.000
3781,3749.764,0.000,3749.769,0.000
3782,160.098,0.000,160.098,0.000
3783,3248.426,0.000,3248.445,0.000
3784,1961.695,0.000,1961.744,0.000
3785,3345.798,0.000,3345.903,0.000
3786,2116.195,0.000,2116.200,0.000
3787,3973.580,0.000,3973.707,0.000
3788,1980.411,0.000,1980.496,0.000
3789,975.904,0.000,975.905,0.000
3790,2539.472,0.000,2539.486,0.000
3791,4554.250,0.000,4554.292,0.000
3792,534.215,0.000,534.231,0.000
3793,448.561,-1.725,448.609,-1.725
3794,9.926,0.000,9.927,0.000
3795,126.757,-0.777,126.758,-0.777
3796,556.980,0.000,556.995,0.000
3797,1091.503,-6.252,1091.515,-6.252
3798,1235.429,0.000,1235.443,0.000
3799,5107.438,0.000,5107.474,0.000
3800,2277.717,0.000,2277.816,0.000
3801,5118.077,0.000,5118.274,0.000
3802,151.505,-26.790,151.520,-26.790
3803,1610.363,0.000,1610.535,0.000
3804,365.757,0.000,365.757,0.000
3805,120.248,0.000,120.248,0.000
3806,345.725,-12.232,345.734,-12.232
3807,390.137,-0.069,390.143,-0.069
3808,26.008,0.000,26.008,0.000
3809,44.815,0.000,44.816,0.000
3810,116.442,0.000,116.448,0.000
3811,1729.807,0.000,1729.861,0.000
3812,2612.203,0.000,2612.213,0.000
3813,3433.202,-0.240,3433.281,-0.239
3814,3151.346,0.000,3151.357,0.000
3815,5360.844,0.000,5360.910,0.000
3816,2300.324,0.000,2300.355,0.000
3817,4649.337,0.000,4649.416,0.000
3818,1469.580,0.000,1469.631,0.000
3819,2613.704,0.000,2613.744,0.000
3820,1583.150,0.000,1583.186,0.000
3821,3763.548,0.000,3763.587,0.000
3822,1836.435,0.000,1836.498,0.000
3823,4508.629,0.000,4508.631,0.000
3824,2384.929,0.000,2384.960,0.000
3825,2053.248,0.000,2053.391,0.000
3826,903.661,0.000,903.719,0.000
3827,4272.773,0.000,4272.841,0.000
3828,973.463,0.000,973.508,0.000
3829,3922.791,0.000,3922.840,0.000
3830,2707.369,0.000,2707.508,0.000
3831,3209.436,0.000,3209.564,0.000
3832,2582.816,0.000,2582.970,0.000
3833,4339.229,0.000,4339.244,0.000
3834,2696.015,0.000,2696.097,0.000
3835,1601.144,-6.999,1601.278,-6.999
3836,4693.503,0.000,4693.601,0.000
3837,3865.566,0.000,3865.618,0.000
3838,1651.823,0.000,1651.916,0.000
3839,4626.051,0.000,4626.147,0.000
3840,1265.396,0.000,1265.516,0.000
3841,2762.351,0.000,2762.358,0.000
3842,2718.204,0.000,2718.246,0.000
3843,3392.267,0.000,3392.403,0.000
3844,1718.305,0.000,1718.377,0.000
3845,4515.092,0.000,4515.134,0.000
3846,1549.548,0.000,1549.570,0.000
3847,4595.648,0.000,4595.796,0.000
3848,2720.162,0.000,2720.255,0.000
3849,4651.251,0.000,4651.289,0.000
3850,2500.372,0.000,2500.391,0.000
3851,1032.168,0.000,1032.209,0.000
3852,1205.897,0.000,1205.926,0.000
3853,3990.862,0.000,3990.950,0.000
3854,2640.100,0.000,2640.180,0.000
3855,3952.320,0.000,3952.378,0.000
3856,3259.928,0.000,3260.051,0.000
3857,1845.666,0.000,1845.743,0.000
3858,1671.861,0.000,1671.864,0.000
3859,2918.638,0.000,2918.673,0.000
3860,1456.371,0.000,1456.380,0.000
3861,1289.550,0.000,1289.582,0.000
3862,765.593,0.000,765.615,0.000
3863,3115.351,0.000,3115.375,0.000
3864,499.734,0.000,499.791,0.000
3865,2406.828,0.000,2406.877,0.000
3866,1480.403,0.000,1480.415,0.000
3867,3320.716,0.000,3320.747,0.000
3868,2079.426,0.000,2079.440,0.000
3869,1231.182,0.000,1231.204,0.000
3870,983.507,0.000,983.519,0.000
3871,2893.421,0.000,2893.508,0.000
3872,941.114,0.000,941.163,0.000
3873,1518.780,0.000,1518.974,0.000
3874,2816.516,0.000,2816.542,0.000
3875,2765.609,0.000,2765.674,0.000
3876,2412.346,0.000,2412.448,0.000
3877,1373.622,0.000,1373.647,0.000
3878,2018.644,0.000,2018.663,0.000
3879,2861.056,0.000,2861.175,0.000
3880,1918.973,0.000,1918.978,0.000
3881,2958.866,0.000,2959.028,0.000
3882,967.442,0.000,967.483,0.000
3883,2627.878,0.000,2627.944,0.000
3884,1137.902,0.000,1137.915,0.000
3885,6850.266,0.000,6850.412,0.000
3886,81.168,-3.027,81.168,-3.027
3887,28.363,-10.375,28.363,-10.375
3888,1867.983,-0.408,1868.046,-0.408
3889,2739.487,0.000,2739.579,0.000
3890,2173.578,0.000,2173.633,0.000
3891,3328.871,0.000,3328.913,0.000
3892,2241.098,0.000,2241.146,0.000
3893,3462.489,0.000,3462.567,0.000
3894,2960.934,0.000,2960.970,0.000
3895,3967.318,0.000,3967.385,0.000
3896,2997.851,0.000,2997.899,0.000
3897,4713.481,0.000,4713.556,0.000
3898,1882.557,0.000,1882.601,0.000
3899,4353.591,0.000,4353.640,0.000
3900,1138.470,0.000,1138.518,0.000
3901,748.375,0.000,748.415,0.000
3902,2706.001,0.000,2706.020,0.000
3903,3686.690,0.000,3686.841,0.000
3904,2599.733,0.000,2599.758,0.000
3905,4233.074,0.000,4233.093,0.000
3906,2532.969,0.000,2533.070,0.000
3907,5044.260,0.000,5044.280,0.000
3908,1034.384,0.000,1034.445,0.000
3909,4350.201,0.000,4350.334,0.000
3910,3054.131,0.000,3054.149,0.000
3911,4367.324,0.000,4367.414,0.000
3912,2680.746,0.000,2680.753,0.000
3913,4994.609,0.000,4994.666,0.000
3914,3010.273,0.000,3010.307,0.000
3915,4852.669,0.000,4852.693,0.000
3916,1087.538,0.000,1087.596,0.000
3917,6062.208,0.000,6062.345,0.000
3918,1259.542,0.000,1259.582,0.000
3919,6656.948,0.000,6657.005,0.000
3920,3740.543,0.000,3740.699,0.000
3921,7171.654,0.000,7171.714,0.000
3922,2806.076,0.000,2806.121,0.000
3923,1418.884,0.000,1418.931,0.000
3924,1737.760,0.000,1737.800,0.000
3925,1440.765,0.000,1440.786,0.000
3926,2271.704,0.000,2271.719,0.000
3927,4046.448,0.000,4046.513,0.000
3928,2576.700,0.000,2576.736,0.000
3929,5656.075,0.000,5656.197,0.000
3930,2030.428,-8.516,2030.472,-8.516
3931,4013.466,0.000,4013.489,0.000
3932,1068.300,0.000,1068.318,0.000
3933,3167.531,0.000,3167.585,0.000
3934,1832.475,0.000,1832.512,0.000
3935,5204.530,0.000,5204.582,0.000
3936,2298.689,0.000,2298.718,0.000
3937,3295.193,0.000,3295.272,0.000
3938,3815.737,0.000,3815.797,0.000
3939,3074.561,0.000,3074.606,0.000
3940,2065.483,0.000,2065.527,0.000
3941,2979.987,0.000,2980.066,0.000
3942,2929.639,0.000,2929.641,0.000
3943,4925.722,0.000,4925.736,0.000
3944,1595.968,0.000,1596.010,0.000
3945,5436.338,0.000,5436.387,0.000
3946,2799.531,0.000,2799.566,0.000
3947,5311.457,0.000,5311.545,0.000
3948,1665.589,0.000,1665.642,0.000
3949,4531.707,0.000,4531.770,0.000
3950,1640.200,0.000,1640.317,0.000
3951,4469.810,0.000,4469.884,0.000
3952,2185.724,0.000,2185.830,0.000
3953,5270.080,0.000,5270.173,0.000
3954,4068.301,0.000,4068.348,0.000
3955,5419.073,0.000,5419.149,0.000
3956,3775.107,0.000,3775.136,0.000
3957,8360.812,0.000,8360.893,0.000
3958,3767.930,0.000,3768.003,0.000
3959,6406.983,0.000,6407.225,0.000
3960,4810.382,0.000,4810.464,0.000
3961,2979.707,0.000,2979.789,0.000
3962,3514.653,0.000,3514.835,0.000
3963,5149.639,0.000,5149.645,0.000
3964,3685.266,0.000,3685.349,0.000
3965,3472.929,0.000,3473.046,0.000
3966,2828.745,0.000,2828.820,0.000
3967,5949.339,0.000,5949.441,0.000
3968,2861.454,0.000,2861.561,0.000
3969,6033.116,0.000,6033.250,0.000
3970,3544.982,0.000,3545.059,0.000
3971,6112.025,0.000,6112.053,0.000
3972,4677.416,0.000,4677.489,0.000
3973,6124.100,0.000,6124.172,0.000
3974,4235.886,0.000,4235.989,0.000
3975,7805.089,0.000,7805.251,0.000
3976,4824.607,0.000,4824.707,0.000
3977,8136.430,0.000,8136.552,0.000
3978,2865.796,0.000,2865.840,0.000
3979,5794.428,0.000,5794.444,0.000
3980,1156.513,0.000,1156.560,0.000
3981,5492.668,0.000,5492.885,0.000
3982,946.847,0.000,946.900,0.000
3983,5835.417,0.000,5835.487,0.000
3984,3507.526,0.000,3507.687,0.000
3985,5770.348,0.000,5770.416,0.000
3986,4910.697,0.000,4910.771,0.000
3987,6070.291,0.000,6070.375,0.000
3988,2631.087,0.000,2631.144,0.000
3989,5109.613,0.000,5109.703,0.000
3990,2973.566,0.000,2973.646,0.000
3991,6227.246,0.000,6227.345,0.000
3992,7318.816,0.000,7318.868,0.000
3993,3580.592,0.000,3580.682,0.000
3994,4529.475,0.000,4529.567,0.000
3995,6504.223,0.000,6504.339,0.000
3996,3671.337,0.000,3671.365,0.000
3997,6907.480,0.000,6907.522,0.000
3998,4998.568,0.000,4998.744,0.000
3999,7391.643,0.000,7391.660,0.000
4000,4497.987,0.000,4498.080,0.000
4001,6331.548,0.000,6331.697,0.000
4002,4446.538,0.000,4446.645,0.000
4003,5817.298,0.000,5817.359,0.000
4004,4181.233,0.000,4181.309,0.000
4005,6364.282,0.000,6364.374,0.000
4006,4111.049,0.000,4111.102,0.000
4007,5038.398,0.000,5038.480,0.000
4008,2789.631,0.000,2789.664,0.000
4009,5953.108,0.000,5953.323,0.000
4010,2865.656,0.000,2865.752,0.000
4011,229.785,0.000,229.791,0.000
4012,3343.343,0.000,3343.428,0.000
4013,3668.048,0.000,3668.056,0.000
4014,3971.021,0.000,3971.108,0.000
4015,4861.340,0.000,4861.507,0.000
4016,3164.928,0.000,3165.068,0.000
4017,4029.979,0.000,4030.070,0.000
4018,2719.038,0.000,2719.117,0.000
4019,6643.591,0.000,6643.654,0.000
4020,2132.225,0.000,2132.288,0.000
4021,4686.966,0.000,4687.000,0.000
4022,2882.619,0.000,2882.684,0.000
4023,6889.824,0.000,6890.010,0.000
4024,3764.960,0.000,3765.000,0.000
4025,6058.047,0.000,6058.161,0.000
4026,5822.150,0.000,5822.276,0.000
4027,6291.572,0.000,6291.621,0.000
4028,3707.022,0.000,3707.214,0.000
4029,6167.730,0.000,6167.787,0.000
4030,4887.838,0.000,4888.067,0.000
4031,8418.060,0.000,8418.207,0.000
4032,3810.730,0.000,3810.759,0.000
4033,1835.243,0.000,1835.290,0.000
4034,2953.734,0.000,2953.781,0.000
4035,4254.157,0.000,4254.287,0.000
4036,3715.985,0.000,3716.046,0.000
4037,9591.918,0.000,9591.980,0.000
4038,5153.172,0.000,5153.254,0.000
4039,7086.398,0.000,7086.488,0.000
4040,5583.185,0.000,5583.311,0.000
4041,8085.260,0.000,8085.357,0.000
4042,4513.134,0.000,4513.248,0.000
4043,8449.536,0.000,8449.595,0.000
4044,3792.547,0.000,3792.730,0.000
