index,station,datetime,nlev,psfc_pa,raw_levels
0,USM00072357,2025-01-01 00Z,89,98101,255
1,USM00072357,2025-01-01 12Z,89,98632,257
2,USM00072357,2025-01-02 00Z,89,98472,239
3,USM00072357,2025-01-02 12Z,89,98294,248
4,USM00072357,2025-01-03 00Z,89,98117,227
5,USM00072357,2025-01-03 12Z,89,98827,252
6,USM00072357,2025-01-04 00Z,89,98462,253
7,USM00072357,2025-01-04 12Z,89,98037,282
8,USM00072357,2025-01-05 00Z,88,97132,270
9,USM00072357,2025-01-05 12Z,87,96336,284
10,USM00072357,2025-01-06 00Z,89,98009,250
11,USM00072357,2025-01-06 12Z,89,98750,255
12,USM00072357,2025-01-07 00Z,89,98859,256
13,USM00072357,2025-01-07 12Z,90,99120,269
14,USM00072357,2025-01-08 00Z,90,99206,303
15,USM00072357,2025-01-08 12Z,90,99503,270
16,USM00072357,2025-01-09 00Z,89,98742,245
17,USM00072357,2025-01-09 12Z,89,98136,259
18,USM00072357,2025-01-10 00Z,88,97787,259
19,USM00072357,2025-01-10 12Z,88,97702,220
20,USM00072357,2025-01-11 00Z,88,97731,215
21,USM00072357,2025-01-11 12Z,88,97203,250
22,USM00072357,2025-01-12 00Z,87,96678,238
23,USM00072357,2025-01-12 12Z,87,96988,279
24,USM00072357,2025-01-13 00Z,88,97835,240
25,USM00072357,2025-01-13 12Z,89,98656,286
26,USM00072357,2025-01-14 00Z,89,98570,252
27,USM00072357,2025-01-14 12Z,89,98659,279
28,USM00072357,2025-01-15 00Z,89,98577,252
29,USM00072357,2025-01-15 12Z,89,98911,253
30,USM00072357,2025-01-16 00Z,89,98780,215
31,USM00072357,2025-01-16 12Z,89,98624,229
32,USM00072357,2025-01-17 00Z,89,98002,218
33,USM00072357,2025-01-17 12Z,88,97040,217
34,USM00072357,2025-01-18 00Z,86,95935,252
35,USM00072357,2025-01-18 12Z,88,97341,274
36,USM00072357,2025-01-19 00Z,89,98121,268
37,USM00072357,2025-01-19 12Z,90,99014,245
38,USM00072357,2025-01-20 00Z,89,98996,213
39,USM00072357,2025-01-20 12Z,90,99135,209
40,USM00072357,2025-01-21 00Z,90,99261,258
41,USM00072357,2025-01-21 12Z,90,99924,228
42,USM00072357,2025-01-22 00Z,90,99137,181
43,USM00072357,2025-01-22 12Z,89,98016,245
44,USM00072357,2025-01-23 12Z,89,98807,253
45,USM00072357,2025-01-24 00Z,89,98994,238
46,USM00072357,2025-01-24 12Z,89,98636,222
47,USM00072357,2025-01-25 00Z,88,97905,235
48,USM00072357,2025-01-25 12Z,88,97684,251
49,USM00072357,2025-01-26 00Z,89,98010,254
50,USM00072357,2025-01-26 12Z,89,98547,291
51,USM00072357,2025-01-27 00Z,89,98472,245
52,USM00072357,2025-01-27 12Z,89,98661,237
53,USM00072357,2025-01-28 00Z,89,98008,236
54,USM00072357,2025-01-28 12Z,88,97811,268
55,USM00072357,2025-01-29 00Z,88,97589,236
56,USM00072357,2025-01-29 12Z,88,97591,285
57,USM00072357,2025-01-30 00Z,88,97254,270
58,USM00072357,2025-01-30 12Z,88,97121,253
59,USM00072357,2025-01-31 00Z,87,96656,203
60,USM00072357,2025-01-31 12Z,87,96966,252
61,USM00072357,2025-02-01 00Z,88,97783,216
62,USM00072357,2025-02-02 00Z,88,97277,259
63,USM00072357,2025-02-02 12Z,88,97217,206
64,USM00072357,2025-02-03 12Z,87,96935,245
65,USM00072357,2025-02-04 00Z,88,97134,237
66,USM00072357,2025-02-04 12Z,89,98005,277
67,USM00072357,2025-02-05 00Z,89,98121,264
68,USM00072357,2025-02-05 12Z,88,97858,295
69,USM00072357,2025-02-06 00Z,87,96961,201
70,USM00072357,2025-02-06 12Z,87,96974,222
71,USM00072357,2025-02-07 00Z,88,97801,247
72,USM00072357,2025-02-07 12Z,88,97692,251
73,USM00072357,2025-02-08 12Z,87,96676,238
74,USM00072357,2025-02-09 12Z,89,98286,286
75,USM00072357,2025-02-11 00Z,88,97916,266
76,USM00072357,2025-02-11 12Z,88,97720,278
77,USM00072357,2025-02-12 00Z,88,97281,208
78,USM00072357,2025-02-12 12Z,87,96701,257
79,USM00072357,2025-02-13 00Z,88,97527,271
80,USM00072357,2025-02-13 12Z,89,98684,255
81,USM00072357,2025-02-14 00Z,89,98948,211
82,USM00072357,2025-02-14 12Z,89,98618,277
83,USM00072357,2025-02-15 00Z,88,97350,284
84,USM00072357,2025-02-15 12Z,87,96752,280
85,USM00072357,2025-02-16 00Z,88,97223,194
86,USM00072357,2025-02-16 12Z,89,98307,219
87,USM00072357,2025-02-17 00Z,89,98543,212
88,USM00072357,2025-02-17 12Z,89,98336,226
89,USM00072357,2025-02-18 00Z,88,97462,230
90,USM00072357,2025-02-19 00Z,89,98527,187
91,USM00072357,2025-02-19 12Z,90,99330,224
92,USM00072357,2025-02-20 00Z,90,99424,225
93,USM00072357,2025-02-20 12Z,90,99621,244
94,USM00072357,2025-02-21 00Z,90,99279,262
95,USM00072357,2025-02-21 12Z,90,99491,308
96,USM00072357,2025-02-22 00Z,90,99088,235
97,USM00072357,2025-02-23 00Z,89,98251,197
98,USM00072357,2025-02-23 12Z,89,98063,187
99,USM00072357,2025-02-24 00Z,88,97537,253
100,USM00072357,2025-02-24 12Z,88,97488,237
101,USM00072357,2025-02-25 00Z,88,97138,250
102,USM00072357,2025-02-25 12Z,88,97382,275
103,USM00072357,2025-02-26 00Z,87,96897,197
104,USM00072357,2025-02-26 12Z,87,96679,207
105,USM00072357,2025-02-27 00Z,88,97442,288
106,USM00072357,2025-02-27 12Z,89,98260,233
107,USM00072357,2025-02-28 00Z,89,98178,194
108,USM00072357,2025-02-28 12Z,88,97814,235
109,USM00072357,2025-03-01 00Z,88,97156,236
110,USM00072357,2025-03-01 12Z,88,97640,238
111,USM00072357,2025-03-02 00Z,88,97728,223
112,USM00072357,2025-03-02 12Z,88,97721,232
113,USM00072357,2025-03-03 00Z,88,97326,169
114,USM00072357,2025-03-03 12Z,88,97018,226
115,USM00072357,2025-03-04 00Z,87,96446,243
116,USM00072357,2025-03-04 12Z,86,95698,211
117,USM00072357,2025-03-05 00Z,86,95799,217
118,USM00072357,2025-03-05 12Z,88,97274,193
119,USM00072357,2025-03-06 00Z,88,97608,235
120,USM00072357,2025-03-06 12Z,88,97624,242
121,USM00072357,2025-03-07 00Z,87,96815,209
122,USM00072357,2025-03-07 12Z,87,96475,247
123,USM00072357,2025-03-08 00Z,87,96901,196
124,USM00072357,2025-03-08 12Z,88,97566,255
125,USM00072357,2025-03-09 00Z,88,97761,262
126,USM00072357,2025-03-09 12Z,88,97954,252
127,USM00072357,2025-03-10 00Z,88,97800,250
128,USM00072357,2025-03-10 12Z,88,97633,210
129,USM00072357,2025-03-11 00Z,88,97163,177
130,USM00072357,2025-03-11 12Z,87,96852,195
131,USM00072357,2025-03-12 00Z,87,96459,205
132,USM00072357,2025-03-12 12Z,87,96371,204
133,USM00072357,2025-03-13 00Z,87,96251,178
134,USM00072357,2025-03-13 12Z,87,96627,176
135,USM00072357,2025-03-14 00Z,87,96340,255
136,USM00072357,2025-03-14 12Z,86,95470,194
137,USM00072357,2025-03-15 00Z,86,95236,227
138,USM00072357,2025-03-15 12Z,86,95835,247
139,USM00072357,2025-03-16 00Z,87,96146,241
140,USM00072357,2025-03-16 12Z,88,97316,215
141,USM00072357,2025-03-17 00Z,88,97818,225
142,USM00072357,2025-03-17 12Z,88,97784,233
143,USM00072357,2025-03-18 00Z,88,97180,227
144,USM00072357,2025-03-18 12Z,87,96923,232
145,USM00072357,2025-03-19 00Z,86,95946,210
146,USM00072357,2025-03-19 12Z,87,96336,190
147,USM00072357,2025-03-20 00Z,88,97810,201
148,USM00072357,2025-03-20 12Z,89,98483,240
149,USM00072357,2025-03-21 00Z,89,98108,206
150,USM00072357,2025-03-21 12Z,88,97496,250
151,USM00072357,2025-03-22 00Z,88,97283,226
152,USM00072357,2025-03-22 12Z,88,97537,249
153,USM00072357,2025-03-23 00Z,87,96640,212
154,USM00072357,2025-03-23 12Z,87,96542,233
155,USM00072357,2025-03-24 00Z,88,97486,253
156,USM00072357,2025-03-24 12Z,88,97673,243
157,USM00072357,2025-03-25 00Z,88,97413,257
158,USM00072357,2025-03-25 12Z,88,97707,246
159,USM00072357,2025-03-26 00Z,88,97661,231
160,USM00072357,2025-03-26 12Z,89,98094,260
161,USM00072357,2025-03-27 00Z,88,97771,259
162,USM00072357,2025-03-27 12Z,88,97761,242
163,USM00072357,2025-03-28 00Z,88,97391,288
164,USM00072357,2025-03-28 12Z,88,97293,284
165,USM00072357,2025-03-29 00Z,87,96811,245
166,USM00072357,2025-03-29 12Z,87,96611,251
167,USM00072357,2025-03-30 00Z,87,96293,278
168,USM00072357,2025-03-30 12Z,87,96687,263
169,USM00072357,2025-03-31 00Z,87,96991,274
170,USM00072357,2025-03-31 12Z,88,97453,224
171,USM00072357,2025-04-01 00Z,88,97352,257
172,USM00072357,2025-04-01 12Z,87,96749,224
173,USM00072357,2025-04-02 00Z,86,95555,215
174,USM00072357,2025-04-02 12Z,86,95836,276
175,USM00072357,2025-04-03 00Z,87,96345,275
176,USM00072357,2025-04-03 12Z,88,97298,305
177,USM00072357,2025-04-04 00Z,88,97259,273
178,USM00072357,2025-04-04 12Z,88,97330,302
179,USM00072357,2025-04-05 00Z,88,97194,244
180,USM00072357,2025-04-05 12Z,88,97575,221
181,USM00072357,2025-04-06 00Z,88,97713,240
182,USM00072357,2025-04-06 12Z,88,97997,254
183,USM00072357,2025-04-07 00Z,88,97711,278
184,USM00072357,2025-04-07 12Z,88,97741,273
185,USM00072357,2025-04-08 00Z,88,97661,258
186,USM00072357,2025-04-08 12Z,88,97888,262
187,USM00072357,2025-04-09 00Z,88,97510,286
188,USM00072357,2025-04-09 12Z,88,97271,258
189,USM00072357,2025-04-10 00Z,88,97381,236
190,USM00072357,2025-04-10 12Z,88,97851,259
191,USM00072357,2025-04-11 00Z,89,98161,264
192,USM00072357,2025-04-11 12Z,89,98371,194
193,USM00072357,2025-04-12 00Z,89,98099,219
194,USM00072357,2025-04-12 12Z,88,97859,259
195,USM00072357,2025-04-13 00Z,88,97131,229
196,USM00072357,2025-04-13 12Z,87,96729,238
197,USM00072357,2025-04-14 00Z,87,96547,250
198,USM00072357,2025-04-14 12Z,88,97132,245
199,USM00072357,2025-04-15 00Z,88,97883,247
200,USM00072357,2025-04-15 12Z,89,98599,246
201,USM00072357,2025-04-16 00Z,89,98150,256
202,USM00072357,2025-04-16 12Z,88,97808,249
203,USM00072357,2025-04-17 00Z,87,96941,195
204,USM00072357,2025-04-17 12Z,87,96696,229
205,USM00072357,2025-04-18 00Z,87,96450,263
206,USM00072357,2025-04-18 12Z,87,96520,252
207,USM00072357,2025-04-19 00Z,87,96906,219
208,USM00072357,2025-04-19 12Z,88,97391,272
209,USM00072357,2025-04-20 00Z,88,97498,289
210,USM00072357,2025-04-20 12Z,87,96821,276
211,USM00072357,2025-04-21 12Z,88,97673,214
212,USM00072357,2025-04-22 00Z,88,97460,228
213,USM00072357,2025-04-22 12Z,88,97461,250
214,USM00072357,2025-04-23 00Z,88,97155,232
215,USM00072357,2025-04-23 12Z,88,97338,242
216,USM00072357,2025-04-24 00Z,88,97372,222
217,USM00072357,2025-04-24 12Z,88,97541,244
218,USM00072357,2025-04-25 00Z,88,97268,246
219,USM00072357,2025-04-25 12Z,88,97413,238
220,USM00072357,2025-04-26 00Z,88,97646,245
221,USM00072357,2025-04-26 12Z,88,97655,228
222,USM00072357,2025-04-27 00Z,88,97538,251
223,USM00072357,2025-04-27 12Z,88,97525,215
224,USM00072357,2025-04-28 00Z,88,97233,205
225,USM00072357,2025-04-28 12Z,88,97055,217
226,USM00072357,2025-04-29 00Z,88,97103,151
227,USM00072357,2025-04-30 00Z,88,97462,239
228,USM00072357,2025-05-01 00Z,87,96732,219
229,USM00072357,2025-05-01 12Z,88,97105,271
230,USM00072357,2025-05-02 00Z,88,97080,235
231,USM00072357,2025-05-02 12Z,88,97339,237
232,USM00072357,2025-05-03 00Z,88,97366,219
233,USM00072357,2025-05-04 00Z,88,97560,196
234,USM00072357,2025-05-04 12Z,88,97528,236
235,USM00072357,2025-05-05 00Z,88,97254,247
236,USM00072357,2025-05-05 12Z,88,97401,281
237,USM00072357,2025-05-06 00Z,88,97199,254
238,USM00072357,2025-05-06 12Z,88,97291,278
239,USM00072357,2025-05-07 00Z,88,97054,230
240,USM00072357,2025-05-07 12Z,88,97241,249
241,USM00072357,2025-05-08 00Z,88,97303,220
242,USM00072357,2025-05-08 12Z,88,97685,227
243,USM00072357,2025-05-09 00Z,88,97699,260
244,USM00072357,2025-05-09 12Z,88,97904,265
245,USM00072357,2025-05-10 00Z,88,97851,234
246,USM00072357,2025-05-10 12Z,89,98019,275
247,USM00072357,2025-05-11 00Z,88,97974,244
248,USM00072357,2025-05-11 12Z,88,97927,273
249,USM00072357,2025-05-12 00Z,88,97553,276
250,USM00072357,2025-05-12 12Z,88,97417,231
251,USM00072357,2025-05-13 00Z,87,96841,242
252,USM00072357,2025-05-13 12Z,87,96612,243
253,USM00072357,2025-05-14 00Z,87,96011,210
254,USM00072357,2025-05-14 12Z,86,95758,197
255,USM00072357,2025-05-15 00Z,86,95951,208
256,USM00072357,2025-05-15 12Z,87,96416,252
257,USM00072357,2025-05-16 00Z,87,96841,246
258,USM00072357,2025-05-16 12Z,87,96573,191
259,USM00072357,2025-05-17 00Z,87,96831,231
260,USM00072357,2025-05-17 12Z,88,97093,240
261,USM00072357,2025-05-18 12Z,87,96795,258
262,USM00072357,2025-05-19 12Z,87,96305,224
263,USM00072357,2025-05-20 00Z,86,95790,320
264,USM00072357,2025-05-20 12Z,87,96717,225
265,USM00072357,2025-05-21 00Z,88,97051,218
266,USM00072357,2025-05-21 12Z,88,97368,224
267,USM00072357,2025-05-22 00Z,88,97228,205
268,USM00072357,2025-05-22 12Z,88,97614,264
269,USM00072357,2025-05-23 00Z,88,97538,241
270,USM00072357,2025-05-23 12Z,88,97560,263
271,USM00072357,2025-05-24 00Z,88,97082,223
272,USM00072357,2025-05-24 12Z,87,96951,292
273,USM00072357,2025-05-25 00Z,88,97068,188
274,USM00072357,2025-05-25 12Z,87,96828,276
275,USM00072357,2025-05-26 12Z,88,97315,249
276,USM00072357,2025-05-27 00Z,88,97330,285
277,USM00072357,2025-05-27 12Z,88,97481,263
278,USM00072357,2025-05-28 00Z,88,97695,237
279,USM00072357,2025-05-28 12Z,88,97931,263
280,USM00072357,2025-05-29 00Z,88,97562,261
281,USM00072357,2025-05-29 12Z,88,97671,221
282,USM00072357,2025-05-30 12Z,88,97901,275
283,USM00072357,2025-05-31 00Z,88,97663,196
284,USM00072357,2025-05-31 12Z,88,97650,258
285,USM00072357,2025-06-01 00Z,88,97200,205
286,USM00072357,2025-06-03 00Z,87,96854,318
287,USM00072357,2025-06-04 12Z,88,97381,286
288,USM00072357,2025-06-05 00Z,88,97387,271
289,USM00072357,2025-06-05 12Z,88,97588,306
290,USM00072357,2025-06-06 00Z,88,97322,284
291,USM00072357,2025-06-06 12Z,88,97322,284
292,USM00072357,2025-06-07 00Z,88,97178,235
293,USM00072357,2025-06-07 12Z,88,97151,286
294,USM00072357,2025-06-08 00Z,88,97095,236
295,USM00072357,2025-06-08 12Z,88,97141,260
296,USM00072357,2025-06-09 12Z,88,97201,301
297,USM00072357,2025-06-10 00Z,88,97203,249
298,USM00072357,2025-06-10 12Z,88,97451,268
299,USM00072357,2025-06-11 00Z,88,97452,291
300,USM00072357,2025-06-11 12Z,88,97652,331
301,USM00072357,2025-06-12 00Z,88,97480,276
302,USM00072357,2025-06-12 12Z,88,97291,301
303,USM00072357,2025-06-13 00Z,88,97015,271
304,USM00072357,2025-06-13 12Z,88,97183,298
305,USM00072357,2025-06-14 00Z,88,97088,333
306,USM00072357,2025-06-14 12Z,88,97251,344
307,USM00072357,2025-06-15 00Z,88,97370,337
308,USM00072357,2025-06-16 00Z,88,97301,282
309,USM00072357,2025-06-16 12Z,88,97400,277
310,USM00072357,2025-06-17 00Z,88,97122,272
311,USM00072357,2025-06-17 12Z,87,96886,295
312,USM00072357,2025-06-18 12Z,88,97231,274
313,USM00072357,2025-06-19 00Z,88,97298,248
314,USM00072357,2025-06-19 12Z,88,97606,224
315,USM00072357,2025-06-20 00Z,88,97487,212
316,USM00072357,2025-06-20 12Z,88,97447,288
317,USM00072357,2025-06-21 00Z,88,97151,254
318,USM00072357,2025-06-21 12Z,88,97297,264
319,USM00072357,2025-06-22 00Z,88,97135,257
320,USM00072357,2025-06-22 12Z,88,97479,237
321,USM00072357,2025-06-23 00Z,88,97455,222
322,USM00072357,2025-06-23 12Z,88,97653,310
323,USM00072357,2025-06-24 00Z,88,97646,242
324,USM00072357,2025-06-24 12Z,88,97947,336
325,USM00072357,2025-06-25 00Z,88,97797,293
326,USM00072357,2025-06-25 12Z,88,97884,224
327,USM00072357,2025-06-26 00Z,88,97580,340
328,USM00072357,2025-06-26 12Z,88,97587,261
329,USM00072357,2025-06-27 00Z,88,97403,352
330,USM00072357,2025-06-27 12Z,88,97530,301
331,USM00072357,2025-06-28 00Z,88,97480,312
332,USM00072357,2025-06-28 12Z,88,97512,326
333,USM00072357,2025-06-29 00Z,88,97324,295
334,USM00072357,2025-06-29 12Z,88,97460,254
335,USM00072357,2025-06-30 00Z,88,97165,274
336,USM00072357,2025-06-30 12Z,88,97478,269
337,USM00072357,2025-07-01 00Z,88,97474,264
338,USM00072357,2025-07-01 12Z,88,97841,234
339,USM00072357,2025-07-02 00Z,88,97731,242
340,USM00072357,2025-07-02 12Z,88,97756,281
341,USM00072357,2025-07-03 00Z,88,97581,253
342,USM00072357,2025-07-03 12Z,88,97583,266
343,USM00072357,2025-07-04 00Z,88,97461,274
344,USM00072357,2025-07-04 12Z,88,97499,295
345,USM00072357,2025-07-05 00Z,88,97341,256
346,USM00072357,2025-07-05 12Z,88,97453,251
347,USM00072357,2025-07-06 00Z,88,97445,272
348,USM00072357,2025-07-06 12Z,88,97479,292
349,USM00072357,2025-07-07 00Z,88,97319,241
350,USM00072357,2025-07-07 12Z,88,97574,325
351,USM00072357,2025-07-08 00Z,88,97438,250
352,USM00072357,2025-07-08 12Z,88,97754,270
353,USM00072357,2025-07-09 00Z,88,97523,258
354,USM00072357,2025-07-09 12Z,88,97658,174
355,USM00072357,2025-07-10 00Z,88,97465,202
356,USM00072357,2025-07-10 12Z,88,97451,220
357,USM00072357,2025-07-11 00Z,88,97129,229
358,USM00072357,2025-07-11 12Z,88,97221,269
359,USM00072357,2025-07-12 00Z,88,97145,269
360,USM00072357,2025-07-12 12Z,88,97478,272
361,USM00072357,2025-07-13 00Z,88,97464,220
362,USM00072357,2025-07-13 12Z,88,97508,244
363,USM00072357,2025-07-14 00Z,88,97438,286
364,USM00072357,2025-07-14 12Z,88,97662,299
365,USM00072357,2025-07-15 00Z,88,97484,261
366,USM00072357,2025-07-15 12Z,88,97546,289
367,USM00072357,2025-07-16 00Z,88,97242,268
368,USM00072357,2025-07-16 12Z,88,97304,276
369,USM00072357,2025-07-17 00Z,88,97159,229
370,USM00072357,2025-07-17 12Z,88,97281,292
371,USM00072357,2025-07-18 00Z,88,97279,279
372,USM00072357,2025-07-18 12Z,88,97551,344
373,USM00072357,2025-07-19 00Z,88,97394,277
374,USM00072357,2025-07-19 12Z,88,97589,264
375,USM00072357,2025-07-20 00Z,88,97334,253
376,USM00072357,2025-07-20 12Z,88,97394,224
377,USM00072357,2025-07-21 00Z,88,97234,215
378,USM00072357,2025-07-21 12Z,88,97390,290
379,USM00072357,2025-07-22 00Z,88,97090,240
380,USM00072357,2025-07-22 12Z,88,97357,261
381,USM00072357,2025-07-23 00Z,88,97263,270
382,USM00072357,2025-07-23 12Z,88,97492,227
383,USM00072357,2025-07-24 00Z,88,97343,231
384,USM00072357,2025-07-24 12Z,88,97474,253
385,USM00072357,2025-07-25 00Z,88,97265,257
386,USM00072357,2025-07-25 12Z,88,97404,308
387,USM00072357,2025-07-26 00Z,88,97143,259
388,USM00072357,2025-07-26 12Z,88,97331,288
389,USM00072357,2025-07-27 00Z,88,97270,297
390,USM00072357,2025-07-27 12Z,88,97661,304
391,USM00072357,2025-07-28 00Z,88,97691,261
392,USM00072357,2025-07-28 12Z,89,98020,306
393,USM00072357,2025-07-29 00Z,88,97869,273
394,USM00072357,2025-07-29 12Z,89,98031,290
395,USM00072357,2025-07-30 00Z,88,97737,236
396,USM00072357,2025-07-30 12Z,88,97709,280
397,USM00072357,2025-07-31 00Z,88,97354,257
398,USM00072357,2025-07-31 12Z,88,97731,303
399,USM00072357,2025-08-01 00Z,88,97749,292
400,USM00072357,2025-08-01 12Z,89,98084,283
401,USM00072357,2025-08-02 00Z,89,98114,278
402,USM00072357,2025-08-02 12Z,89,98206,287
403,USM00072357,2025-08-03 00Z,88,97873,218
404,USM00072357,2025-08-03 12Z,88,97739,262
405,USM00072357,2025-08-04 00Z,88,97435,229
406,USM00072357,2025-08-04 12Z,88,97523,240
407,USM00072357,2025-08-05 00Z,88,97551,222
408,USM00072357,2025-08-05 12Z,88,97825,256
409,USM00072357,2025-08-06 00Z,88,97773,286
410,USM00072357,2025-08-06 12Z,88,97978,269
411,USM00072357,2025-08-07 00Z,88,97804,253
412,USM00072357,2025-08-08 00Z,88,97488,288
413,USM00072357,2025-08-08 12Z,88,97382,264
414,USM00072357,2025-08-09 00Z,88,97052,265
415,USM00072357,2025-08-09 12Z,88,97237,291
416,USM00072357,2025-08-10 00Z,88,97098,288
417,USM00072357,2025-08-10 12Z,88,97452,281
418,USM00072357,2025-08-11 00Z,88,97280,307
419,USM00072357,2025-08-11 12Z,88,97537,333
420,USM00072357,2025-08-12 12Z,88,97558,259
421,USM00072357,2025-08-13 00Z,88,97370,245
422,USM00072357,2025-08-13 12Z,88,97546,250
423,USM00072357,2025-08-14 00Z,88,97270,205
424,USM00072357,2025-08-14 12Z,88,97429,246
425,USM00072357,2025-08-15 00Z,88,97223,205
426,USM00072357,2025-08-15 12Z,88,97465,234
427,USM00072357,2025-08-16 00Z,88,97567,239
428,USM00072357,2025-08-16 12Z,88,97746,242
429,USM00072357,2025-08-17 00Z,88,97501,257
430,USM00072357,2025-08-17 12Z,88,97545,266
431,USM00072357,2025-08-18 00Z,88,97284,280
432,USM00072357,2025-08-18 12Z,88,97493,280
433,USM00072357,2025-08-19 00Z,88,97298,257
434,USM00072357,2025-08-19 12Z,88,97629,273
435,USM00072357,2025-08-20 00Z,88,97404,314
436,USM00072357,2025-08-20 12Z,88,97654,252
437,USM00072357,2025-08-21 00Z,88,97383,213
438,USM00072357,2025-08-21 12Z,88,97567,241
439,USM00072357,2025-08-22 12Z,88,97639,240
440,USM00072357,2025-08-23 00Z,88,97446,198
441,USM00072357,2025-08-23 12Z,88,97722,272
442,USM00072357,2025-08-24 00Z,88,97558,279
443,USM00072357,2025-08-24 12Z,88,97790,285
444,USM00072357,2025-08-25 00Z,88,97536,208
445,USM00072357,2025-08-25 12Z,88,97708,225
446,USM00072357,2025-08-26 00Z,88,97904,255
447,USM00072357,2025-08-26 12Z,89,98182,233
448,USM00072357,2025-08-27 00Z,89,98172,255
449,USM00072357,2025-08-27 12Z,89,98151,230
450,USM00072357,2025-08-28 00Z,88,97797,275
451,USM00072357,2025-08-28 12Z,88,97521,268
452,USM00072357,2025-08-29 00Z,88,97460,279
453,USM00072357,2025-08-29 12Z,88,97731,250
454,USM00072357,2025-08-30 00Z,88,97590,240
455,USM00072357,2025-08-30 12Z,88,97548,279
456,USM00072357,2025-08-31 00Z,88,97515,266
457,USM00072357,2025-08-31 12Z,88,97684,291
458,USM00072357,2025-09-01 00Z,88,97603,302
459,USM00072357,2025-09-01 12Z,88,97797,262
460,USM00072357,2025-09-02 00Z,88,97615,223
461,USM00072357,2025-09-02 12Z,88,97728,165
462,USM00072357,2025-09-03 00Z,88,97603,168
463,USM00072357,2025-09-03 12Z,88,97621,184
464,USM00072357,2025-09-04 00Z,88,97159,189
465,USM00072357,2025-09-04 12Z,88,97011,172
466,USM00072357,2025-09-05 00Z,87,96795,211
467,USM00072357,2025-09-05 12Z,87,96891,267
468,USM00072357,2025-09-06 00Z,88,97461,277
469,USM00072357,2025-09-06 12Z,88,97948,311
470,USM00072357,2025-09-07 00Z,88,97885,294
471,USM00072357,2025-09-07 12Z,89,98141,276
472,USM00072357,2025-09-08 00Z,89,98028,260
473,USM00072357,2025-09-08 12Z,89,98089,266
474,USM00072357,2025-09-09 00Z,88,97686,262
475,USM00072357,2025-09-09 12Z,88,97685,256
476,USM00072357,2025-09-10 00Z,88,97424,296
477,USM00072357,2025-09-10 12Z,88,97697,293
478,USM00072357,2025-09-11 00Z,88,97694,269
479,USM00072357,2025-09-11 12Z,88,97865,273
480,USM00072357,2025-09-12 00Z,88,97736,283
481,USM00072357,2025-09-12 12Z,88,97876,290
482,USM00072357,2025-09-13 00Z,88,97641,261
483,USM00072357,2025-09-13 12Z,88,97711,293
484,USM00072357,2025-09-14 00Z,88,97406,272
485,USM00072357,2025-09-14 12Z,88,97401,299
486,USM00072357,2025-09-15 00Z,88,97305,295
487,USM00072357,2025-09-15 12Z,88,97649,341
488,USM00072357,2025-09-16 00Z,88,97601,293
489,USM00072357,2025-09-16 12Z,88,97913,212
490,USM00072357,2025-09-17 00Z,88,97708,280
491,USM00072357,2025-09-17 12Z,88,97744,291
492,USM00072357,2025-09-18 00Z,88,97379,265
493,USM00072357,2025-09-18 12Z,88,97522,274
494,USM00072357,2025-09-19 00Z,88,97445,223
495,USM00072357,2025-09-19 12Z,88,97739,274
496,USM00072357,2025-09-20 00Z,88,97378,235
497,USM00072357,2025-09-20 12Z,88,97544,259
498,USM00072357,2025-09-21 00Z,88,97318,247
499,USM00072357,2025-09-21 12Z,88,97371,249
500,USM00072357,2025-09-22 00Z,88,97022,224
501,USM00072357,2025-09-22 12Z,88,97024,251
502,USM00072357,2025-09-23 00Z,87,96795,264
503,USM00072357,2025-09-23 12Z,87,96785,216
504,USM00072357,2025-09-24 00Z,88,97023,248
505,USM00072357,2025-09-24 12Z,88,97509,267
506,USM00072357,2025-09-25 00Z,88,97654,225
507,USM00072357,2025-09-25 12Z,88,97808,243
508,USM00072357,2025-09-26 00Z,88,97473,214
509,USM00072357,2025-09-26 12Z,88,97467,230
510,USM00072357,2025-09-27 00Z,88,97166,234
511,USM00072357,2025-09-27 12Z,88,97404,241
512,USM00072357,2025-09-28 00Z,88,97380,236
513,USM00072357,2025-09-28 12Z,88,97808,265
514,USM00072357,2025-09-29 00Z,88,97741,245
515,USM00072357,2025-09-29 12Z,88,97946,269
516,USM00072357,2025-09-30 00Z,88,97831,279
517,USM00072357,2025-09-30 12Z,88,97895,289
518,USM00072357,2025-10-01 00Z,88,97612,268
519,USM00072357,2025-10-01 12Z,88,97748,257
520,USM00072357,2025-10-02 00Z,88,97549,255
521,USM00072357,2025-10-02 12Z,88,97875,276
522,USM00072357,2025-10-03 00Z,88,97829,242
523,USM00072357,2025-10-03 12Z,89,98023,241
524,USM00072357,2025-10-04 00Z,88,97735,222
525,USM00072357,2025-10-04 12Z,88,97730,244
526,USM00072357,2025-10-05 00Z,88,97250,187
527,USM00072357,2025-10-05 12Z,88,97341,246
528,USM00072357,2025-10-06 00Z,88,97105,225
529,USM00072357,2025-10-06 12Z,88,97412,275
530,USM00072357,2025-10-07 00Z,88,97340,246
531,USM00072357,2025-10-07 12Z,88,97841,298
532,USM00072357,2025-10-08 00Z,88,97981,274
533,USM00072357,2025-10-08 12Z,89,98327,270
534,USM00072357,2025-10-09 00Z,89,98131,275
535,USM00072357,2025-10-09 12Z,89,98400,234
536,USM00072357,2025-10-10 00Z,89,98081,234
537,USM00072357,2025-10-10 12Z,89,98228,247
538,USM00072357,2025-10-11 00Z,88,97849,224
539,USM00072357,2025-10-11 12Z,88,97690,256
540,USM00072357,2025-10-12 00Z,88,97163,271
541,USM00072357,2025-10-12 12Z,87,96902,273
542,USM00072357,2025-10-13 00Z,87,96745,282
543,USM00072357,2025-10-13 12Z,88,97133,235
544,USM00072357,2025-10-14 00Z,88,97526,241
545,USM00072357,2025-10-14 12Z,88,97968,241
546,USM00072357,2025-10-15 00Z,88,97944,262
547,USM00072357,2025-10-15 12Z,89,98008,259
548,USM00072357,2025-10-16 00Z,88,97576,253
549,USM00072357,2025-10-16 12Z,88,97460,264
550,USM00072357,2025-10-17 00Z,88,97081,257
551,USM00072357,2025-10-17 12Z,88,97064,334
552,USM00072357,2025-10-18 00Z,87,96641,268
553,USM00072357,2025-10-18 12Z,87,96571,228
554,USM00072357,2025-10-19 00Z,87,96616,294
555,USM00072357,2025-10-19 12Z,89,98121,233
556,USM00072357,2025-10-20 00Z,88,97799,218
557,USM00072357,2025-10-20 12Z,88,97265,211
558,USM00072357,2025-10-21 00Z,88,97122,241
559,USM00072357,2025-10-21 12Z,89,98019,219
560,USM00072357,2025-10-22 00Z,89,98038,203
561,USM00072357,2025-10-22 12Z,89,98031,234
562,USM00072357,2025-10-23 00Z,88,97671,248
563,USM00072357,2025-10-23 12Z,88,97781,269
564,USM00072357,2025-10-24 00Z,88,97527,240
565,USM00072357,2025-10-24 12Z,88,97611,262
566,USM00072357,2025-10-25 00Z,88,97422,200
567,USM00072357,2025-10-25 12Z,88,97201,277
568,USM00072357,2025-10-27 00Z,88,97402,230
569,USM00072357,2025-10-27 12Z,88,97391,235
570,USM00072357,2025-10-28 00Z,88,97021,267
571,USM00072357,2025-10-28 12Z,88,97144,201
572,USM00072357,2025-10-29 00Z,89,98001,216
573,USM00072357,2025-10-29 12Z,89,98206,206
574,USM00072357,2025-10-30 00Z,89,98065,201
575,USM00072357,2025-10-30 12Z,88,97959,186
576,USM00072357,2025-10-31 00Z,88,97679,222
577,USM00072357,2025-10-31 12Z,88,97907,223
578,USM00072357,2025-11-01 00Z,88,97539,254
579,USM00072357,2025-11-01 12Z,88,97911,236
580,USM00072357,2025-11-02 00Z,89,98106,221
581,USM00072357,2025-11-02 12Z,89,98331,227
582,USM00072357,2025-11-03 00Z,88,97935,235
583,USM00072357,2025-11-03 12Z,89,98064,244
584,USM00072357,2025-11-04 00Z,89,98068,234
585,USM00072357,2025-11-04 12Z,89,98171,227
586,USM00072357,2025-11-05 00Z,88,97533,216
587,USM00072357,2025-11-05 12Z,88,97561,223
588,USM00072357,2025-11-06 00Z,88,97872,231
589,USM00072357,2025-11-06 12Z,88,97667,224
590,USM00072357,2025-11-07 00Z,87,96829,262
591,USM00072357,2025-11-07 12Z,87,96771,233
592,USM00072357,2025-11-08 00Z,88,97033,259
593,USM00072357,2025-11-08 12Z,88,97011,210
594,USM00072357,2025-11-09 00Z,88,97400,229
595,USM00072357,2025-11-09 12Z,89,98665,242
596,USM00072357,2025-11-10 00Z,90,99088,218
597,USM00072357,2025-11-10 12Z,90,99301,159
598,USM00072357,2025-11-11 00Z,89,98873,211
599,USM00072357,2025-11-11 12Z,88,97963,241
600,USM00072357,2025-11-12 00Z,88,97349,230
601,USM00072357,2025-11-12 12Z,88,97795,223
602,USM00072357,2025-11-13 00Z,88,97822,192
603,USM00072357,2025-11-13 12Z,88,97855,230
604,USM00072357,2025-11-14 00Z,88,97462,256
605,USM00072357,2025-11-14 12Z,88,97367,252
606,USM00072357,2025-11-15 00Z,88,97128,225
607,USM00072357,2025-11-15 12Z,87,96967,234
608,USM00072357,2025-11-16 00Z,87,96721,216
609,USM00072357,2025-11-16 12Z,88,97103,248
610,USM00072357,2025-11-17 00Z,87,96985,233
611,USM00072357,2025-11-17 12Z,87,96832,200
612,USM00072357,2025-11-18 00Z,87,96611,220
613,USM00072357,2025-11-18 12Z,87,96944,187
614,USM00072357,2025-11-19 00Z,88,97389,179
615,USM00072357,2025-11-19 12Z,88,97775,216
616,USM00072357,2025-11-20 00Z,88,97568,173
617,USM00072357,2025-11-20 12Z,88,97339,255
618,USM00072357,2025-11-21 00Z,88,97135,197
619,USM00072357,2025-11-21 12Z,88,97111,171
620,USM00072357,2025-11-22 00Z,88,97347,212
621,USM00072357,2025-11-22 12Z,88,97963,221
622,USM00072357,2025-11-23 00Z,89,98128,213
623,USM00072357,2025-11-23 12Z,89,98177,283
624,USM00072357,2025-11-24 00Z,88,97595,260
625,USM00072357,2025-11-24 12Z,88,97166,164
626,USM00072357,2025-11-25 00Z,87,96913,187
627,USM00072357,2025-11-25 12Z,88,97261,219
628,USM00072357,2025-11-26 00Z,88,97933,192
629,USM00072357,2025-11-26 12Z,89,98862,222
630,USM00072357,2025-11-27 00Z,89,98683,251
631,USM00072357,2025-11-27 12Z,89,98918,230
632,USM00072357,2025-11-28 00Z,89,98745,230
633,USM00072357,2025-11-28 12Z,89,98609,247
634,USM00072357,2025-11-29 00Z,88,97781,147
635,USM00072357,2025-11-29 12Z,88,97067,227
636,USM00072357,2025-11-30 00Z,89,98118,229
637,USM00072357,2025-11-30 12Z,89,98866,242
638,USM00072357,2025-12-01 00Z,89,98696,275
639,USM00072357,2025-12-01 12Z,89,98321,253
640,USM00072357,2025-12-02 00Z,88,97968,226
641,USM00072357,2025-12-02 12Z,88,97933,238
642,USM00072357,2025-12-03 00Z,88,97281,217
643,USM00072357,2025-12-03 12Z,88,97151,213
644,USM00072357,2025-12-04 00Z,88,97661,278
645,USM00072357,2025-12-04 12Z,89,98400,195
646,USM00072357,2025-12-05 00Z,89,98181,255
647,USM00072357,2025-12-05 12Z,88,97668,249
648,USM00072357,2025-12-06 00Z,88,97255,247
649,USM00072357,2025-12-06 12Z,88,97318,258
650,USM00072357,2025-12-07 00Z,87,96816,250
651,USM00072357,2025-12-07 12Z,88,97458,235
652,USM00072357,2025-12-08 00Z,89,98304,240
653,USM00072357,2025-12-08 12Z,89,98528,263
654,USM00072357,2025-12-09 00Z,89,98107,203
655,USM00072357,2025-12-09 12Z,88,97705,237
656,USM00072357,2025-12-10 00Z,87,96788,145
657,USM00072357,2025-12-10 12Z,88,97468,244
658,USM00072357,2025-12-11 00Z,88,97885,222
659,USM00072357,2025-12-11 12Z,88,97509,218
660,USM00072357,2025-12-12 00Z,87,96898,204
661,USM00072357,2025-12-12 12Z,88,97257,221
662,USM00072357,2025-12-13 00Z,88,97800,253
663,USM00072357,2025-12-13 12Z,88,97726,232
664,USM00072357,2025-12-14 00Z,89,98117,226
665,USM00072357,2025-12-14 12Z,90,99551,220
666,USM00072357,2025-12-15 00Z,90,99413,235
667,USM00072357,2025-12-15 12Z,89,98898,245
668,USM00072357,2025-12-16 00Z,89,98028,239
669,USM00072357,2025-12-16 12Z,88,97573,245
670,USM00072357,2025-12-17 00Z,88,97140,267
671,USM00072357,2025-12-17 12Z,88,97506,268
672,USM00072357,2025-12-18 00Z,87,96868,281
673,USM00072357,2025-12-18 12Z,87,96349,237
674,USM00072357,2025-12-19 00Z,88,97539,232
675,USM00072357,2025-12-19 12Z,88,97911,239
676,USM00072357,2025-12-20 00Z,88,97174,233
677,USM00072357,2025-12-20 12Z,87,96491,261
678,USM00072357,2025-12-21 00Z,88,97344,241
679,USM00072357,2025-12-21 12Z,89,98181,233
680,USM00072357,2025-12-22 00Z,89,98215,245
681,USM00072357,2025-12-22 12Z,88,97989,229
682,USM00072357,2025-12-23 00Z,88,97552,222
683,USM00072357,2025-12-23 12Z,88,97670,261
684,USM00072357,2025-12-24 00Z,88,97794,243
685,USM00072357,2025-12-24 12Z,89,98019,248
686,USM00072357,2025-12-25 00Z,88,97779,267
687,USM00072357,2025-12-25 12Z,88,97698,277
688,USM00072357,2025-12-26 00Z,88,97132,250
689,USM00072357,2025-12-26 12Z,88,97076,220
690,USM00072357,2025-12-27 00Z,88,97092,236
691,USM00072357,2025-12-27 12Z,87,96951,256
692,USM00072357,2025-12-28 00Z,87,96591,240
693,USM00072357,2025-12-28 12Z,87,96631,246
694,USM00072357,2025-12-29 00Z,89,98325,262
695,USM00072357,2025-12-29 12Z,90,99059,282
696,USM00072357,2025-12-30 00Z,90,99191,273
697,USM00072357,2025-12-30 12Z,90,99154,225
698,USM00072357,2025-12-31 00Z,89,98448,189
699,USM00072357,2025-12-31 12Z,89,98290,138
700,USM00072357,2026-01-01 00Z,88,97788,217
701,USM00072357,2026-01-02 00Z,87,96947,152
702,USM00072357,2026-01-02 12Z,87,96515,232
703,USM00072357,2026-01-03 00Z,87,96563,235
704,USM00072357,2026-01-03 12Z,88,97480,250
705,USM00072357,2026-01-04 00Z,88,97726,227
706,USM00072357,2026-01-04 12Z,88,97825,246
707,USM00072357,2026-01-05 00Z,88,97356,252
708,USM00072357,2026-01-05 12Z,87,96942,269
709,USM00072357,2026-01-06 00Z,87,96593,233
710,USM00072357,2026-01-06 12Z,87,96876,268
711,USM00072357,2026-01-07 00Z,88,97261,224
712,USM00072357,2026-01-07 12Z,88,97200,298
713,USM00072357,2026-01-08 00Z,87,96705,261
714,USM00072357,2026-01-08 12Z,87,96141,260
715,USM00072357,2026-01-09 00Z,87,96145,217
716,USM00072357,2026-01-09 12Z,88,97380,237
717,USM00072357,2026-01-10 00Z,88,97488,222
718,USM00072357,2026-01-10 12Z,89,98625,231
719,USM00072357,2026-01-11 00Z,89,98899,233
720,USM00072357,2026-01-11 12Z,90,99221,210
721,USM00072357,2026-01-12 00Z,90,99163,228
722,USM00072357,2026-01-12 12Z,89,98813,215
723,USM00072357,2026-01-13 00Z,89,98349,221
724,USM00072357,2026-01-14 00Z,88,97305,269
725,USM00072357,2026-01-14 12Z,88,97730,225
726,USM00072357,2026-01-15 00Z,89,98241,234
727,USM00072357,2026-01-15 12Z,89,98194,292
728,USM00072357,2026-01-16 00Z,88,97031,278
729,USM00072357,2026-01-16 12Z,88,97260,227
730,USM00072357,2026-01-17 00Z,88,97601,252
731,USM00072357,2026-01-17 12Z,89,98357,232
732,USM00072357,2026-01-18 00Z,89,98722,218
733,USM00072357,2026-01-18 12Z,89,98357,239
734,USM00072357,2026-01-19 00Z,88,97853,246
735,USM00072357,2026-01-19 12Z,89,98631,272
736,USM00072357,2026-01-20 00Z,89,98837,257
737,USM00072357,2026-01-20 12Z,89,98805,223
738,USM00072357,2026-01-21 00Z,88,97952,190
739,USM00072357,2026-01-21 12Z,88,97965,252
740,USM00072357,2026-01-22 00Z,89,98118,209
741,USM00072357,2026-01-22 12Z,89,98173,213
742,USM00072357,2026-01-23 00Z,88,97773,203
743,USM00072357,2026-01-23 12Z,89,98161,249
744,USM00072357,2026-01-24 00Z,89,98652,172
745,USM00072357,2026-01-24 12Z,89,98642,252
746,USM00072357,2026-01-25 00Z,89,98123,178
747,USM00072357,2026-01-25 12Z,89,98073,202
748,USM00072357,2026-01-26 00Z,89,98522,234
749,USM00072357,2026-01-26 12Z,90,99430,209
750,USM00072357,2026-01-27 00Z,90,99224,179
751,USM00072357,2026-01-27 12Z,89,98715,171
752,USM00072357,2026-01-28 00Z,89,98590,199
753,USM00072357,2026-01-28 12Z,89,98901,188
754,USM00072357,2026-01-29 00Z,89,98342,216
755,USM00072357,2026-01-29 12Z,88,97321,200
756,USM00072357,2026-01-30 00Z,89,98142,209
757,USM00072357,2026-01-30 12Z,89,98631,244
758,USM00072357,2026-01-31 00Z,89,98690,235
759,USM00072357,2026-01-31 12Z,90,99711,230
760,USM00072357,2026-02-01 00Z,90,99161,187
761,USM00072357,2026-02-01 12Z,89,98838,226
762,USM00072357,2026-02-02 00Z,89,98291,238
763,USM00072357,2026-02-02 12Z,88,97931,224
764,USM00072357,2026-02-03 00Z,88,97490,224
765,USM00072357,2026-02-03 12Z,88,97864,263
766,USM00072357,2026-02-04 00Z,89,98282,226
767,USM00072357,2026-02-04 12Z,89,98755,244
768,USM00072357,2026-02-05 00Z,89,98877,234
769,USM00072357,2026-02-05 12Z,89,98574,258
770,USM00072357,2026-02-06 00Z,88,97811,258
771,USM00072357,2026-02-06 12Z,88,97793,244
772,USM00072357,2026-02-07 00Z,89,98017,245
773,USM00072357,2026-02-07 12Z,89,98351,286
774,USM00072357,2026-02-08 00Z,88,97873,210
775,USM00072357,2026-02-08 12Z,88,97751,249
776,USM00072357,2026-02-09 00Z,88,97647,257
777,USM00072357,2026-02-09 12Z,88,97780,230
778,USM00072357,2026-02-10 00Z,88,97313,236
779,USM00072357,2026-02-10 12Z,88,97058,267
780,USM00072357,2026-02-11 00Z,88,97730,249
781,USM00072357,2026-02-11 12Z,89,98401,229
782,USM00072357,2026-02-12 00Z,89,98126,261
783,USM00072357,2026-02-12 12Z,89,98022,292
784,USM00072357,2026-02-13 00Z,88,97496,250
785,USM00072357,2026-02-13 12Z,88,97623,269
786,USM00072357,2026-02-14 00Z,88,97280,240
787,USM00072357,2026-02-14 12Z,87,96884,192
788,USM00072357,2026-02-15 00Z,87,96596,277
789,USM00072357,2026-02-15 12Z,88,97314,230
790,USM00072357,2026-02-16 00Z,88,97628,203
791,USM00072357,2026-02-16 12Z,88,97562,158
792,USM00072357,2026-02-17 00Z,88,97139,225
793,USM00072357,2026-02-17 12Z,87,96884,188
794,USM00072357,2026-02-18 00Z,87,96239,231
795,USM00072357,2026-02-18 12Z,87,96913,277
796,USM00072357,2026-02-19 00Z,87,96253,205
797,USM00072357,2026-02-19 12Z,87,96016,205
798,USM00072357,2026-02-20 00Z,87,96649,265
799,USM00072357,2026-02-20 12Z,88,97401,229
800,USM00072357,2026-02-21 00Z,87,96967,204
801,USM00072357,2026-02-21 12Z,88,97743,252
802,USM00072357,2026-02-22 00Z,89,98666,191
803,USM00072357,2026-02-22 12Z,90,99508,235
804,USM00072357,2026-02-23 00Z,90,99505,242
805,USM00072357,2026-02-23 12Z,90,99517,219
806,USM00072357,2026-02-24 00Z,89,98793,204
807,USM00072357,2026-02-24 12Z,88,97679,222
808,USM00072357,2026-02-25 00Z,87,96421,214
809,USM00072357,2026-02-25 12Z,87,96218,230
810,USM00072357,2026-02-26 00Z,87,96238,217
811,USM00072357,2026-02-26 12Z,87,96796,263
812,USM00072357,2026-02-27 00Z,88,97134,235
813,USM00072357,2026-02-27 12Z,88,97535,198
814,USM00072357,2026-02-28 00Z,88,97279,257
815,USM00072357,2026-02-28 12Z,88,97267,246
816,USM00072357,2026-03-01 00Z,88,97132,206
817,USM00072357,2026-03-01 12Z,88,97433,284
818,USM00072357,2026-03-02 00Z,88,97256,190
819,USM00072357,2026-03-02 12Z,88,97900,253
820,USM00072357,2026-03-03 00Z,88,97451,261
821,USM00072357,2026-03-03 12Z,88,97105,216
822,USM00072357,2026-03-04 00Z,88,97272,254
823,USM00072357,2026-03-04 12Z,88,97624,280
824,USM00072357,2026-03-05 00Z,88,97451,246
825,USM00072357,2026-03-05 12Z,88,97302,207
826,USM00072357,2026-03-06 12Z,87,96828,233
827,USM00072357,2026-03-07 00Z,87,96586,244
828,USM00072357,2026-03-07 12Z,88,97672,273
829,USM00072357,2026-03-08 00Z,88,97846,260
830,USM00072357,2026-03-08 12Z,88,97873,222
831,USM00072357,2026-03-09 00Z,88,97202,231
832,USM00072357,2026-03-09 12Z,88,97060,225
833,USM00072357,2026-03-10 00Z,87,96751,236
834,USM00072357,2026-03-10 12Z,87,96969,234
835,USM00072357,2026-03-11 00Z,87,96463,238
836,USM00072357,2026-03-11 12Z,87,96735,243
837,USM00072357,2026-03-12 00Z,89,98380,234
838,USM00072357,2026-03-12 12Z,89,98962,254
839,USM00072357,2026-03-13 00Z,88,97691,248
840,USM00072357,2026-03-13 12Z,88,97162,275
841,USM00072357,2026-03-14 00Z,88,97120,256
842,USM00072357,2026-03-14 12Z,87,96961,232
843,USM00072357,2026-03-15 00Z,87,96319,228
844,USM00072357,2026-03-15 12Z,86,95611,250
845,USM00072357,2026-03-16 12Z,89,98548,196
846,USM00072357,2026-03-17 00Z,89,98362,234
847,USM00072357,2026-03-17 12Z,89,98132,243
848,USM00072357,2026-03-18 00Z,88,97392,197
849,USM00072357,2026-03-18 12Z,88,97481,258
850,USM00072357,2026-03-19 00Z,88,97554,212
851,USM00072357,2026-03-19 12Z,88,97581,249
852,USM00072357,2026-03-20 00Z,88,97423,247
853,USM00072357,2026-03-21 00Z,88,97106,250
854,USM00072357,2026-03-21 12Z,88,97152,219
855,USM00072357,2026-03-22 00Z,87,96801,225
856,USM00072357,2026-03-22 12Z,87,96509,242
857,USM00072357,2026-03-23 00Z,88,97184,297
858,USM00072357,2026-03-23 12Z,89,98151,281
859,USM00072357,2026-03-24 00Z,88,97912,272
860,USM00072357,2026-03-24 12Z,88,97909,246
861,USM00072357,2026-03-25 00Z,88,97476,248
862,USM00072357,2026-03-25 12Z,88,97426,234
863,USM00072357,2026-03-26 00Z,88,97151,235
864,USM00072357,2026-03-26 12Z,88,97173,267
865,USM00072357,2026-03-27 00Z,87,96758,234
866,USM00072357,2026-03-27 12Z,88,97784,241
867,USM00072357,2026-03-28 00Z,89,98930,242
868,USM00072357,2026-03-28 12Z,90,99281,222
869,USM00072357,2026-03-29 00Z,89,98451,241
870,USM00072357,2026-03-29 12Z,88,97981,250
871,USM00072357,2026-03-30 00Z,88,97308,221
872,USM00072357,2026-03-30 12Z,88,97466,227
873,USM00072357,2026-03-31 00Z,88,97001,268
874,USM00072357,2026-03-31 12Z,88,97129,249
875,USM00072357,2026-04-01 00Z,87,96911,248
876,USM00072357,2026-04-01 12Z,88,97011,272
877,USM00072357,2026-04-02 00Z,87,96543,165
878,USM00072357,2026-04-02 12Z,87,96426,237
879,USM00072357,2026-04-03 00Z,87,96627,217
880,USM00072357,2026-04-03 12Z,87,96923,228
881,USM00072357,2026-04-04 00Z,88,97022,189
882,USM00072357,2026-04-05 00Z,89,98244,237
883,USM00072357,2026-04-05 12Z,89,98701,237
884,USM00072357,2026-04-06 00Z,89,98532,233
885,USM00072357,2026-04-06 12Z,89,98696,202
886,USM00072357,2026-04-07 00Z,89,98127,206
887,USM00072357,2026-04-07 12Z,89,98046,234
888,USM00072357,2026-04-08 00Z,88,97745,243
889,USM00072357,2026-04-08 12Z,88,97775,238
890,USM00072357,2026-04-09 00Z,88,97523,192
891,USM00072357,2026-04-09 12Z,88,97791,245
892,USM00072357,2026-04-10 00Z,88,97670,213
893,USM00072357,2026-04-10 12Z,88,97863,280
894,USM00072357,2026-04-11 00Z,88,97876,276
895,USM00072357,2026-04-11 12Z,89,98040,261
896,USM00072357,2026-04-12 00Z,88,97601,264
897,USM00072357,2026-04-12 12Z,88,97128,248
898,USM00072357,2026-04-13 00Z,88,97106,221
899,USM00072357,2026-04-13 12Z,88,97341,242
900,USM00072357,2026-04-14 00Z,87,96961,188
901,USM00072357,2026-04-14 12Z,88,97184,243
902,USM00072357,2026-04-15 12Z,87,96922,250
903,USM00072357,2026-04-16 00Z,87,96939,255
904,USM00072357,2026-04-16 12Z,88,97109,226
905,USM00072357,2026-04-17 00Z,87,96909,198
906,USM00072357,2026-04-17 12Z,87,96856,248
907,USM00072357,2026-04-18 00Z,87,96296,181
908,USM00072357,2026-04-18 12Z,88,97735,265
909,USM00072357,2026-04-19 00Z,89,98289,214
910,USM00072357,2026-04-19 12Z,89,98574,232
911,USM00072357,2026-04-20 00Z,89,98245,215
912,USM00072357,2026-04-20 12Z,89,98311,221
913,USM00072357,2026-04-21 00Z,88,97987,237
914,USM00072357,2026-04-21 12Z,88,97947,271
915,USM00072357,2026-04-22 00Z,88,97861,217
916,USM00072357,2026-04-22 12Z,88,97660,158
917,USM00072357,2026-04-23 00Z,88,97101,238
918,USM00072357,2026-04-23 12Z,87,96728,222
919,USM00072357,2026-04-24 00Z,87,96241,179
920,USM00072357,2026-04-24 12Z,87,96348,244
921,USM00072357,2026-04-25 00Z,87,96581,232
922,USM00072357,2026-04-27 12Z,87,96284,227
923,USM00072357,2026-04-28 00Z,87,96651,224
924,USM00072357,2026-04-28 12Z,88,97076,223
925,USM00072357,2026-04-29 00Z,88,97166,245
926,USM00072357,2026-04-29 12Z,88,97631,217
927,USM00072357,2026-04-30 00Z,88,97438,289
928,USM00072357,2026-04-30 12Z,88,97613,290
929,USM00072357,2026-05-01 00Z,88,97428,236
930,USM00072357,2026-05-01 12Z,88,97705,273
931,USM00072357,2026-05-02 00Z,88,97596,278
932,USM00072357,2026-05-02 12Z,88,97993,218
933,USM00072357,2026-05-03 00Z,88,97717,196
934,USM00072357,2026-05-03 12Z,88,97683,165
935,USM00072357,2026-05-04 00Z,88,97216,226
936,USM00072357,2026-05-04 12Z,87,96917,224
937,USM00072357,2026-05-05 00Z,87,96265,244
938,USM00072357,2026-05-05 12Z,86,95978,248
939,USM00072357,2026-05-06 00Z,87,96871,285
940,USM00072357,2026-05-06 12Z,88,97410,287
941,USM00072357,2026-05-07 00Z,88,97504,245
942,USM00072357,2026-05-07 12Z,88,97885,154
943,USM00072357,2026-05-08 00Z,88,97348,216
944,USM00072357,2026-05-08 12Z,88,97272,216
945,USM00072357,2026-05-09 00Z,87,96600,302
946,USM00072357,2026-05-09 12Z,87,96952,263
947,USM00072357,2026-05-10 00Z,87,96799,230
948,USM00072357,2026-05-11 00Z,88,97938,249
949,USM00072357,2026-05-11 12Z,89,98269,256
950,USM00072357,2026-05-12 00Z,88,97982,233
951,USM00072357,2026-05-12 12Z,88,97984,239
952,USM00072357,2026-05-13 00Z,88,97580,227
953,USM00072357,2026-05-13 12Z,88,97782,206
954,USM00072357,2026-05-14 00Z,88,97508,228
955,USM00072357,2026-05-14 12Z,88,97332,248
956,USM00072357,2026-05-15 00Z,87,96787,212
957,USM00072357,2026-05-15 12Z,87,96711,224
958,USM00072357,2026-05-16 00Z,87,96458,245
959,USM00072357,2026-05-16 12Z,87,96789,225
960,USM00072357,2026-05-17 00Z,87,96603,253
961,USM00072357,2026-05-17 12Z,87,96621,226
962,USM00072357,2026-05-18 00Z,87,96466,298
963,USM00072357,2026-05-18 12Z,87,96702,201
964,USM00072357,2026-05-19 00Z,87,96610,222
965,USM00072357,2026-05-19 12Z,88,97482,326
966,USM00072357,2026-05-20 00Z,88,97876,272
967,USM00072357,2026-05-20 12Z,88,97947,302
968,USM00072357,2026-05-21 00Z,88,97718,257
969,USM00072357,2026-05-21 12Z,88,97685,249
970,USM00072357,2026-05-22 00Z,88,97353,249
971,USM00072357,2026-05-22 12Z,88,97118,320
972,USM00072357,2026-05-23 00Z,87,96956,248
973,USM00072357,2026-05-23 12Z,88,97274,255
974,USM00072357,2026-05-24 00Z,88,97365,268
975,USM00072357,2026-05-24 12Z,88,97660,332
976,USM00072357,2026-05-25 00Z,88,97549,315
977,USM00072357,2026-05-25 12Z,88,97602,319
978,USM00072357,2026-05-26 00Z,88,97298,276
979,USM00072357,2026-05-26 12Z,88,97296,247
980,USM00072357,2026-05-27 00Z,87,96948,337
981,USM00072357,2026-05-27 12Z,88,97008,254
982,USM00072357,2026-05-28 00Z,88,97129,247
983,USM00072357,2026-05-28 12Z,88,97220,219
984,USM00072357,2026-05-29 00Z,88,97116,261
985,USM00072357,2026-05-29 12Z,88,97227,296
986,USM00072357,2026-05-30 00Z,87,96840,222
987,USM00072357,2026-05-30 12Z,87,96922,303
988,USM00072357,2026-05-31 00Z,87,96800,247
989,USM00072357,2026-05-31 12Z,88,97012,154
990,USM00072357,2026-06-01 00Z,87,96940,141
991,USM00072357,2026-06-01 12Z,88,97369,334
992,USM00072357,2026-06-02 00Z,88,97311,281
993,USM00072357,2026-06-02 12Z,88,97783,395
994,USM00072357,2026-06-03 00Z,88,97678,304
995,USM00072357,2026-06-03 12Z,88,97944,338
996,USM00072357,2026-06-04 00Z,88,97634,282
997,USM00072357,2026-06-04 12Z,88,97650,245
998,USM00072357,2026-06-05 00Z,88,97204,289
999,USM00072357,2026-06-05 12Z,88,97292,292
1000,USM00072357,2026-06-06 00Z,88,97135,258
1001,USM00072357,2026-06-06 12Z,88,97111,299
1002,USM00072357,2026-06-07 00Z,87,96747,317
1003,USM00072357,2026-06-07 12Z,87,96763,305
1004,USM00072357,2026-06-08 00Z,87,96541,276
1005,USM00072357,2026-06-08 12Z,87,96836,276
1006,USM00072357,2026-06-09 00Z,87,96961,164
1007,USM00072357,2026-06-09 12Z,88,97429,171
1008,USM00072261,2025-01-01 00Z,88,97985,236
1009,USM00072261,2025-01-01 12Z,89,98444,260
1010,USM00072261,2025-01-02 00Z,89,98505,216
1011,USM00072261,2025-01-02 12Z,89,98584,267
1012,USM00072261,2025-01-03 00Z,89,98385,239
1013,USM00072261,2025-01-03 12Z,89,98784,278
1014,USM00072261,2025-01-04 00Z,89,98565,282
1015,USM00072261,2025-01-04 12Z,89,98285,273
1016,USM00072261,2025-01-05 00Z,88,97555,263
1017,USM00072261,2025-01-05 12Z,88,97395,227
1018,USM00072261,2025-01-06 00Z,88,97855,230
1019,USM00072261,2025-01-06 12Z,90,99114,249
1020,USM00072261,2025-01-07 00Z,89,98804,225
1021,USM00072261,2025-01-07 12Z,90,99064,237
1022,USM00072261,2025-01-08 00Z,89,98904,231
1023,USM00072261,2025-01-08 12Z,90,99564,280
1024,USM00072261,2025-01-09 00Z,90,99124,271
1025,USM00072261,2025-01-09 12Z,89,98344,253
1026,USM00072261,2025-01-10 00Z,88,97694,261
1027,USM00072261,2025-01-10 12Z,89,98494,222
1028,USM00072261,2025-01-11 12Z,89,98314,234
1029,USM00072261,2025-01-12 00Z,88,97405,245
1030,USM00072261,2025-01-12 12Z,88,97504,243
1031,USM00072261,2025-01-13 00Z,88,97935,238
1032,USM00072261,2025-01-13 12Z,89,98784,233
1033,USM00072261,2025-01-14 00Z,89,98705,227
1034,USM00072261,2025-01-14 12Z,89,98954,295
1035,USM00072261,2025-01-15 00Z,89,98794,288
1036,USM00072261,2025-01-15 12Z,89,98994,300
1037,USM00072261,2025-01-16 00Z,90,99005,265
1038,USM00072261,2025-01-16 12Z,90,99274,253
1039,USM00072261,2025-01-17 00Z,89,98555,239
1040,USM00072261,2025-01-17 12Z,88,97804,252
1041,USM00072261,2025-01-18 00Z,88,97155,293
1042,USM00072261,2025-01-18 12Z,88,97554,205
1043,USM00072261,2025-01-19 00Z,88,97605,185
1044,USM00072261,2025-01-19 12Z,90,99344,204
1045,USM00072261,2025-01-20 00Z,90,99004,211
1046,USM00072261,2025-01-20 12Z,89,98974,203
1047,USM00072261,2025-01-21 00Z,89,98714,205
1048,USM00072261,2025-01-21 12Z,90,99993,267
1049,USM00072261,2025-01-22 00Z,90,99844,228
1050,USM00072261,2025-01-22 12Z,90,99153,236
1051,USM00072261,2025-01-23 00Z,89,98554,283
1052,USM00072261,2025-01-23 12Z,90,99194,262
1053,USM00072261,2025-01-24 00Z,90,99124,229
1054,USM00072261,2025-01-24 12Z,90,99504,201
1055,USM00072261,2025-01-25 00Z,89,98735,189
1056,USM00072261,2025-01-25 12Z,89,98354,232
1057,USM00072261,2025-01-26 00Z,89,98105,269
1058,USM00072261,2025-01-26 12Z,89,98264,223
1059,USM00072261,2025-01-27 00Z,89,98365,258
1060,USM00072261,2025-01-27 12Z,89,98454,296
1061,USM00072261,2025-01-28 12Z,89,98144,256
1062,USM00072261,2025-01-29 00Z,88,97855,267
1063,USM00072261,2025-01-29 12Z,88,97655,277
1064,USM00072261,2025-01-30 00Z,88,97405,261
1065,USM00072261,2025-01-30 12Z,88,97494,276
1066,USM00072261,2025-01-31 00Z,88,97405,264
1067,USM00072261,2025-01-31 12Z,89,98214,248
1068,USM00072261,2025-02-01 00Z,89,98345,210
1069,USM00072261,2025-02-01 12Z,89,98504,201
1070,USM00072261,2025-02-02 00Z,89,98045,251
1071,USM00072261,2025-02-02 12Z,89,98074,275
1072,USM00072261,2025-02-03 12Z,88,97835,221
1073,USM00072261,2025-02-04 00Z,88,97655,223
1074,USM00072261,2025-02-04 12Z,88,97895,242
1075,USM00072261,2025-02-05 00Z,88,97825,218
1076,USM00072261,2025-02-05 12Z,88,97935,241
1077,USM00072261,2025-02-06 00Z,88,97515,220
1078,USM00072261,2025-02-06 12Z,88,97665,151
1079,USM00072261,2025-02-07 12Z,88,97805,249
1080,USM00072261,2025-02-08 00Z,88,97615,257
1081,USM00072261,2025-02-10 12Z,89,98384,279
1082,USM00072261,2025-02-11 00Z,88,97924,258
1083,USM00072261,2025-02-11 12Z,88,97665,266
1084,USM00072261,2025-02-13 00Z,87,96785,244
1085,USM00072261,2025-02-13 12Z,89,98374,279
1086,USM00072261,2025-02-14 00Z,89,98864,234
1087,USM00072261,2025-02-14 12Z,89,98824,262
1088,USM00072261,2025-02-15 00Z,88,97885,229
1089,USM00072261,2025-02-15 12Z,88,97354,275
1090,USM00072261,2025-02-16 00Z,88,97165,252
1091,USM00072261,2025-02-16 12Z,89,98274,288
1092,USM00072261,2025-02-17 00Z,89,98415,245
1093,USM00072261,2025-02-17 12Z,89,98554,247
1094,USM00072261,2025-02-18 00Z,88,97685,251
1095,USM00072261,2025-02-18 12Z,88,97475,271
1096,USM00072261,2025-02-19 00Z,88,97305,252
1097,USM00072261,2025-02-19 12Z,90,99004,252
1098,USM00072261,2025-02-20 00Z,90,99154,231
1099,USM00072261,2025-02-20 12Z,90,99523,264
1100,USM00072261,2025-02-21 00Z,90,99124,221
1101,USM00072261,2025-02-21 12Z,90,99234,260
1102,USM00072261,2025-02-22 00Z,90,99104,226
1103,USM00072261,2025-02-22 12Z,90,99124,229
1104,USM00072261,2025-02-23 00Z,89,98674,209
1105,USM00072261,2025-02-23 12Z,89,98584,201
1106,USM00072261,2025-02-24 00Z,88,97865,213
1107,USM00072261,2025-02-24 12Z,89,98214,227
1108,USM00072261,2025-02-25 00Z,88,97615,250
1109,USM00072261,2025-02-25 12Z,88,97605,243
1110,USM00072261,2025-02-26 00Z,88,97206,244
1111,USM00072261,2025-02-26 12Z,88,97295,243
1112,USM00072261,2025-02-27 00Z,88,97195,251
1113,USM00072261,2025-02-27 12Z,89,98185,272
1114,USM00072261,2025-02-28 00Z,89,98525,267
1115,USM00072261,2025-02-28 12Z,89,98415,244
1116,USM00072261,2025-03-01 00Z,88,97735,240
1117,USM00072261,2025-03-01 12Z,88,97835,252
1118,USM00072261,2025-03-02 00Z,88,97595,258
1119,USM00072261,2025-03-02 12Z,88,97585,250
1120,USM00072261,2025-03-03 00Z,88,97216,241
1121,USM00072261,2025-03-03 12Z,88,97375,161
1122,USM00072261,2025-03-04 00Z,87,96735,269
1123,USM00072261,2025-03-04 12Z,87,96815,184
1124,USM00072261,2025-03-05 00Z,88,97165,214
1125,USM00072261,2025-03-05 12Z,88,97845,195
1126,USM00072261,2025-03-06 00Z,88,97885,234
1127,USM00072261,2025-03-06 12Z,88,97815,241
1128,USM00072261,2025-03-07 00Z,88,97055,258
1129,USM00072261,2025-03-07 12Z,88,97205,234
1130,USM00072261,2025-03-08 00Z,87,96766,220
1131,USM00072261,2025-03-08 12Z,88,97145,202
1132,USM00072261,2025-03-09 00Z,88,97515,223
1133,USM00072261,2025-03-09 12Z,89,98584,216
1134,USM00072261,2025-03-10 00Z,89,98335,219
1135,USM00072261,2025-03-10 12Z,89,98394,222
1136,USM00072261,2025-03-11 00Z,88,97765,233
1137,USM00072261,2025-03-11 12Z,88,97645,261
1138,USM00072261,2025-03-12 12Z,88,97275,227
1139,USM00072261,2025-03-13 00Z,88,97156,243
1140,USM00072261,2025-03-13 12Z,88,97515,274
1141,USM00072261,2025-03-14 00Z,87,96776,262
1142,USM00072261,2025-03-14 12Z,87,96515,200
1143,USM00072261,2025-03-15 00Z,86,95976,229
1144,USM00072261,2025-03-15 12Z,87,96605,241
1145,USM00072261,2025-03-16 00Z,87,96755,207
1146,USM00072261,2025-03-16 12Z,88,97955,239
1147,USM00072261,2025-03-17 00Z,89,98215,223
1148,USM00072261,2025-03-17 12Z,89,98504,237
1149,USM00072261,2025-03-18 00Z,88,97965,263
1150,USM00072261,2025-03-18 12Z,88,97745,220
1151,USM00072261,2025-03-19 00Z,87,96756,215
1152,USM00072261,2025-03-19 12Z,88,97645,236
1153,USM00072261,2025-03-20 00Z,89,98105,213
1154,USM00072261,2025-03-20 12Z,90,99104,255
1155,USM00072261,2025-03-21 00Z,89,98495,242
1156,USM00072261,2025-03-21 12Z,89,98114,203
1157,USM00072261,2025-03-22 00Z,88,97595,232
1158,USM00072261,2025-03-22 12Z,88,97755,246
1159,USM00072261,2025-03-23 00Z,88,97196,234
1160,USM00072261,2025-03-23 12Z,88,97365,267
1161,USM00072261,2025-03-24 00Z,88,97226,244
1162,USM00072261,2025-03-24 12Z,88,97915,254
1163,USM00072261,2025-03-25 00Z,88,97646,258
1164,USM00072261,2025-03-25 12Z,88,97985,254
1165,USM00072261,2025-03-26 00Z,88,97786,257
1166,USM00072261,2025-03-26 12Z,89,98105,297
1167,USM00072261,2025-03-27 00Z,88,97745,309
1168,USM00072261,2025-03-27 12Z,89,98045,302
1169,USM00072261,2025-03-28 00Z,88,97585,265
1170,USM00072261,2025-03-28 12Z,88,97605,254
1171,USM00072261,2025-03-29 00Z,88,97076,249
1172,USM00072261,2025-03-29 12Z,88,97145,262
1173,USM00072261,2025-03-30 00Z,87,96656,235
1174,USM00072261,2025-03-30 12Z,87,96965,277
1175,USM00072261,2025-03-31 00Z,87,96846,223
1176,USM00072261,2025-03-31 12Z,88,97245,261
1177,USM00072261,2025-04-01 00Z,88,97136,214
1178,USM00072261,2025-04-01 12Z,88,97125,265
1179,USM00072261,2025-04-02 00Z,87,96076,253
1180,USM00072261,2025-04-02 12Z,87,96135,283
1181,USM00072261,2025-04-03 00Z,87,96166,245
1182,USM00072261,2025-04-03 12Z,87,96475,265
1183,USM00072261,2025-04-04 00Z,87,96366,205
1184,USM00072261,2025-04-04 12Z,87,96985,252
1185,USM00072261,2025-04-05 00Z,87,96885,259
1186,USM00072261,2025-04-05 12Z,88,97505,239
1187,USM00072261,2025-04-06 00Z,88,97835,225
1188,USM00072261,2025-04-06 12Z,89,98654,256
1189,USM00072261,2025-04-07 00Z,89,98255,218
1190,USM00072261,2025-04-07 12Z,89,98334,249
1191,USM00072261,2025-04-08 00Z,88,97985,234
1192,USM00072261,2025-04-08 12Z,89,98234,226
1193,USM00072261,2025-04-09 00Z,88,97905,226
1194,USM00072261,2025-04-09 12Z,89,98115,219
1195,USM00072261,2025-04-10 00Z,88,97786,214
1196,USM00072261,2025-04-10 12Z,89,98085,238
1197,USM00072261,2025-04-11 00Z,88,97946,194
1198,USM00072261,2025-04-11 12Z,89,98375,249
1199,USM00072261,2025-04-12 00Z,89,98106,217
1200,USM00072261,2025-04-12 12Z,89,98065,257
1201,USM00072261,2025-04-13 00Z,88,97546,233
1202,USM00072261,2025-04-13 12Z,88,97625,249
1203,USM00072261,2025-04-14 00Z,88,97306,234
1204,USM00072261,2025-04-14 12Z,88,97645,234
1205,USM00072261,2025-04-15 00Z,88,97436,265
1206,USM00072261,2025-04-15 12Z,89,98205,290
1207,USM00072261,2025-04-16 00Z,89,98075,256
1208,USM00072261,2025-04-16 12Z,88,97965,273
1209,USM00072261,2025-04-17 00Z,88,97356,196
1210,USM00072261,2025-04-17 12Z,88,97435,261
1211,USM00072261,2025-04-18 00Z,87,96836,241
1212,USM00072261,2025-04-18 12Z,88,97205,239
1213,USM00072261,2025-04-19 00Z,88,97036,287
1214,USM00072261,2025-04-19 12Z,88,97375,283
1215,USM00072261,2025-04-20 00Z,87,96956,233
1216,USM00072261,2025-04-20 12Z,88,97805,224
1217,USM00072261,2025-04-21 00Z,88,97695,99
1218,USM00072261,2025-04-21 12Z,88,97945,154
1219,USM00072261,2025-04-22 00Z,88,97456,166
1220,USM00072261,2025-04-22 12Z,88,97605,253
1221,USM00072261,2025-04-23 00Z,88,97206,219
1222,USM00072261,2025-04-23 12Z,88,97435,279
1223,USM00072261,2025-04-24 00Z,88,97295,251
1224,USM00072261,2025-04-25 00Z,88,97355,298
1225,USM00072261,2025-04-25 12Z,88,97545,242
1226,USM00072261,2025-04-26 00Z,88,97525,276
1227,USM00072261,2025-04-26 12Z,88,97695,261
1228,USM00072261,2025-04-27 00Z,88,97286,185
1229,USM00072261,2025-04-27 12Z,88,97675,268
1230,USM00072261,2025-04-28 00Z,88,97306,249
1231,USM00072261,2025-04-28 12Z,88,97515,243
1232,USM00072261,2025-04-29 00Z,88,97166,273
1233,USM00072261,2025-04-29 12Z,88,97505,248
1234,USM00072261,2025-04-30 00Z,88,97066,253
1235,USM00072261,2025-04-30 12Z,88,97155,229
1236,USM00072261,2025-05-01 00Z,87,96906,193
1237,USM00072261,2025-05-01 12Z,88,97405,212
1238,USM00072261,2025-05-02 00Z,88,97136,380
1239,USM00072261,2025-05-02 12Z,88,97385,226
1240,USM00072261,2025-05-03 00Z,87,96986,286
1241,USM00072261,2025-05-03 12Z,88,97945,241
1242,USM00072261,2025-05-04 00Z,88,97655,201
1243,USM00072261,2025-05-04 12Z,88,97655,240
1244,USM00072261,2025-05-05 00Z,88,97075,211
1245,USM00072261,2025-05-05 12Z,88,97095,236
1246,USM00072261,2025-05-06 00Z,87,96456,238
1247,USM00072261,2025-05-06 12Z,87,96775,223
1248,USM00072261,2025-05-07 00Z,87,96836,215
1249,USM00072261,2025-05-07 12Z,88,97585,265
1250,USM00072261,2025-05-08 00Z,88,97336,232
1251,USM00072261,2025-05-08 12Z,88,97915,233
1252,USM00072261,2025-05-09 00Z,89,98255,346
1253,USM00072261,2025-05-09 12Z,89,98205,258
1254,USM00072261,2025-05-10 00Z,88,97955,221
1255,USM00072261,2025-05-10 12Z,89,98335,253
1256,USM00072261,2025-05-11 00Z,88,97985,250
1257,USM00072261,2025-05-11 12Z,89,98275,266
1258,USM00072261,2025-05-12 00Z,88,97786,213
1259,USM00072261,2025-05-12 12Z,88,97835,286
1260,USM00072261,2025-05-13 00Z,88,97146,263
1261,USM00072261,2025-05-13 12Z,88,97065,268
1262,USM00072261,2025-05-14 00Z,87,96576,220
1263,USM00072261,2025-05-14 12Z,87,96685,248
1264,USM00072261,2025-05-15 00Z,87,96466,254
1265,USM00072261,2025-05-15 12Z,87,96905,275
1266,USM00072261,2025-05-16 00Z,87,96836,237
1267,USM00072261,2025-05-16 12Z,88,97105,267
1268,USM00072261,2025-05-17 00Z,87,96936,278
1269,USM00072261,2025-05-17 12Z,88,97335,287
1270,USM00072261,2025-05-18 12Z,88,97055,292
1271,USM00072261,2025-05-19 00Z,87,96536,267
1272,USM00072261,2025-05-19 12Z,87,96705,283
1273,USM00072261,2025-05-20 00Z,87,96416,234
1274,USM00072261,2025-05-20 12Z,88,97155,279
1275,USM00072261,2025-05-21 00Z,88,97216,273
1276,USM00072261,2025-05-21 12Z,88,97585,295
1277,USM00072261,2025-05-22 00Z,88,97276,250
1278,USM00072261,2025-05-22 12Z,88,97575,255
1279,USM00072261,2025-05-23 00Z,88,97316,251
1280,USM00072261,2025-05-23 12Z,88,97775,236
1281,USM00072261,2025-05-24 00Z,88,97236,252
1282,USM00072261,2025-05-24 12Z,88,97485,289
1283,USM00072261,2025-05-25 00Z,88,97136,306
1284,USM00072261,2025-05-25 12Z,88,97435,283
1285,USM00072261,2025-05-26 12Z,88,97026,269
1286,USM00072261,2025-05-27 00Z,87,96896,247
1287,USM00072261,2025-05-27 12Z,88,97645,257
1288,USM00072261,2025-05-28 00Z,88,97516,316
1289,USM00072261,2025-05-28 12Z,88,97875,265
1290,USM00072261,2025-05-29 00Z,88,97486,239
1291,USM00072261,2025-05-29 12Z,88,97695,258
1292,USM00072261,2025-05-30 00Z,88,97486,294
1293,USM00072261,2025-05-30 12Z,88,97825,307
1294,USM00072261,2025-05-31 00Z,88,97915,257
1295,USM00072261,2025-05-31 12Z,88,97975,297
1296,USM00072261,2025-06-01 00Z,88,97616,272
1297,USM00072261,2025-06-01 12Z,88,97555,261
1298,USM00072261,2025-06-02 00Z,88,97166,236
1299,USM00072261,2025-06-02 12Z,88,97415,300
1300,USM00072261,2025-06-03 00Z,88,97106,301
1301,USM00072261,2025-06-03 12Z,88,97305,251
1302,USM00072261,2025-06-04 00Z,88,97086,282
1303,USM00072261,2025-06-04 12Z,88,97345,256
1304,USM00072261,2025-06-05 00Z,88,97246,323
1305,USM00072261,2025-06-06 00Z,88,97206,271
1306,USM00072261,2025-06-06 12Z,88,97605,309
1307,USM00072261,2025-06-07 00Z,88,97266,299
1308,USM00072261,2025-06-08 00Z,88,97106,302
1309,USM00072261,2025-06-08 12Z,88,97345,293
1310,USM00072261,2025-06-09 00Z,88,97046,267
1311,USM00072261,2025-06-09 12Z,88,97265,296
1312,USM00072261,2025-06-10 12Z,88,97555,252
1313,USM00072261,2025-06-11 00Z,88,97256,333
1314,USM00072261,2025-06-11 12Z,88,97655,294
1315,USM00072261,2025-06-12 00Z,88,97446,241
1316,USM00072261,2025-06-12 12Z,88,97435,287
1317,USM00072261,2025-06-13 00Z,88,97146,294
1318,USM00072261,2025-06-13 12Z,88,97445,310
1319,USM00072261,2025-06-14 00Z,88,97236,263
1320,USM00072261,2025-06-14 12Z,88,97595,223
1321,USM00072261,2025-06-15 00Z,88,97456,281
1322,USM00072261,2025-06-15 12Z,88,97745,257
1323,USM00072261,2025-06-16 00Z,88,97526,283
1324,USM00072261,2025-06-16 12Z,88,97665,273
1325,USM00072261,2025-06-17 00Z,88,97366,282
1326,USM00072261,2025-06-17 12Z,88,97425,262
1327,USM00072261,2025-06-18 00Z,88,97096,260
1328,USM00072261,2025-06-18 12Z,88,97275,273
1329,USM00072261,2025-06-19 00Z,88,97236,272
1330,USM00072261,2025-06-19 12Z,88,97815,251
1331,USM00072261,2025-06-20 00Z,88,97616,255
1332,USM00072261,2025-06-20 12Z,88,97895,264
1333,USM00072261,2025-06-21 00Z,88,97476,295
1334,USM00072261,2025-06-21 12Z,88,97735,325
1335,USM00072261,2025-06-22 00Z,88,97406,280
1336,USM00072261,2025-06-22 12Z,88,97735,305
1337,USM00072261,2025-06-23 00Z,88,97546,264
1338,USM00072261,2025-06-23 12Z,88,97905,327
1339,USM00072261,2025-06-24 00Z,88,97646,300
1340,USM00072261,2025-06-24 12Z,89,98135,281
1341,USM00072261,2025-06-25 00Z,88,97766,247
1342,USM00072261,2025-06-25 12Z,89,98045,285
1343,USM00072261,2025-06-26 00Z,88,97606,294
1344,USM00072261,2025-06-26 12Z,88,97855,283
1345,USM00072261,2025-06-27 00Z,88,97466,295
1346,USM00072261,2025-06-27 12Z,88,97825,292
1347,USM00072261,2025-06-28 00Z,88,97496,272
1348,USM00072261,2025-06-28 12Z,88,97935,275
1349,USM00072261,2025-06-29 00Z,88,97506,243
1350,USM00072261,2025-06-29 12Z,88,97825,303
1351,USM00072261,2025-06-30 00Z,88,97446,287
1352,USM00072261,2025-06-30 12Z,88,97805,311
1353,USM00072261,2025-07-01 00Z,88,97785,280
1354,USM00072261,2025-07-01 12Z,89,98035,271
1355,USM00072261,2025-07-02 00Z,88,97775,317
1356,USM00072261,2025-07-02 12Z,88,97875,261
1357,USM00072261,2025-07-03 00Z,88,97605,252
1358,USM00072261,2025-07-03 12Z,88,97665,288
1359,USM00072261,2025-07-04 00Z,88,97496,235
1360,USM00072261,2025-07-05 00Z,88,97575,263
1361,USM00072261,2025-07-05 12Z,88,97525,296
1362,USM00072261,2025-07-06 00Z,88,97316,280
1363,USM00072261,2025-07-06 12Z,88,97675,299
1364,USM00072261,2025-07-07 00Z,88,97606,319
1365,USM00072261,2025-07-07 12Z,88,97775,289
1366,USM00072261,2025-07-08 00Z,88,97766,306
1367,USM00072261,2025-07-08 12Z,89,98085,316
1368,USM00072261,2025-07-09 00Z,88,97896,267
1369,USM00072261,2025-07-09 12Z,89,98115,291
1370,USM00072261,2025-07-10 00Z,88,97786,319
1371,USM00072261,2025-07-10 12Z,88,97895,296
1372,USM00072261,2025-07-11 00Z,88,97506,267
1373,USM00072261,2025-07-11 12Z,88,97665,280
1374,USM00072261,2025-07-12 00Z,88,97346,290
1375,USM00072261,2025-07-12 12Z,88,97645,241
1376,USM00072261,2025-07-13 00Z,88,97476,311
1377,USM00072261,2025-07-13 12Z,88,97655,282
1378,USM00072261,2025-07-14 00Z,88,97606,275
1379,USM00072261,2025-07-14 12Z,88,97945,278
1380,USM00072261,2025-07-15 00Z,88,97795,287
1381,USM00072261,2025-07-15 12Z,88,97895,248
1382,USM00072261,2025-07-16 00Z,88,97546,221
1383,USM00072261,2025-07-16 12Z,88,97565,209
1384,USM00072261,2025-07-17 00Z,88,97366,265
1385,USM00072261,2025-07-17 12Z,88,97585,201
1386,USM00072261,2025-07-18 00Z,88,97506,286
1387,USM00072261,2025-07-18 12Z,88,97845,217
1388,USM00072261,2025-07-19 00Z,88,97746,265
1389,USM00072261,2025-07-19 12Z,88,97965,301
1390,USM00072261,2025-07-20 00Z,88,97706,290
1391,USM00072261,2025-07-20 12Z,88,97815,275
1392,USM00072261,2025-07-21 00Z,88,97566,265
1393,USM00072261,2025-07-21 12Z,88,97765,241
1394,USM00072261,2025-07-22 00Z,88,97446,245
1395,USM00072261,2025-07-22 12Z,88,97725,288
1396,USM00072261,2025-07-23 00Z,88,97546,291
1397,USM00072261,2025-07-23 12Z,88,97885,295
1398,USM00072261,2025-07-24 00Z,88,97686,283
1399,USM00072261,2025-07-24 12Z,88,97955,319
1400,USM00072261,2025-07-25 00Z,88,97606,253
1401,USM00072261,2025-07-25 12Z,88,97605,239
1402,USM00072261,2025-07-26 00Z,88,97386,248
1403,USM00072261,2025-07-26 12Z,88,97645,299
1404,USM00072261,2025-07-27 00Z,88,97576,312
1405,USM00072261,2025-07-27 12Z,88,97995,235
1406,USM00072261,2025-07-28 00Z,88,97906,286
1407,USM00072261,2025-07-28 12Z,89,98305,296
1408,USM00072261,2025-07-29 00Z,89,98096,264
1409,USM00072261,2025-07-29 12Z,89,98335,276
1410,USM00072261,2025-07-30 00Z,89,98006,244
1411,USM00072261,2025-07-31 00Z,88,97776,243
1412,USM00072261,2025-07-31 12Z,88,97985,239
1413,USM00072261,2025-08-01 00Z,88,97836,258
1414,USM00072261,2025-08-01 12Z,89,98155,255
1415,USM00072261,2025-08-02 00Z,88,97986,275
1416,USM00072261,2025-08-03 00Z,88,97975,281
1417,USM00072261,2025-08-03 12Z,88,97885,266
1418,USM00072261,2025-08-04 00Z,88,97476,278
1419,USM00072261,2025-08-04 12Z,88,97555,225
1420,USM00072261,2025-08-05 00Z,88,97396,187
1421,USM00072261,2025-08-05 12Z,88,97995,254
1422,USM00072261,2025-08-06 00Z,88,97896,223
1423,USM00072261,2025-08-06 12Z,89,98215,207
1424,USM00072261,2025-08-07 00Z,89,98066,240
1425,USM00072261,2025-08-07 12Z,89,98155,248
1426,USM00072261,2025-08-08 00Z,88,97846,232
1427,USM00072261,2025-08-08 12Z,88,97815,250
1428,USM00072261,2025-08-09 00Z,88,97426,205
1429,USM00072261,2025-08-09 12Z,88,97675,252
1430,USM00072261,2025-08-10 00Z,88,97386,202
1431,USM00072261,2025-08-10 12Z,88,97715,250
1432,USM00072261,2025-08-11 00Z,88,97476,256
1433,USM00072261,2025-08-11 12Z,88,97705,263
1434,USM00072261,2025-08-12 00Z,88,97426,257
1435,USM00072261,2025-08-12 12Z,88,97675,273
1436,USM00072261,2025-08-13 00Z,88,97446,214
1437,USM00072261,2025-08-13 12Z,88,97695,263
1438,USM00072261,2025-08-14 00Z,88,97346,252
1439,USM00072261,2025-08-14 12Z,88,97635,244
1440,USM00072261,2025-08-15 00Z,88,97346,214
1441,USM00072261,2025-08-15 12Z,88,97755,314
1442,USM00072261,2025-08-16 00Z,88,97606,245
1443,USM00072261,2025-08-16 12Z,88,97935,247
1444,USM00072261,2025-08-17 00Z,88,97556,268
1445,USM00072261,2025-08-17 12Z,88,97845,308
1446,USM00072261,2025-08-18 00Z,88,97376,265
1447,USM00072261,2025-08-18 12Z,88,97765,287
1448,USM00072261,2025-08-19 00Z,88,97496,303
1449,USM00072261,2025-08-19 12Z,88,97865,285
1450,USM00072261,2025-08-20 12Z,88,97935,339
1451,USM00072261,2025-08-21 00Z,88,97476,328
1452,USM00072261,2025-08-21 12Z,88,97745,265
1453,USM00072261,2025-08-22 00Z,88,97556,311
1454,USM00072261,2025-08-22 12Z,88,97785,304
1455,USM00072261,2025-08-23 00Z,88,97456,241
1456,USM00072261,2025-08-23 12Z,88,97845,299
1457,USM00072261,2025-08-24 00Z,88,97666,222
1458,USM00072261,2025-08-24 12Z,88,97905,250
1459,USM00072261,2025-08-25 00Z,88,97626,224
1460,USM00072261,2025-08-25 12Z,88,97905,189
1461,USM00072261,2025-08-26 00Z,88,97616,230
1462,USM00072261,2025-08-29 12Z,88,97715,251
1463,USM00072261,2025-08-30 00Z,88,97306,256
1464,USM00072261,2025-08-30 12Z,88,97555,277
1465,USM00072261,2025-08-31 00Z,88,97286,189
1466,USM00072261,2025-08-31 12Z,88,97695,272
1467,USM00072261,2025-09-01 12Z,88,97995,253
1468,USM00072261,2025-09-02 00Z,88,97865,287
1469,USM00072261,2025-09-02 12Z,88,97975,300
1470,USM00072261,2025-09-03 00Z,88,97706,234
1471,USM00072261,2025-09-03 12Z,88,97825,193
1472,USM00072261,2025-09-05 00Z,88,97186,292
1473,USM00072261,2025-09-05 12Z,88,97325,271
1474,USM00072261,2025-09-06 00Z,88,97206,281
1475,USM00072261,2025-09-06 12Z,88,97695,279
1476,USM00072261,2025-09-07 00Z,88,97785,253
1477,USM00072261,2025-09-07 12Z,89,98035,302
1478,USM00072261,2025-09-08 00Z,89,98105,330
1479,USM00072261,2025-09-08 12Z,89,98205,287
1480,USM00072261,2025-09-09 00Z,88,97885,257
1481,USM00072261,2025-09-09 12Z,88,97875,248
1482,USM00072261,2025-09-10 00Z,88,97666,255
1483,USM00072261,2025-09-10 12Z,88,97865,257
1484,USM00072261,2025-09-11 00Z,88,97876,268
1485,USM00072261,2025-09-11 12Z,89,98075,276
1486,USM00072261,2025-09-12 00Z,88,97966,251
1487,USM00072261,2025-09-12 12Z,89,98145,292
1488,USM00072261,2025-09-13 00Z,88,97796,282
1489,USM00072261,2025-09-14 00Z,88,97476,335
1490,USM00072261,2025-09-14 12Z,88,97655,350
1491,USM00072261,2025-09-15 12Z,88,97885,274
1492,USM00072261,2025-09-16 00Z,88,97776,316
1493,USM00072261,2025-09-16 12Z,89,98165,340
1494,USM00072261,2025-09-17 00Z,88,97936,297
1495,USM00072261,2025-09-17 12Z,89,98085,323
1496,USM00072261,2025-09-18 00Z,88,97696,296
1497,USM00072261,2025-09-18 12Z,88,97805,356
1498,USM00072261,2025-09-19 00Z,88,97576,306
1499,USM00072261,2025-09-19 12Z,88,97895,337
1500,USM00072261,2025-09-20 00Z,88,97626,310
1501,USM00072261,2025-09-20 12Z,88,97845,284
1502,USM00072261,2025-09-21 00Z,88,97556,285
1503,USM00072261,2025-09-21 12Z,88,97595,251
1504,USM00072261,2025-09-22 00Z,88,97206,278
1505,USM00072261,2025-09-22 12Z,88,97375,271
1506,USM00072261,2025-09-23 00Z,88,97046,302
1507,USM00072261,2025-09-23 12Z,88,97395,327
1508,USM00072261,2025-09-24 00Z,88,97286,336
1509,USM00072261,2025-09-24 12Z,88,97695,290
1510,USM00072261,2025-09-25 00Z,88,97856,290
1511,USM00072261,2025-09-25 12Z,89,98135,285
1512,USM00072261,2025-09-26 00Z,88,97736,230
1513,USM00072261,2025-09-26 12Z,88,97835,299
1514,USM00072261,2025-09-27 00Z,88,97326,320
1515,USM00072261,2025-09-27 12Z,88,97635,363
1516,USM00072261,2025-09-28 00Z,88,97486,319
1517,USM00072261,2025-09-28 12Z,88,97915,328
1518,USM00072261,2025-09-29 00Z,88,97776,310
1519,USM00072261,2025-09-29 12Z,88,97995,318
1520,USM00072261,2025-09-30 00Z,89,98015,275
1521,USM00072261,2025-09-30 12Z,89,98065,223
1522,USM00072261,2025-10-01 00Z,88,97766,257
1523,USM00072261,2025-10-01 12Z,88,97905,243
1524,USM00072261,2025-10-02 00Z,88,97736,228
1525,USM00072261,2025-10-02 12Z,89,98015,252
1526,USM00072261,2025-10-03 00Z,88,97926,201
1527,USM00072261,2025-10-03 12Z,89,98145,267
1528,USM00072261,2025-10-04 00Z,88,97826,217
1529,USM00072261,2025-10-04 12Z,88,97885,256
1530,USM00072261,2025-10-05 00Z,88,97326,246
1531,USM00072261,2025-10-05 12Z,88,97555,233
1532,USM00072261,2025-10-06 00Z,88,97216,263
1533,USM00072261,2025-10-06 12Z,88,97515,266
1534,USM00072261,2025-10-07 00Z,88,97406,259
1535,USM00072261,2025-10-07 12Z,88,97815,286
1536,USM00072261,2025-10-08 00Z,88,97696,260
1537,USM00072261,2025-10-08 12Z,89,98165,326
1538,USM00072261,2025-10-09 00Z,89,98045,280
1539,USM00072261,2025-10-09 12Z,89,98285,297
1540,USM00072261,2025-10-10 00Z,89,98185,326
1541,USM00072261,2025-10-10 12Z,89,98385,317
1542,USM00072261,2025-10-11 00Z,89,98076,327
1543,USM00072261,2025-10-12 12Z,88,97365,318
1544,USM00072261,2025-10-13 00Z,88,97066,312
1545,USM00072261,2025-10-13 12Z,88,97415,353
1546,USM00072261,2025-10-14 00Z,88,97466,307
1547,USM00072261,2025-10-14 12Z,88,97945,321
1548,USM00072261,2025-10-15 00Z,88,97885,279
1549,USM00072261,2025-10-15 12Z,89,98025,292
1550,USM00072261,2025-10-16 00Z,88,97576,292
1551,USM00072261,2025-10-16 12Z,88,97515,327
1552,USM00072261,2025-10-17 00Z,88,97126,259
1553,USM00072261,2025-10-17 12Z,88,97355,302
1554,USM00072261,2025-10-18 00Z,88,97026,252
1555,USM00072261,2025-10-18 12Z,88,97215,244
1556,USM00072261,2025-10-19 00Z,88,97166,246
1557,USM00072261,2025-10-19 12Z,89,98075,253
1558,USM00072261,2025-10-20 00Z,89,98045,223
1559,USM00072261,2025-10-20 12Z,89,98025,265
1560,USM00072261,2025-10-21 00Z,88,97456,241
1561,USM00072261,2025-10-21 12Z,88,97755,281
1562,USM00072261,2025-10-22 00Z,88,97966,249
1563,USM00072261,2025-10-22 12Z,89,98305,265
1564,USM00072261,2025-10-23 00Z,88,97795,263
1565,USM00072261,2025-10-23 12Z,88,97905,245
1566,USM00072261,2025-10-24 00Z,88,97616,273
1567,USM00072261,2025-10-24 12Z,88,97835,280
1568,USM00072261,2025-10-25 00Z,88,97196,276
1569,USM00072261,2025-10-25 12Z,88,97605,260
1570,USM00072261,2025-10-26 00Z,88,97465,240
1571,USM00072261,2025-10-26 12Z,88,97775,246
1572,USM00072261,2025-10-27 00Z,88,97496,235
1573,USM00072261,2025-10-27 12Z,88,97575,237
1574,USM00072261,2025-10-28 00Z,88,97106,225
1575,USM00072261,2025-10-28 12Z,88,97275,234
1576,USM00072261,2025-10-29 00Z,89,98165,214
1577,USM00072261,2025-10-29 12Z,90,99254,239
1578,USM00072261,2025-10-30 00Z,89,98755,220
1579,USM00072261,2025-10-30 12Z,89,98524,194
1580,USM00072261,2025-10-31 00Z,88,97945,221
1581,USM00072261,2025-10-31 12Z,89,98124,213
1582,USM00072261,2025-11-01 00Z,88,97725,210
1583,USM00072261,2025-11-01 12Z,88,97565,255
1584,USM00072261,2025-11-02 00Z,89,98035,273
1585,USM00072261,2025-11-02 12Z,89,98704,251
1586,USM00072261,2025-11-03 00Z,89,98475,253
1587,USM00072261,2025-11-03 12Z,89,98554,242
1588,USM00072261,2025-11-04 00Z,89,98475,219
1589,USM00072261,2025-11-04 12Z,89,98644,252
1590,USM00072261,2025-11-05 00Z,89,98255,240
1591,USM00072261,2025-11-05 12Z,89,98325,280
1592,USM00072261,2025-11-06 00Z,88,97995,242
1593,USM00072261,2025-11-06 12Z,88,97985,232
1594,USM00072261,2025-11-07 00Z,88,97476,225
1595,USM00072261,2025-11-07 12Z,88,97325,224
1596,USM00072261,2025-11-08 00Z,88,97146,212
1597,USM00072261,2025-11-08 12Z,88,97405,202
1598,USM00072261,2025-11-09 00Z,88,97246,212
1599,USM00072261,2025-11-09 12Z,89,98485,262
1600,USM00072261,2025-11-10 00Z,90,99055,232
1601,USM00072261,2025-11-10 12Z,90,99694,240
1602,USM00072261,2025-11-11 00Z,90,99295,227
1603,USM00072261,2025-11-11 12Z,89,98914,215
1604,USM00072261,2025-11-12 00Z,89,98215,213
1605,USM00072261,2025-11-12 12Z,89,98164,263
1606,USM00072261,2025-11-13 00Z,88,97975,237
1607,USM00072261,2025-11-13 12Z,89,98185,266
1608,USM00072261,2025-11-14 00Z,88,97955,220
1609,USM00072261,2025-11-14 12Z,89,98055,231
1610,USM00072261,2025-11-15 00Z,88,97755,238
1611,USM00072261,2025-11-15 12Z,88,97815,251
1612,USM00072261,2025-11-16 00Z,88,97405,230
1613,USM00072261,2025-11-16 12Z,88,97435,227
1614,USM00072261,2025-11-17 00Z,88,97196,234
1615,USM00072261,2025-11-17 12Z,88,97295,235
1616,USM00072261,2025-11-18 00Z,88,97166,189
1617,USM00072261,2025-11-18 12Z,88,97575,250
1618,USM00072261,2025-11-19 00Z,88,97665,246
1619,USM00072261,2025-11-19 12Z,88,97895,258
1620,USM00072261,2025-11-20 00Z,88,97865,252
1621,USM00072261,2025-11-20 12Z,88,97745,273
1622,USM00072261,2025-11-21 00Z,88,97355,251
1623,USM00072261,2025-11-21 12Z,88,97625,242
1624,USM00072261,2025-11-22 00Z,88,97705,228
1625,USM00072261,2025-11-22 12Z,89,98165,264
1626,USM00072261,2025-11-23 00Z,89,98035,258
1627,USM00072261,2025-11-23 12Z,89,98115,264
1628,USM00072261,2025-11-24 00Z,88,97665,262
1629,USM00072261,2025-11-27 12Z,89,98844,246
1630,USM00072261,2025-11-28 00Z,89,98825,222
1631,USM00072261,2025-11-28 12Z,89,98815,246
1632,USM00072261,2025-11-29 00Z,89,98155,254
1633,USM00072261,2025-11-29 12Z,88,97775,279
1634,USM00072261,2025-11-30 00Z,88,97705,273
1635,USM00072261,2025-11-30 12Z,89,98424,283
1636,USM00072261,2025-12-01 00Z,89,98534,255
1637,USM00072261,2025-12-01 12Z,89,98264,269
1638,USM00072261,2025-12-02 00Z,88,97875,279
1639,USM00072261,2025-12-02 12Z,89,98484,256
1640,USM00072261,2025-12-03 00Z,88,97825,234
1641,USM00072261,2025-12-03 12Z,88,97724,254
1642,USM00072261,2025-12-04 00Z,88,97475,219
1643,USM00072261,2025-12-04 12Z,88,97965,253
1644,USM00072261,2025-12-05 00Z,89,98385,235
1645,USM00072261,2025-12-05 12Z,89,98164,256
1646,USM00072261,2025-12-06 00Z,88,97705,261
1647,USM00072261,2025-12-06 12Z,88,97834,274
1648,USM00072261,2025-12-07 00Z,88,97285,247
1649,USM00072261,2025-12-07 12Z,88,97534,220
1650,USM00072261,2025-12-08 00Z,89,98165,222
1651,USM00072261,2025-12-08 12Z,89,98784,245
1652,USM00072261,2025-12-09 00Z,89,98455,242
1653,USM00072261,2025-12-09 12Z,89,98404,233
1654,USM00072261,2025-12-10 00Z,88,97805,235
1655,USM00072261,2025-12-10 12Z,88,97614,231
1656,USM00072261,2025-12-11 00Z,89,98125,250
1657,USM00072261,2025-12-11 12Z,89,98374,220
1658,USM00072261,2025-12-12 00Z,88,97695,232
1659,USM00072261,2025-12-12 12Z,88,97554,212
1660,USM00072261,2025-12-13 00Z,88,97585,228
1661,USM00072261,2025-12-13 12Z,88,97935,227
1662,USM00072261,2025-12-14 00Z,88,97775,255
1663,USM00072261,2025-12-14 12Z,89,98625,268
1664,USM00072261,2025-12-15 00Z,90,99524,265
1665,USM00072261,2025-12-15 12Z,90,99304,246
1666,USM00072261,2025-12-16 00Z,89,98704,286
1667,USM00072261,2025-12-16 12Z,89,98294,278
1668,USM00072261,2025-12-17 00Z,88,97835,157
1669,USM00072261,2025-12-17 12Z,88,97895,269
1670,USM00072261,2025-12-18 00Z,88,97525,241
1671,USM00072261,2025-12-18 12Z,88,97165,202
1672,USM00072261,2025-12-19 00Z,88,97785,226
1673,USM00072261,2025-12-19 12Z,89,98414,243
1674,USM00072261,2025-12-20 00Z,88,97915,254
1675,USM00072261,2025-12-20 12Z,88,97794,245
1676,USM00072261,2025-12-21 00Z,88,97515,276
1677,USM00072261,2025-12-21 12Z,89,98054,264
1678,USM00072261,2025-12-22 00Z,89,98295,259
1679,USM00072261,2025-12-22 12Z,89,98414,227
1680,USM00072261,2025-12-23 00Z,89,98225,250
1681,USM00072261,2025-12-23 12Z,89,98345,247
1682,USM00072261,2025-12-24 00Z,89,98315,234
1683,USM00072261,2025-12-24 12Z,89,98545,264
1684,USM00072261,2025-12-25 00Z,89,98435,257
1685,USM00072261,2025-12-25 12Z,89,98385,278
1686,USM00072261,2025-12-26 00Z,89,98065,265
1687,USM00072261,2025-12-26 12Z,89,98015,286
1688,USM00072261,2025-12-27 00Z,88,97675,279
1689,USM00072261,2025-12-27 12Z,88,97605,271
1690,USM00072261,2025-12-28 00Z,88,97205,273
1691,USM00072261,2025-12-28 12Z,88,97435,273
1692,USM00072261,2025-12-29 00Z,88,97675,276
1693,USM00072261,2025-12-29 12Z,90,99134,179
1694,USM00072261,2025-12-30 00Z,90,99684,295
1695,USM00072261,2025-12-30 12Z,90,99634,295
1696,USM00072261,2025-12-31 00Z,90,99184,243
1697,USM00072261,2025-12-31 12Z,89,98944,239
1698,USM00072261,2026-01-01 00Z,89,98375,240
1699,USM00072261,2026-01-01 12Z,89,98174,243
1700,USM00072261,2026-01-02 00Z,88,97785,255
1701,USM00072261,2026-01-02 12Z,88,97544,241
1702,USM00072261,2026-01-03 00Z,88,97096,249
1703,USM00072261,2026-01-03 12Z,88,97645,226
1704,USM00072261,2026-01-04 12Z,89,98184,261
1705,USM00072261,2026-01-05 00Z,88,97745,276
1706,USM00072261,2026-01-05 12Z,88,97665,285
1707,USM00072261,2026-01-06 00Z,88,97575,259
1708,USM00072261,2026-01-06 12Z,88,97754,250
1709,USM00072261,2026-01-07 00Z,88,97665,261
1710,USM00072261,2026-01-07 12Z,88,97585,276
1711,USM00072261,2026-01-08 00Z,88,97095,257
1712,USM00072261,2026-01-08 12Z,87,96955,252
1713,USM00072261,2026-01-09 00Z,88,97155,199
1714,USM00072261,2026-01-09 12Z,88,97415,282
1715,USM00072261,2026-01-10 00Z,88,97685,242
1716,USM00072261,2026-01-10 12Z,90,99244,259
1717,USM00072261,2026-01-13 00Z,90,99025,288
1718,USM00072261,2026-01-13 12Z,89,98864,270
1719,USM00072261,2026-01-14 00Z,89,98275,271
1720,USM00072261,2026-01-14 12Z,89,98154,248
1721,USM00072261,2026-01-16 00Z,88,97895,214
1722,USM00072261,2026-01-16 12Z,88,97504,243
1723,USM00072261,2026-01-17 00Z,88,97985,240
1724,USM00072261,2026-01-17 12Z,89,98624,247
1725,USM00072261,2026-01-18 00Z,89,98845,215
1726,USM00072261,2026-01-18 12Z,90,99304,223
1727,USM00072261,2026-01-19 00Z,89,98545,230
1728,USM00072261,2026-01-20 00Z,89,98255,270
1729,USM00072261,2026-01-20 12Z,90,99014,153
1730,USM00072261,2026-01-21 00Z,89,98544,303
1731,USM00072261,2026-01-21 12Z,89,98274,273
1732,USM00072261,2026-01-22 00Z,89,98175,239
1733,USM00072261,2026-01-22 12Z,89,98324,268
1734,USM00072261,2026-01-23 00Z,88,97755,235
1735,USM00072261,2026-01-23 12Z,88,97715,241
1736,USM00072261,2026-01-24 00Z,88,97635,240
1737,USM00072261,2026-01-24 12Z,89,98094,233
1738,USM00072261,2026-01-25 00Z,88,97964,238
1739,USM00072261,2026-01-25 12Z,89,98274,213
1740,USM00072261,2026-01-26 00Z,89,98724,210
1741,USM00072261,2026-01-26 12Z,90,99583,224
1742,USM00072261,2026-01-27 00Z,90,99804,221
1743,USM00072261,2026-01-27 12Z,90,99563,280
1744,USM00072261,2026-01-28 00Z,89,98984,215
1745,USM00072261,2026-01-28 12Z,90,99234,217
1746,USM00072261,2026-01-29 00Z,89,98815,220
1747,USM00072261,2026-01-30 00Z,89,98115,244
1748,USM00072261,2026-01-30 12Z,89,98854,223
1749,USM00072261,2026-01-31 00Z,89,98975,236
1750,USM00072261,2026-02-01 00Z,90,99044,185
1751,USM00072261,2026-02-01 12Z,90,99284,180
1752,USM00072261,2026-02-02 00Z,90,99024,232
1753,USM00072261,2026-02-02 12Z,89,98784,238
1754,USM00072261,2026-02-03 00Z,89,98215,232
1755,USM00072261,2026-02-03 12Z,89,98084,258
1756,USM00072261,2026-02-04 00Z,89,98285,222
1757,USM00072261,2026-02-04 12Z,89,98924,261
1758,USM00072261,2026-02-05 00Z,90,99085,222
1759,USM00072261,2026-02-05 12Z,90,99434,215
1760,USM00072261,2026-02-06 00Z,89,98755,235
1761,USM00072261,2026-02-06 12Z,89,98664,267
1762,USM00072261,2026-02-07 00Z,89,98345,263
1763,USM00072261,2026-02-07 12Z,89,98464,273
1764,USM00072261,2026-02-08 00Z,89,98205,272
1765,USM00072261,2026-02-08 12Z,89,98335,272
1766,USM00072261,2026-02-09 00Z,89,98265,172
1767,USM00072261,2026-02-09 12Z,89,98235,285
1768,USM00072261,2026-02-10 00Z,88,97825,264
1769,USM00072261,2026-02-10 12Z,88,97825,246
1770,USM00072261,2026-02-11 00Z,89,98035,267
1771,USM00072261,2026-02-11 12Z,89,98504,266
1772,USM00072261,2026-02-12 00Z,89,98185,253
1773,USM00072261,2026-02-12 12Z,89,98295,263
1774,USM00072261,2026-02-13 00Z,88,97845,281
1775,USM00072261,2026-02-13 12Z,88,97895,254
1776,USM00072261,2026-02-14 00Z,88,97395,253
1777,USM00072261,2026-02-14 12Z,88,97345,230
1778,USM00072261,2026-02-15 00Z,88,97195,185
1779,USM00072261,2026-02-15 12Z,89,98015,193
1780,USM00072261,2026-02-16 00Z,88,97985,223
1781,USM00072261,2026-02-16 12Z,88,97974,259
1782,USM00072261,2026-02-17 00Z,88,97555,207
1783,USM00072261,2026-02-17 12Z,88,97625,251
1784,USM00072261,2026-02-18 00Z,88,97076,229
1785,USM00072261,2026-02-18 12Z,88,97475,246
1786,USM00072261,2026-02-19 00Z,87,96925,250
1787,USM00072261,2026-02-19 12Z,87,96745,259
1788,USM00072261,2026-02-20 00Z,87,96616,217
1789,USM00072261,2026-02-20 12Z,87,96985,287
1790,USM00072261,2026-02-21 00Z,87,96766,253
1791,USM00072261,2026-02-21 12Z,88,97615,320
1792,USM00072261,2026-02-22 00Z,89,98435,128
1793,USM00072261,2026-02-22 12Z,90,99814,256
1794,USM00072261,2026-02-23 00Z,90,99555,253
1795,USM00072261,2026-02-23 12Z,90,99644,284
1796,USM00072261,2026-02-24 00Z,90,99125,273
1797,USM00072261,2026-02-24 12Z,89,98554,252
1798,USM00072261,2026-02-25 00Z,88,97465,264
1799,USM00072261,2026-02-27 00Z,88,97046,222
1800,USM00072261,2026-02-27 12Z,88,97775,275
1801,USM00072261,2026-02-28 00Z,88,97476,273
1802,USM00072261,2026-02-28 12Z,88,97555,254
1803,USM00072261,2026-03-01 00Z,88,97356,253
1804,USM00072261,2026-03-01 12Z,88,97685,286
1805,USM00072261,2026-03-02 00Z,88,97535,261
1806,USM00072261,2026-03-02 12Z,88,97735,276
1807,USM00072261,2026-03-03 00Z,88,97535,243
1808,USM00072261,2026-03-03 12Z,88,97595,247
1809,USM00072261,2026-03-04 00Z,88,97356,258
1810,USM00072261,2026-03-04 12Z,88,97655,236
1811,USM00072261,2026-03-05 00Z,88,97375,259
1812,USM00072261,2026-03-05 12Z,88,97335,254
1813,USM00072261,2026-03-06 00Z,87,96946,272
1814,USM00072261,2026-03-06 12Z,88,97155,249
1815,USM00072261,2026-03-07 00Z,87,96896,243
1816,USM00072261,2026-03-07 12Z,88,97275,245
1817,USM00072261,2026-03-08 00Z,88,97855,253
1818,USM00072261,2026-03-08 12Z,89,98085,262
1819,USM00072261,2026-03-09 00Z,88,97845,243
1820,USM00072261,2026-03-09 12Z,88,97745,262
1821,USM00072261,2026-03-10 00Z,88,97515,268
1822,USM00072261,2026-03-10 12Z,88,97435,300
1823,USM00072261,2026-03-11 00Z,87,96855,235
1824,USM00072261,2026-03-11 12Z,88,97525,238
1825,USM00072261,2026-03-12 00Z,89,98085,219
1826,USM00072261,2026-03-12 12Z,90,99304,228
1827,USM00072261,2026-03-13 00Z,89,98475,235
1828,USM00072261,2026-03-13 12Z,89,98064,213
1829,USM00072261,2026-03-14 00Z,88,97386,221
1830,USM00072261,2026-03-14 12Z,88,97465,266
1831,USM00072261,2026-03-15 00Z,87,96896,238
1832,USM00072261,2026-03-15 12Z,87,96855,250
1833,USM00072261,2026-03-16 00Z,87,96696,201
1834,USM00072261,2026-03-16 12Z,90,99024,253
1835,USM00072261,2026-03-17 00Z,89,98615,253
1836,USM00072261,2026-03-17 12Z,89,98814,227
1837,USM00072261,2026-03-18 00Z,89,98165,230
1838,USM00072261,2026-03-18 12Z,89,98204,261
1839,USM00072261,2026-03-19 00Z,89,98095,249
1840,USM00072261,2026-03-19 12Z,89,98345,243
1841,USM00072261,2026-03-20 00Z,89,98125,261
1842,USM00072261,2026-03-20 12Z,89,98085,237
1843,USM00072261,2026-03-21 00Z,88,97726,229
1844,USM00072261,2026-03-21 12Z,88,97745,227
1845,USM00072261,2026-03-22 00Z,88,97386,235
1846,USM00072261,2026-03-22 12Z,88,97465,228
1847,USM00072261,2026-03-23 00Z,88,97216,259
1848,USM00072261,2026-03-23 12Z,88,97755,242
1849,USM00072261,2026-03-24 00Z,88,97875,295
1850,USM00072261,2026-03-24 12Z,88,97925,155
1851,USM00072261,2026-03-25 00Z,88,97566,256
1852,USM00072261,2026-03-25 12Z,88,97755,259
1853,USM00072261,2026-03-26 00Z,88,97536,259
1854,USM00072261,2026-03-26 12Z,88,97725,267
1855,USM00072261,2026-03-27 00Z,88,97346,227
1856,USM00072261,2026-03-27 12Z,88,97575,266
1857,USM00072261,2026-03-28 00Z,89,98595,262
1858,USM00072261,2026-03-28 12Z,90,99284,259
1859,USM00072261,2026-03-29 00Z,89,98695,252
1860,USM00072261,2026-03-29 12Z,89,98484,203
1861,USM00072261,2026-03-30 00Z,88,97895,238
1862,USM00072261,2026-03-30 12Z,88,97955,246
1863,USM00072261,2026-03-31 00Z,88,97466,270
1864,USM00072261,2026-03-31 12Z,88,97695,273
1865,USM00072261,2026-04-01 00Z,88,97296,286
1866,USM00072261,2026-04-01 12Z,88,97465,263
1867,USM00072261,2026-04-03 00Z,88,97046,223
1868,USM00072261,2026-04-03 12Z,88,97265,266
1869,USM00072261,2026-04-04 00Z,88,97155,278
1870,USM00072261,2026-04-04 12Z,88,97595,262
1871,USM00072261,2026-04-05 00Z,89,98215,281
1872,USM00072261,2026-04-05 12Z,89,98904,203
1873,USM00072261,2026-04-06 00Z,89,98725,275
1874,USM00072261,2026-04-06 12Z,89,98884,278
1875,USM00072261,2026-04-07 00Z,89,98275,266
1876,USM00072261,2026-04-07 12Z,89,98115,282
1877,USM00072261,2026-04-08 00Z,88,97755,194
1878,USM00072261,2026-04-08 12Z,88,97975,235
1879,USM00072261,2026-04-09 00Z,88,97765,195
1880,USM00072261,2026-04-09 12Z,88,97985,300
1881,USM00072261,2026-04-10 00Z,88,97915,307
1882,USM00072261,2026-04-10 12Z,89,98105,283
1883,USM00072261,2026-04-13 00Z,88,97535,277
1884,USM00072261,2026-04-13 12Z,88,97915,233
1885,USM00072261,2026-04-14 00Z,88,97615,308
1886,USM00072261,2026-04-14 12Z,88,97695,250
1887,USM00072261,2026-04-15 00Z,88,97375,297
1888,USM00072261,2026-04-15 12Z,88,97465,278
1889,USM00072261,2026-04-16 00Z,88,97385,252
1890,USM00072261,2026-04-16 12Z,88,97615,258
1891,USM00072261,2026-04-17 00Z,88,97236,270
1892,USM00072261,2026-04-17 12Z,88,97285,241
1893,USM00072261,2026-04-18 00Z,87,96876,291
1894,USM00072261,2026-04-18 12Z,88,97165,295
1895,USM00072261,2026-04-19 00Z,89,98325,312
1896,USM00072261,2026-04-19 12Z,89,98844,287
1897,USM00072261,2026-04-20 00Z,89,98704,263
1898,USM00072261,2026-04-20 12Z,89,98634,253
1899,USM00072261,2026-04-21 00Z,89,98285,274
1900,USM00072261,2026-04-21 12Z,89,98227,270
1901,USM00072261,2026-04-22 00Z,88,97905,255
1902,USM00072261,2026-04-22 12Z,88,97805,257
1903,USM00072261,2026-04-23 00Z,88,97395,303
1904,USM00072261,2026-04-23 12Z,88,97265,270
1905,USM00072261,2026-04-24 00Z,87,96846,280
1906,USM00072261,2026-04-24 12Z,88,97025,276
1907,USM00072261,2026-04-25 00Z,87,96796,258
1908,USM00072261,2026-04-25 12Z,87,96895,269
1909,USM00072261,2026-04-26 00Z,87,96706,288
1910,USM00072261,2026-04-26 12Z,87,96905,281
1911,USM00072261,2026-04-27 00Z,87,96865,319
1912,USM00072261,2026-04-27 12Z,88,97065,252
1913,USM00072261,2026-04-28 00Z,88,97026,249
1914,USM00072261,2026-04-28 12Z,88,97335,274
1915,USM00072261,2026-04-29 00Z,88,97186,288
1916,USM00072261,2026-04-29 12Z,88,97325,268
1917,USM00072261,2026-04-30 00Z,88,97006,302
1918,USM00072261,2026-04-30 12Z,88,97325,320
1919,USM00072261,2026-05-01 00Z,88,97195,283
1920,USM00072261,2026-05-01 12Z,88,97515,281
1921,USM00072261,2026-05-02 00Z,88,97535,241
1922,USM00072261,2026-05-02 12Z,89,98365,251
1923,USM00072261,2026-05-03 00Z,89,98185,273
1924,USM00072261,2026-05-03 12Z,89,98425,277
1925,USM00072261,2026-05-04 00Z,88,97855,256
1926,USM00072261,2026-05-04 12Z,88,97575,286
1927,USM00072261,2026-05-05 00Z,88,97086,284
1928,USM00072261,2026-05-05 12Z,87,96985,281
1929,USM00072261,2026-05-06 00Z,87,96776,192
1930,USM00072261,2026-05-06 12Z,88,97055,314
1931,USM00072261,2026-05-07 00Z,88,97186,322
1932,USM00072261,2026-05-07 12Z,88,97675,239
1933,USM00072261,2026-05-08 00Z,88,97705,302
1934,USM00072261,2026-05-08 12Z,88,97585,289
1935,USM00072261,2026-05-09 00Z,88,97055,192
1936,USM00072261,2026-05-09 12Z,88,97295,258
1937,USM00072261,2026-05-10 00Z,88,97046,230
1938,USM00072261,2026-05-10 12Z,88,97375,227
1939,USM00072261,2026-05-11 00Z,88,97216,341
1940,USM00072261,2026-05-11 12Z,89,98315,286
1941,USM00072261,2026-05-12 00Z,89,98105,232
1942,USM00072261,2026-05-12 12Z,89,98235,267
1943,USM00072261,2026-05-13 00Z,88,97876,226
1944,USM00072261,2026-05-13 12Z,89,98025,274
1945,USM00072261,2026-05-14 00Z,88,97686,235
1946,USM00072261,2026-05-14 12Z,88,97715,273
1947,USM00072261,2026-05-16 00Z,88,97056,253
1948,USM00072261,2026-05-16 12Z,88,97305,241
1949,USM00072261,2026-05-17 00Z,87,96986,221
1950,USM00072261,2026-05-20 00Z,88,97256,213
1951,USM00072261,2026-05-20 12Z,88,97875,268
1952,USM00072261,2026-05-21 00Z,88,97585,249
1953,USM00072261,2026-05-21 12Z,88,97695,241
1954,USM00072261,2026-05-22 00Z,88,97116,306
1955,USM00072261,2026-05-22 12Z,88,97345,285
1956,USM00072261,2026-05-23 00Z,88,97026,284
1957,USM00072261,2026-05-23 12Z,88,97495,319
1958,USM00072261,2026-05-24 00Z,88,97306,281
1959,USM00072261,2026-05-24 12Z,88,97835,272
1960,USM00072261,2026-05-25 00Z,88,97516,250
1961,USM00072261,2026-05-25 12Z,88,97695,279
1962,USM00072261,2026-05-26 00Z,88,97256,250
1963,USM00072261,2026-05-26 12Z,88,97285,283
1964,USM00072261,2026-05-27 00Z,87,96915,275
1965,USM00072261,2026-05-27 12Z,88,97225,301
1966,USM00072261,2026-05-28 00Z,88,97166,274
1967,USM00072261,2026-05-28 12Z,88,97625,265
1968,USM00072261,2026-05-29 00Z,88,97336,237
1969,USM00072261,2026-05-30 00Z,88,97156,273
1970,USM00072261,2026-05-30 12Z,88,97275,251
1971,USM00072261,2026-05-31 00Z,88,97265,289
1972,USM00072261,2026-05-31 12Z,88,97365,263
1973,USM00072261,2026-06-01 00Z,88,97256,329
1974,USM00072261,2026-06-01 12Z,88,97625,318
1975,USM00072261,2026-06-02 00Z,88,97476,328
1976,USM00072261,2026-06-02 12Z,88,97735,285
1977,USM00072261,2026-06-03 00Z,88,97596,282
1978,USM00072261,2026-06-03 12Z,88,97835,302
1979,USM00072261,2026-06-04 00Z,88,97636,324
1980,USM00072261,2026-06-04 12Z,88,97785,316
1981,USM00072261,2026-06-05 00Z,88,97426,312
1982,USM00072261,2026-06-05 12Z,88,97595,310
1983,USM00072261,2026-06-06 12Z,88,97335,243
1984,USM00072261,2026-06-07 00Z,88,97006,282
1985,USM00072261,2026-06-07 12Z,88,97135,282
1986,USM00072261,2026-06-08 00Z,87,96976,330
1987,USM00072261,2026-06-08 12Z,88,97375,244
1988,USM00072261,2026-06-09 00Z,88,97356,184
1989,USM00072261,2026-06-09 12Z,88,97715,182
1990,USM00072649,2025-01-01 00Z,89,98198,360
1991,USM00072649,2025-01-01 12Z,89,98438,379
1992,USM00072649,2025-01-02 00Z,89,98691,320
1993,USM00072649,2025-01-02 12Z,89,98863,364
1994,USM00072649,2025-01-03 00Z,90,99115,369
1995,USM00072649,2025-01-03 12Z,90,99390,360
1996,USM00072649,2025-01-04 00Z,90,99609,363
1997,USM00072649,2025-01-04 12Z,90,99793,345
1998,USM00072649,2025-01-05 00Z,90,99530,352
1999,USM00072649,2025-01-05 12Z,90,99577,356
2000,USM00072649,2025-01-06 00Z,90,99263,378
2001,USM00072649,2025-01-06 12Z,90,99493,335
2002,USM00072649,2025-01-07 00Z,90,99559,346
2003,USM00072649,2025-01-07 12Z,90,99757,372
2004,USM00072649,2025-01-08 00Z,90,99878,361
2005,USM00072649,2025-01-08 12Z,90,99608,393
2006,USM00072649,2025-01-09 00Z,89,98648,356
2007,USM00072649,2025-01-09 12Z,89,98164,376
2008,USM00072649,2025-01-10 00Z,89,98230,304
2009,USM00072649,2025-01-10 12Z,89,98043,360
2010,USM00072649,2025-01-11 00Z,88,97520,323
2011,USM00072649,2025-01-11 12Z,88,97248,308
2012,USM00072649,2025-01-12 00Z,87,96926,350
2013,USM00072649,2025-01-12 12Z,87,96700,372
2014,USM00072649,2025-01-13 00Z,88,97932,352
2015,USM00072649,2025-01-13 12Z,89,98590,352
2016,USM00072649,2025-01-14 00Z,89,98608,383
2017,USM00072649,2025-01-14 12Z,90,99200,387
2018,USM00072649,2025-01-15 00Z,90,99639,330
2019,USM00072649,2025-01-15 12Z,90,99292,307
2020,USM00072649,2025-01-16 00Z,88,97865,316
2021,USM00072649,2025-01-16 12Z,88,97874,385
2022,USM00072649,2025-01-17 00Z,88,97860,335
2023,USM00072649,2025-01-17 12Z,87,96424,314
2024,USM00072649,2025-01-18 00Z,87,96794,332
2025,USM00072649,2025-01-18 12Z,89,98404,270
2026,USM00072649,2025-01-19 00Z,90,99085,295
2027,USM00072649,2025-01-19 12Z,90,99353,349
2028,USM00072649,2025-01-20 00Z,90,99263,371
2029,USM00072649,2025-01-21 00Z,90,99954,407
2030,USM00072649,2025-01-21 12Z,90,99778,372
2031,USM00072649,2025-01-22 00Z,89,98392,326
2032,USM00072649,2025-01-22 12Z,88,97601,408
2033,USM00072649,2025-01-23 00Z,89,98050,384
2034,USM00072649,2025-01-23 12Z,90,99179,374
2035,USM00072649,2025-01-24 00Z,90,99271,376
2036,USM00072649,2025-01-24 12Z,89,98448,347
2037,USM00072649,2025-01-25 00Z,88,97665,356
2038,USM00072649,2025-01-25 12Z,88,97805,377
2039,USM00072649,2025-01-26 00Z,89,98731,368
2040,USM00072649,2025-01-26 12Z,90,99232,378
2041,USM00072649,2025-01-27 00Z,89,98646,370
2042,USM00072649,2025-01-27 12Z,88,97725,304
2043,USM00072649,2025-01-28 00Z,88,97192,371
2044,USM00072649,2025-01-28 12Z,88,97347,307
2045,USM00072649,2025-01-29 00Z,87,96661,352
2046,USM00072649,2025-01-29 12Z,88,97551,361
2047,USM00072649,2025-01-30 00Z,89,98023,344
2048,USM00072649,2025-01-30 12Z,88,97246,267
2049,USM00072649,2025-01-31 00Z,88,97328,354
2050,USM00072649,2025-01-31 12Z,88,97671,371
2051,USM00072649,2025-02-01 00Z,89,98537,337
2052,USM00072649,2025-02-01 12Z,89,98757,370
2053,USM00072649,2025-02-02 00Z,88,97822,313
2054,USM00072649,2025-02-02 12Z,88,97518,364
2055,USM00072649,2025-02-03 00Z,88,97875,366
2056,USM00072649,2025-02-03 12Z,88,97905,349
2057,USM00072649,2025-02-04 00Z,89,98947,308
2058,USM00072649,2025-02-04 12Z,91,100054,360
2059,USM00072649,2025-02-05 12Z,90,99461,340
2060,USM00072649,2025-02-06 00Z,88,97922,344
2061,USM00072649,2025-02-06 12Z,88,97522,338
2062,USM00072649,2025-02-07 00Z,89,98251,356
2063,USM00072649,2025-02-07 12Z,90,99005,325
2064,USM00072649,2025-02-08 00Z,89,98738,323
2065,USM00072649,2025-02-08 12Z,89,98434,308
2066,USM00072649,2025-02-09 00Z,89,98667,291
2067,USM00072649,2025-02-09 12Z,90,99332,359
2068,USM00072649,2025-02-10 00Z,90,99211,257
2069,USM00072649,2025-02-10 12Z,90,99793,351
2070,USM00072649,2025-02-11 00Z,90,99761,389
2071,USM00072649,2025-02-11 12Z,90,99751,327
2072,USM00072649,2025-02-12 00Z,90,99183,340
2073,USM00072649,2025-02-12 12Z,89,98852,352
2074,USM00072649,2025-02-13 00Z,89,98487,389
2075,USM00072649,2025-02-13 12Z,89,98783,411
2076,USM00072649,2025-02-14 00Z,90,99272,321
2077,USM00072649,2025-02-14 12Z,90,99195,316
2078,USM00072649,2025-02-15 00Z,89,98255,342
2079,USM00072649,2025-02-15 12Z,89,98258,366
2080,USM00072649,2025-02-16 00Z,89,98507,353
2081,USM00072649,2025-02-16 12Z,89,98691,362
2082,USM00072649,2025-02-17 00Z,89,98816,347
2083,USM00072649,2025-02-17 12Z,90,99161,340
2084,USM00072649,2025-02-18 00Z,90,99676,330
2085,USM00072649,2025-02-18 12Z,91,100276,334
2086,USM00072649,2025-02-19 00Z,91,100340,372
2087,USM00072649,2025-02-19 12Z,91,100419,339
2088,USM00072649,2025-02-20 00Z,90,99901,349
2089,USM00072649,2025-02-20 12Z,90,99979,394
2090,USM00072649,2025-02-21 12Z,90,99827,342
2091,USM00072649,2025-02-22 00Z,89,98843,367
2092,USM00072649,2025-02-22 12Z,89,98461,345
2093,USM00072649,2025-02-23 00Z,89,98143,332
2094,USM00072649,2025-02-23 12Z,88,97825,346
2095,USM00072649,2025-02-24 00Z,88,97216,314
2096,USM00072649,2025-02-24 12Z,87,96838,313
2097,USM00072649,2025-02-25 00Z,88,97013,348
2098,USM00072649,2025-02-25 12Z,88,97603,343
2099,USM00072649,2025-02-26 00Z,88,97346,347
2100,USM00072649,2025-02-26 12Z,88,97318,366
2101,USM00072649,2025-02-27 00Z,88,97705,372
2102,USM00072649,2025-02-27 12Z,88,97908,393
2103,USM00072649,2025-02-28 00Z,88,97949,356
2104,USM00072649,2025-02-28 12Z,90,99773,351
2105,USM00072649,2025-03-01 00Z,88,97482,370
2106,USM00072649,2025-03-01 12Z,89,98748,385
2107,USM00072649,2025-03-02 00Z,89,98968,392
2108,USM00072649,2025-03-02 12Z,89,98873,314
2109,USM00072649,2025-03-03 00Z,89,98118,318
2110,USM00072649,2025-03-03 12Z,88,97623,373
2111,USM00072649,2025-03-04 00Z,87,96890,347
2112,USM00072649,2025-03-04 12Z,87,96710,371
2113,USM00072649,2025-03-05 00Z,87,96670,326
2114,USM00072649,2025-03-05 12Z,87,96440,336
2115,USM00072649,2025-03-06 00Z,88,97160,398
2116,USM00072649,2025-03-06 12Z,88,97763,352
2117,USM00072649,2025-03-07 00Z,88,97646,400
2118,USM00072649,2025-03-07 12Z,88,97678,390
2119,USM00072649,2025-03-08 00Z,88,97719,393
2120,USM00072649,2025-03-08 12Z,88,97950,364
2121,USM00072649,2025-03-09 00Z,88,97832,376
2122,USM00072649,2025-03-09 12Z,88,97790,331
2123,USM00072649,2025-03-10 00Z,88,97469,333
2124,USM00072649,2025-03-10 12Z,88,97194,355
2125,USM00072649,2025-03-11 00Z,87,96357,351
2126,USM00072649,2025-03-11 12Z,88,97693,276
2127,USM00072649,2025-03-12 00Z,88,97707,319
2128,USM00072649,2025-03-12 12Z,88,97405,306
2129,USM00072649,2025-03-13 00Z,88,97451,365
2130,USM00072649,2025-03-13 12Z,88,97582,357
2131,USM00072649,2025-03-14 00Z,87,96913,341
2132,USM00072649,2025-03-14 12Z,87,96075,369
2133,USM00072649,2025-03-15 00Z,89,98507,368
2134,USM00072649,2025-03-15 12Z,85,94617,353
2135,USM00072649,2025-03-16 00Z,90,99820,370
2136,USM00072649,2025-03-16 12Z,88,97470,356
2137,USM00072649,2025-03-17 00Z,88,97940,394
2138,USM00072649,2025-03-17 12Z,88,97346,340
2139,USM00072649,2025-03-18 00Z,91,100281,353
2140,USM00072649,2025-03-18 12Z,88,97607,387
2141,USM00072649,2025-03-19 00Z,88,97239,386
2142,USM00072649,2025-03-19 12Z,88,97518,352
2143,USM00072649,2025-03-20 00Z,88,97757,425
2144,USM00072649,2025-03-20 12Z,89,98189,360
2145,USM00072649,2025-03-21 00Z,88,97709,368
2146,USM00072649,2025-03-21 12Z,87,96601,357
2147,USM00072649,2025-03-22 00Z,88,97139,375
2148,USM00072649,2025-03-22 12Z,89,98130,397
2149,USM00072649,2025-03-23 00Z,88,97651,359
2150,USM00072649,2025-03-23 12Z,87,96566,359
2151,USM00072649,2025-03-24 00Z,88,97153,377
2152,USM00072649,2025-03-24 12Z,88,97574,379
2153,USM00072649,2025-03-25 00Z,88,97765,388
2154,USM00072649,2025-03-25 12Z,89,98280,400
2155,USM00072649,2025-03-26 00Z,89,98458,375
2156,USM00072649,2025-03-26 12Z,89,98769,322
2157,USM00072649,2025-03-27 00Z,89,98602,372
2158,USM00072649,2025-03-27 12Z,89,98576,383
2159,USM00072649,2025-03-28 00Z,88,97975,352
2160,USM00072649,2025-03-28 12Z,88,97110,356
2161,USM00072649,2025-03-29 00Z,87,96568,345
2162,USM00072649,2025-03-29 12Z,88,97688,317
2163,USM00072649,2025-03-30 12Z,88,97307,369
2164,USM00072649,2025-03-31 00Z,88,97606,382
2165,USM00072649,2025-03-31 12Z,89,98188,354
2166,USM00072649,2025-04-01 12Z,89,98211,378
2167,USM00072649,2025-04-02 00Z,88,97556,379
2168,USM00072649,2025-04-02 12Z,87,96624,353
2169,USM00072649,2025-04-03 00Z,90,99085,382
2170,USM00072649,2025-04-03 12Z,88,97199,366
2171,USM00072649,2025-04-04 00Z,89,98495,310
2172,USM00072649,2025-04-04 12Z,89,98990,322
2173,USM00072649,2025-04-05 00Z,89,98822,323
2174,USM00072649,2025-04-05 12Z,90,99029,367
2175,USM00072649,2025-04-06 00Z,89,98922,348
2176,USM00072649,2025-04-06 12Z,89,98680,317
2177,USM00072649,2025-04-07 00Z,88,97756,400
2178,USM00072649,2025-04-07 12Z,89,98464,363
2179,USM00072649,2025-04-08 00Z,89,98685,243
2180,USM00072649,2025-04-08 12Z,89,98707,301
2181,USM00072649,2025-04-09 00Z,89,98094,391
2182,USM00072649,2025-04-09 12Z,88,97830,401
2183,USM00072649,2025-04-10 00Z,88,97701,338
2184,USM00072649,2025-04-10 12Z,88,97784,386
2185,USM00072649,2025-04-11 00Z,89,98733,419
2186,USM00072649,2025-04-11 12Z,90,99103,394
2187,USM00072649,2025-04-12 00Z,89,98774,393
2188,USM00072649,2025-04-12 12Z,89,98358,368
2189,USM00072649,2025-04-13 00Z,88,97474,283
2190,USM00072649,2025-04-13 12Z,88,97005,327
2191,USM00072649,2025-04-14 00Z,87,96866,321
2192,USM00072649,2025-04-14 12Z,88,97241,362
2193,USM00072649,2025-04-15 00Z,88,97767,367
2194,USM00072649,2025-04-15 12Z,89,98360,380
2195,USM00072649,2025-04-16 00Z,89,98354,362
2196,USM00072649,2025-04-16 12Z,89,98475,372
2197,USM00072649,2025-04-17 00Z,88,97678,327
2198,USM00072649,2025-04-17 12Z,88,97146,313
2199,USM00072649,2025-04-18 00Z,87,96486,387
2200,USM00072649,2025-04-18 12Z,87,96944,356
2201,USM00072649,2025-04-19 00Z,88,97511,305
2202,USM00072649,2025-04-19 12Z,89,98425,299
2203,USM00072649,2025-04-20 00Z,89,98845,328
2204,USM00072649,2025-04-20 12Z,89,98950,361
2205,USM00072649,2025-04-21 00Z,89,98233,382
2206,USM00072649,2025-04-21 12Z,88,97592,377
2207,USM00072649,2025-04-22 00Z,88,97839,366
2208,USM00072649,2025-04-22 12Z,88,97729,366
2209,USM00072649,2025-04-23 00Z,88,97910,382
2210,USM00072649,2025-04-23 12Z,89,98289,281
2211,USM00072649,2025-04-24 00Z,89,98466,382
2212,USM00072649,2025-04-24 12Z,89,98838,377
2213,USM00072649,2025-04-25 00Z,89,98809,407
2214,USM00072649,2025-04-25 12Z,89,98747,376
2215,USM00072649,2025-04-26 00Z,89,98944,401
2216,USM00072649,2025-04-26 12Z,90,99294,389
2217,USM00072649,2025-04-27 12Z,89,98715,391
2218,USM00072649,2025-04-28 00Z,89,98055,380
2219,USM00072649,2025-04-28 12Z,88,97412,381
2220,USM00072649,2025-04-29 00Z,87,96421,431
2221,USM00072649,2025-04-29 12Z,88,97840,395
2222,USM00072649,2025-04-30 00Z,89,98401,370
2223,USM00072649,2025-04-30 12Z,89,98263,367
2224,USM00072649,2025-05-01 00Z,88,97674,376
2225,USM00072649,2025-05-01 12Z,88,97383,352
2226,USM00072649,2025-05-02 00Z,88,97270,399
2227,USM00072649,2025-05-02 12Z,88,97710,399
2228,USM00072649,2025-05-03 00Z,89,98124,357
2229,USM00072649,2025-05-03 12Z,89,98333,365
2230,USM00072649,2025-05-04 00Z,89,98193,383
2231,USM00072649,2025-05-04 12Z,89,98254,350
2232,USM00072649,2025-05-05 00Z,88,97999,372
2233,USM00072649,2025-05-05 12Z,89,98382,380
2234,USM00072649,2025-05-06 00Z,89,98031,391
2235,USM00072649,2025-05-06 12Z,89,98289,414
2236,USM00072649,2025-05-07 00Z,89,98113,367
2237,USM00072649,2025-05-07 12Z,89,98551,347
2238,USM00072649,2025-05-08 00Z,89,98576,399
2239,USM00072649,2025-05-08 12Z,89,98966,398
2240,USM00072649,2025-05-09 00Z,89,98801,488
2241,USM00072649,2025-05-09 12Z,89,98829,394
2242,USM00072649,2025-05-10 00Z,89,98415,388
2243,USM00072649,2025-05-10 12Z,90,99107,385
2244,USM00072649,2025-05-11 00Z,89,98855,371
2245,USM00072649,2025-05-11 12Z,89,98635,373
2246,USM00072649,2025-05-12 00Z,89,98126,367
2247,USM00072649,2025-05-12 12Z,89,98170,371
2248,USM00072649,2025-05-13 00Z,88,97398,391
2249,USM00072649,2025-05-13 12Z,88,97424,340
2250,USM00072649,2025-05-14 00Z,88,97045,389
2251,USM00072649,2025-05-14 12Z,88,97116,356
2252,USM00072649,2025-05-15 00Z,87,96848,404
2253,USM00072649,2025-05-15 12Z,87,96344,399
2254,USM00072649,2025-05-16 00Z,86,95975,329
2255,USM00072649,2025-05-16 12Z,86,95760,374
2256,USM00072649,2025-05-17 00Z,86,95841,400
2257,USM00072649,2025-05-17 12Z,87,96902,385
2258,USM00072649,2025-05-18 00Z,88,97762,401
2259,USM00072649,2025-05-18 12Z,89,98307,374
2260,USM00072649,2025-05-19 00Z,89,98220,392
2261,USM00072649,2025-05-19 12Z,89,98365,346
2262,USM00072649,2025-05-20 00Z,88,97629,292
2263,USM00072649,2025-05-20 12Z,88,97219,319
2264,USM00072649,2025-05-21 00Z,88,97192,394
2265,USM00072649,2025-05-21 12Z,88,97545,369
2266,USM00072649,2025-05-22 00Z,88,97974,358
2267,USM00072649,2025-05-22 12Z,89,98408,378
2268,USM00072649,2025-05-23 00Z,89,98434,293
2269,USM00072649,2025-05-23 12Z,89,98558,390
2270,USM00072649,2025-05-24 00Z,89,98432,384
2271,USM00072649,2025-05-24 12Z,89,98808,378
2272,USM00072649,2025-05-25 00Z,89,98890,361
2273,USM00072649,2025-05-25 12Z,90,99187,394
2274,USM00072649,2025-05-26 00Z,90,99065,401
2275,USM00072649,2025-05-26 12Z,90,99190,358
2276,USM00072649,2025-05-27 00Z,89,98954,424
2277,USM00072649,2025-05-27 12Z,90,99009,394
2278,USM00072649,2025-05-28 00Z,89,98874,381
2279,USM00072649,2025-05-28 12Z,89,98749,342
2280,USM00072649,2025-05-29 00Z,89,98703,384
2281,USM00072649,2025-05-29 12Z,89,98611,382
2282,USM00072649,2025-05-30 00Z,89,98260,406
2283,USM00072649,2025-05-30 12Z,89,98014,395
2284,USM00072649,2025-05-31 00Z,88,97763,350
2285,USM00072649,2025-05-31 12Z,88,97604,322
2286,USM00072649,2025-06-01 00Z,88,97554,396
2287,USM00072649,2025-06-01 12Z,88,97790,367
2288,USM00072649,2025-06-02 00Z,88,97607,366
2289,USM00072649,2025-06-02 12Z,88,97586,361
2290,USM00072649,2025-06-03 00Z,88,97088,390
2291,USM00072649,2025-06-03 12Z,88,97505,387
2292,USM00072649,2025-06-04 00Z,88,97662,394
2293,USM00072649,2025-06-04 12Z,89,98118,374
2294,USM00072649,2025-06-05 00Z,89,98334,375
2295,USM00072649,2025-06-05 12Z,89,98509,309
2296,USM00072649,2025-06-06 00Z,89,98275,389
2297,USM00072649,2025-06-06 12Z,89,98328,376
2298,USM00072649,2025-06-07 00Z,89,98077,368
2299,USM00072649,2025-06-07 12Z,88,97884,352
2300,USM00072649,2025-06-08 00Z,88,97391,388
2301,USM00072649,2025-06-08 12Z,88,97213,368
2302,USM00072649,2025-06-09 00Z,88,97040,397
2303,USM00072649,2025-06-09 12Z,87,96969,406
2304,USM00072649,2025-06-10 00Z,88,97350,394
2305,USM00072649,2025-06-10 12Z,88,97639,381
2306,USM00072649,2025-06-11 00Z,88,97410,359
2307,USM00072649,2025-06-11 12Z,88,97882,383
2308,USM00072649,2025-06-12 00Z,89,98255,326
2309,USM00072649,2025-06-12 12Z,89,98478,407
2310,USM00072649,2025-06-13 00Z,89,98357,408
2311,USM00072649,2025-06-14 00Z,89,98100,389
2312,USM00072649,2025-06-14 12Z,89,98270,386
2313,USM00072649,2025-06-15 00Z,89,98370,380
2314,USM00072649,2025-06-15 12Z,89,98478,376
2315,USM00072649,2025-06-16 00Z,89,98307,431
2316,USM00072649,2025-06-16 12Z,88,97920,379
2317,USM00072649,2025-06-17 00Z,88,97280,294
2318,USM00072649,2025-06-17 12Z,88,97480,368
2319,USM00072649,2025-06-18 00Z,88,97538,386
2320,USM00072649,2025-06-18 12Z,88,97610,412
2321,USM00072649,2025-06-19 00Z,88,97512,399
2322,USM00072649,2025-06-19 12Z,88,97777,391
2323,USM00072649,2025-06-20 00Z,88,97592,358
2324,USM00072649,2025-06-20 12Z,88,97592,360
2325,USM00072649,2025-06-21 00Z,87,96962,337
2326,USM00072649,2025-06-21 12Z,87,96657,375
2327,USM00072649,2025-06-22 00Z,87,96636,370
2328,USM00072649,2025-06-22 12Z,88,97179,387
2329,USM00072649,2025-06-23 00Z,88,97109,382
2330,USM00072649,2025-06-23 12Z,88,97797,388
2331,USM00072649,2025-06-24 00Z,89,98298,351
2332,USM00072649,2025-06-24 12Z,89,98781,371
2333,USM00072649,2025-06-25 00Z,89,98787,365
2334,USM00072649,2025-06-25 12Z,89,98564,377
2335,USM00072649,2025-06-26 00Z,88,97892,380
2336,USM00072649,2025-06-26 12Z,89,98078,409
2337,USM00072649,2025-06-27 00Z,88,97542,375
2338,USM00072649,2025-06-27 12Z,88,97843,395
2339,USM00072649,2025-06-28 00Z,88,97978,363
2340,USM00072649,2025-06-28 12Z,88,97991,358
2341,USM00072649,2025-06-29 12Z,88,97730,371
2342,USM00072649,2025-06-30 00Z,88,97743,399
2343,USM00072649,2025-06-30 12Z,88,97852,368
2344,USM00072649,2025-07-01 00Z,88,97829,393
2345,USM00072649,2025-07-01 12Z,89,98184,412
2346,USM00072649,2025-07-02 00Z,89,98053,401
2347,USM00072649,2025-07-02 12Z,89,98102,381
2348,USM00072649,2025-07-03 00Z,88,97891,383
2349,USM00072649,2025-07-03 12Z,88,97994,370
2350,USM00072649,2025-07-04 00Z,88,97755,426
2351,USM00072649,2025-07-04 12Z,88,97895,413
2352,USM00072649,2025-07-05 00Z,88,97630,397
2353,USM00072649,2025-07-05 12Z,88,97634,350
2354,USM00072649,2025-07-06 00Z,88,97635,347
2355,USM00072649,2025-07-06 12Z,89,98086,363
2356,USM00072649,2025-07-07 00Z,89,98061,361
2357,USM00072649,2025-07-07 12Z,89,98235,374
2358,USM00072649,2025-07-08 00Z,89,98151,424
2359,USM00072649,2025-07-08 12Z,89,98265,383
2360,USM00072649,2025-07-09 00Z,89,98215,401
2361,USM00072649,2025-07-09 12Z,89,98359,385
2362,USM00072649,2025-07-10 00Z,89,98106,406
2363,USM00072649,2025-07-10 12Z,88,97742,400
2364,USM00072649,2025-07-11 00Z,88,97808,303
2365,USM00072649,2025-07-11 12Z,88,97715,387
2366,USM00072649,2025-07-12 00Z,88,97594,384
2367,USM00072649,2025-07-12 12Z,88,97768,357
2368,USM00072649,2025-07-13 00Z,88,97897,385
2369,USM00072649,2025-07-13 12Z,89,98067,407
2370,USM00072649,2025-07-14 00Z,88,97904,383
2371,USM00072649,2025-07-14 12Z,89,98082,404
2372,USM00072649,2025-07-15 00Z,88,97996,412
2373,USM00072649,2025-07-15 12Z,88,97788,398
2374,USM00072649,2025-07-16 00Z,88,97679,412
2375,USM00072649,2025-07-16 12Z,88,97622,462
2376,USM00072649,2025-07-17 12Z,89,98607,388
2377,USM00072649,2025-07-18 00Z,89,98502,384
2378,USM00072649,2025-07-18 12Z,89,98516,371
2379,USM00072649,2025-07-19 00Z,89,98168,379
2380,USM00072649,2025-07-19 12Z,88,97868,358
2381,USM00072649,2025-07-20 00Z,88,97991,360
2382,USM00072649,2025-07-20 12Z,89,98164,347
2383,USM00072649,2025-07-21 00Z,89,98191,369
2384,USM00072649,2025-07-21 12Z,89,98270,389
2385,USM00072649,2025-07-22 00Z,89,98019,363
2386,USM00072649,2025-07-22 12Z,88,97952,343
2387,USM00072649,2025-07-23 00Z,88,97756,334
2388,USM00072649,2025-07-23 12Z,88,97651,387
2389,USM00072649,2025-07-24 00Z,88,97626,356
2390,USM00072649,2025-07-24 12Z,88,97934,396
2391,USM00072649,2025-07-25 00Z,89,98174,371
2392,USM00072649,2025-07-25 12Z,89,98320,398
2393,USM00072649,2025-07-26 00Z,89,98121,363
2394,USM00072649,2025-07-26 12Z,88,97875,378
2395,USM00072649,2025-07-27 00Z,88,97800,384
2396,USM00072649,2025-07-27 12Z,89,98002,352
2397,USM00072649,2025-07-28 00Z,88,97991,367
2398,USM00072649,2025-07-28 12Z,89,98367,384
2399,USM00072649,2025-07-29 00Z,89,98289,375
2400,USM00072649,2025-07-29 12Z,89,98461,381
2401,USM00072649,2025-07-30 00Z,89,98601,405
2402,USM00072649,2025-07-30 12Z,89,98650,388
2403,USM00072649,2025-07-31 00Z,89,98792,382
2404,USM00072649,2025-07-31 12Z,90,99191,409
2405,USM00072649,2025-08-01 00Z,90,99227,402
2406,USM00072649,2025-08-01 12Z,90,99530,410
2407,USM00072649,2025-08-02 00Z,90,99473,399
2408,USM00072649,2025-08-02 12Z,90,99444,400
2409,USM00072649,2025-08-03 00Z,89,98968,429
2410,USM00072649,2025-08-03 12Z,89,98787,388
2411,USM00072649,2025-08-04 00Z,89,98577,451
2412,USM00072649,2025-08-04 12Z,89,98598,422
2413,USM00072649,2025-08-05 00Z,89,98600,415
2414,USM00072649,2025-08-05 12Z,89,98821,429
2415,USM00072649,2025-08-06 00Z,89,98760,385
2416,USM00072649,2025-08-06 12Z,89,98141,376
2417,USM00072649,2025-08-07 00Z,89,98483,379
2418,USM00072649,2025-08-07 12Z,89,98405,362
2419,USM00072649,2025-08-08 00Z,89,98023,395
2420,USM00072649,2025-08-08 12Z,88,97632,420
2421,USM00072649,2025-08-09 00Z,88,97308,408
2422,USM00072649,2025-08-09 12Z,88,97474,396
2423,USM00072649,2025-08-10 00Z,88,97814,362
2424,USM00072649,2025-08-10 12Z,88,97816,391
2425,USM00072649,2025-08-11 00Z,88,97960,371
2426,USM00072649,2025-08-11 12Z,89,98146,391
2427,USM00072649,2025-08-12 00Z,89,98050,329
2428,USM00072649,2025-08-12 12Z,88,97781,376
2429,USM00072649,2025-08-13 00Z,88,97949,385
2430,USM00072649,2025-08-13 12Z,89,98240,406
2431,USM00072649,2025-08-14 00Z,89,98137,403
2432,USM00072649,2025-08-14 12Z,88,97994,376
2433,USM00072649,2025-08-15 00Z,88,97944,435
2434,USM00072649,2025-08-15 12Z,89,98052,363
2435,USM00072649,2025-08-16 00Z,88,97989,400
2436,USM00072649,2025-08-17 00Z,89,98116,374
2437,USM00072649,2025-08-17 12Z,89,98238,394
2438,USM00072649,2025-08-18 00Z,89,98101,384
2439,USM00072649,2025-08-18 12Z,89,98001,368
2440,USM00072649,2025-08-19 00Z,89,98056,377
2441,USM00072649,2025-08-19 12Z,89,98334,392
2442,USM00072649,2025-08-20 00Z,89,98350,390
2443,USM00072649,2025-08-20 12Z,89,98608,424
2444,USM00072649,2025-08-21 00Z,89,98548,401
2445,USM00072649,2025-08-21 12Z,89,98610,408
2446,USM00072649,2025-08-22 00Z,89,98306,338
2447,USM00072649,2025-08-22 12Z,89,98196,394
2448,USM00072649,2025-08-23 00Z,89,98125,390
2449,USM00072649,2025-08-23 12Z,89,98246,380
2450,USM00072649,2025-08-24 00Z,89,98326,347
2451,USM00072649,2025-08-24 12Z,89,98331,407
2452,USM00072649,2025-08-25 00Z,89,98466,313
2453,USM00072649,2025-08-25 12Z,89,98702,316
2454,USM00072649,2025-08-26 00Z,89,98755,419
2455,USM00072649,2025-08-26 12Z,89,98932,360
2456,USM00072649,2025-08-27 00Z,89,98874,399
2457,USM00072649,2025-08-27 12Z,89,98730,400
2458,USM00072649,2025-08-28 00Z,89,98299,418
2459,USM00072649,2025-08-28 12Z,89,98523,370
2460,USM00072649,2025-08-29 00Z,89,98534,417
2461,USM00072649,2025-08-29 12Z,89,98540,354
2462,USM00072649,2025-08-30 00Z,89,98381,394
2463,USM00072649,2025-08-30 12Z,89,98635,357
2464,USM00072649,2025-08-31 00Z,89,98644,399
2465,USM00072649,2025-08-31 12Z,89,98992,397
2466,USM00072649,2025-09-01 00Z,89,98891,370
2467,USM00072649,2025-09-01 12Z,89,98959,401
2468,USM00072649,2025-09-02 00Z,89,98725,387
2469,USM00072649,2025-09-02 12Z,89,98452,344
2470,USM00072649,2025-09-03 00Z,88,97986,312
2471,USM00072649,2025-09-03 12Z,88,97759,294
2472,USM00072649,2025-09-04 00Z,88,97806,277
2473,USM00072649,2025-09-04 12Z,88,97681,273
2474,USM00072649,2025-09-05 00Z,87,96428,338
2475,USM00072649,2025-09-05 12Z,88,97342,399
2476,USM00072649,2025-09-06 00Z,88,97856,409
2477,USM00072649,2025-09-06 12Z,89,98242,395
2478,USM00072649,2025-09-07 00Z,89,98409,387
2479,USM00072649,2025-09-07 12Z,89,98861,387
2480,USM00072649,2025-09-08 00Z,89,98837,388
2481,USM00072649,2025-09-08 12Z,89,98510,410
2482,USM00072649,2025-09-09 00Z,88,97953,352
2483,USM00072649,2025-09-09 12Z,88,97781,406
2484,USM00072649,2025-09-10 00Z,89,98155,349
2485,USM00072649,2025-09-10 12Z,89,98443,431
2486,USM00072649,2025-09-11 00Z,89,98664,431
2487,USM00072649,2025-09-11 12Z,89,98908,445
2488,USM00072649,2025-09-12 00Z,89,98581,423
2489,USM00072649,2025-09-12 12Z,89,98451,398
2490,USM00072649,2025-09-13 00Z,89,98248,357
2491,USM00072649,2025-09-13 12Z,88,97935,399
2492,USM00072649,2025-09-14 00Z,88,97838,418
2493,USM00072649,2025-09-14 12Z,88,97962,405
2494,USM00072649,2025-09-15 12Z,89,98231,418
2495,USM00072649,2025-09-16 00Z,89,98348,371
2496,USM00072649,2025-09-16 12Z,89,98579,356
2497,USM00072649,2025-09-17 00Z,89,98349,388
2498,USM00072649,2025-09-17 12Z,89,98429,384
2499,USM00072649,2025-09-18 00Z,89,98228,346
2500,USM00072649,2025-09-18 12Z,89,98176,391
2501,USM00072649,2025-09-19 00Z,89,98102,390
2502,USM00072649,2025-09-19 12Z,89,98086,388
2503,USM00072649,2025-09-20 00Z,89,98006,402
2504,USM00072649,2025-09-20 12Z,89,98135,367
2505,USM00072649,2025-09-21 00Z,88,97962,399
2506,USM00072649,2025-09-21 12Z,88,97856,418
2507,USM00072649,2025-09-22 00Z,88,97465,414
2508,USM00072649,2025-09-22 12Z,88,97405,400
2509,USM00072649,2025-09-23 00Z,88,97565,399
2510,USM00072649,2025-09-23 12Z,89,98080,392
2511,USM00072649,2025-09-24 00Z,89,98349,408
2512,USM00072649,2025-09-24 12Z,89,98624,410
2513,USM00072649,2025-09-25 00Z,89,98467,389
2514,USM00072649,2025-09-25 12Z,89,98280,389
2515,USM00072649,2025-09-26 00Z,88,97756,369
2516,USM00072649,2025-09-26 12Z,88,97877,381
2517,USM00072649,2025-09-27 00Z,88,97541,377
2518,USM00072649,2025-09-27 12Z,88,97549,334
2519,USM00072649,2025-09-28 00Z,89,98170,295
2520,USM00072649,2025-09-28 12Z,89,98588,396
2521,USM00072649,2025-09-29 00Z,89,98496,374
2522,USM00072649,2025-09-29 12Z,89,98630,378
2523,USM00072649,2025-09-30 00Z,89,98569,372
2524,USM00072649,2025-09-30 12Z,89,98652,405
2525,USM00072649,2025-10-01 00Z,89,98543,363
2526,USM00072649,2025-10-01 12Z,89,98553,462
2527,USM00072649,2025-10-02 00Z,89,98293,372
2528,USM00072649,2025-10-02 12Z,89,98465,357
2529,USM00072649,2025-10-03 00Z,89,98252,366
2530,USM00072649,2025-10-03 12Z,89,98446,375
2531,USM00072649,2025-10-04 00Z,89,98118,379
2532,USM00072649,2025-10-04 12Z,88,97833,357
2533,USM00072649,2025-10-05 00Z,88,97286,334
2534,USM00072649,2025-10-05 12Z,88,97400,371
2535,USM00072649,2025-10-06 00Z,88,97641,273
2536,USM00072649,2025-10-06 12Z,89,98625,291
2537,USM00072649,2025-10-07 00Z,89,98652,393
2538,USM00072649,2025-10-07 12Z,89,98679,357
2539,USM00072649,2025-10-08 00Z,89,98931,367
2540,USM00072649,2025-10-08 12Z,90,99473,346
2541,USM00072649,2025-10-09 00Z,90,99275,384
2542,USM00072649,2025-10-09 12Z,90,99358,363
2543,USM00072649,2025-10-10 00Z,89,98523,317
2544,USM00072649,2025-10-10 12Z,89,98372,382
2545,USM00072649,2025-10-11 00Z,89,98684,364
2546,USM00072649,2025-10-11 12Z,89,98795,399
2547,USM00072649,2025-10-12 12Z,88,97508,359
2548,USM00072649,2025-10-13 00Z,88,97016,323
2549,USM00072649,2025-10-13 12Z,89,98337,295
2550,USM00072649,2025-10-14 00Z,89,98952,313
2551,USM00072649,2025-10-14 12Z,90,99402,352
2552,USM00072649,2025-10-15 12Z,90,99082,385
2553,USM00072649,2025-10-16 00Z,89,98779,306
2554,USM00072649,2025-10-16 12Z,89,98456,382
2555,USM00072649,2025-10-17 00Z,88,97698,320
2556,USM00072649,2025-10-17 12Z,88,97140,355
2557,USM00072649,2025-10-18 00Z,87,96769,371
2558,USM00072649,2025-10-18 12Z,87,96770,356
2559,USM00072649,2025-10-19 00Z,88,97381,347
2560,USM00072649,2025-10-19 12Z,88,97554,362
2561,USM00072649,2025-10-20 00Z,88,97649,322
2562,USM00072649,2025-10-20 12Z,88,97038,294
2563,USM00072649,2025-10-21 00Z,87,96924,389
2564,USM00072649,2025-10-21 12Z,87,96964,340
2565,USM00072649,2025-10-22 00Z,88,97482,378
2566,USM00072649,2025-10-22 12Z,88,97970,377
2567,USM00072649,2025-10-23 00Z,89,98209,386
2568,USM00072649,2025-10-23 12Z,89,98586,398
2569,USM00072649,2025-10-24 00Z,89,98700,341
2570,USM00072649,2025-10-24 12Z,90,99010,376
2571,USM00072649,2025-10-25 00Z,89,98741,390
2572,USM00072649,2025-10-25 12Z,89,98892,374
2573,USM00072649,2025-10-26 00Z,89,98818,392
2574,USM00072649,2025-10-26 12Z,89,98925,380
2575,USM00072649,2025-10-27 00Z,89,98740,355
2576,USM00072649,2025-10-27 12Z,89,98781,333
2577,USM00072649,2025-10-28 00Z,89,98328,386
2578,USM00072649,2025-10-28 12Z,89,98450,405
2579,USM00072649,2025-10-29 00Z,89,98546,326
2580,USM00072649,2025-10-29 12Z,90,99025,383
2581,USM00072649,2025-10-30 00Z,89,98730,389
2582,USM00072649,2025-10-30 12Z,89,98309,381
2583,USM00072649,2025-10-31 00Z,88,97871,369
2584,USM00072649,2025-10-31 12Z,88,97726,418
2585,USM00072649,2025-11-01 00Z,88,97870,401
2586,USM00072649,2025-11-01 12Z,89,98293,395
2587,USM00072649,2025-11-02 00Z,89,98670,363
2588,USM00072649,2025-11-02 12Z,89,98349,350
2589,USM00072649,2025-11-03 00Z,88,97585,368
2590,USM00072649,2025-11-03 12Z,89,98404,328
2591,USM00072649,2025-11-04 00Z,89,98668,332
2592,USM00072649,2025-11-04 12Z,89,98665,368
2593,USM00072649,2025-11-05 00Z,88,97644,348
2594,USM00072649,2025-11-05 12Z,89,98126,320
2595,USM00072649,2025-11-06 00Z,89,98805,346
2596,USM00072649,2025-11-06 12Z,89,98588,361
2597,USM00072649,2025-11-07 00Z,87,96978,268
2598,USM00072649,2025-11-07 12Z,87,96655,355
2599,USM00072649,2025-11-08 00Z,88,97431,389
2600,USM00072649,2025-11-08 12Z,88,97791,377
2601,USM00072649,2025-11-09 00Z,89,98233,371
2602,USM00072649,2025-11-09 12Z,90,99130,275
2603,USM00072649,2025-11-10 00Z,90,99526,376
2604,USM00072649,2025-11-10 12Z,90,99636,308
2605,USM00072649,2025-11-11 00Z,89,98882,274
2606,USM00072649,2025-11-11 12Z,88,97160,355
2607,USM00072649,2025-11-12 00Z,88,97134,372
2608,USM00072649,2025-11-12 12Z,88,97865,305
2609,USM00072649,2025-11-13 00Z,89,98278,355
2610,USM00072649,2025-11-13 12Z,89,98510,351
2611,USM00072649,2025-11-14 00Z,89,98024,342
2612,USM00072649,2025-11-14 12Z,88,97659,322
2613,USM00072649,2025-11-15 00Z,87,96842,268
2614,USM00072649,2025-11-15 12Z,87,96831,328
2615,USM00072649,2025-11-16 00Z,88,97566,362
2616,USM00072649,2025-11-16 12Z,89,98132,363
2617,USM00072649,2025-11-17 00Z,89,98180,382
2618,USM00072649,2025-11-17 12Z,89,98356,355
2619,USM00072649,2025-11-18 00Z,89,98119,353
2620,USM00072649,2025-11-18 12Z,89,98055,357
2621,USM00072649,2025-11-19 00Z,89,98472,398
2622,USM00072649,2025-11-19 12Z,89,98690,351
2623,USM00072649,2025-11-20 00Z,89,98403,390
2624,USM00072649,2025-11-20 12Z,89,98138,404
2625,USM00072649,2025-11-21 00Z,89,98273,361
2626,USM00072649,2025-11-21 12Z,89,98410,362
2627,USM00072649,2025-11-22 00Z,89,98275,389
2628,USM00072649,2025-11-22 12Z,88,97842,353
2629,USM00072649,2025-11-23 00Z,89,98061,334
2630,USM00072649,2025-11-23 12Z,89,98503,341
2631,USM00072649,2025-11-24 12Z,88,97740,362
2632,USM00072649,2025-11-25 00Z,88,97639,376
2633,USM00072649,2025-11-25 12Z,88,97373,371
2634,USM00072649,2025-11-26 00Z,87,96850,364
2635,USM00072649,2025-11-26 12Z,88,97799,367
2636,USM00072649,2025-11-27 00Z,89,98720,364
2637,USM00072649,2025-11-27 12Z,90,99210,413
2638,USM00072649,2025-11-28 00Z,90,99410,366
2639,USM00072649,2025-11-28 12Z,90,99453,244
2640,USM00072649,2025-11-29 00Z,90,99203,375
2641,USM00072649,2025-11-29 12Z,89,98977,359
2642,USM00072649,2025-11-30 00Z,89,98463,363
2643,USM00072649,2025-11-30 12Z,89,98832,364
2644,USM00072649,2025-12-01 00Z,90,99611,334
2645,USM00072649,2025-12-01 12Z,90,99363,377
2646,USM00072649,2025-12-02 00Z,89,98307,363
2647,USM00072649,2025-12-02 12Z,88,97777,356
2648,USM00072649,2025-12-03 00Z,88,97258,341
2649,USM00072649,2025-12-03 12Z,88,97994,325
2650,USM00072649,2025-12-04 00Z,90,99080,363
2651,USM00072649,2025-12-04 12Z,90,99366,362
2652,USM00072649,2025-12-05 00Z,89,98197,357
2653,USM00072649,2025-12-05 12Z,88,97302,290
2654,USM00072649,2025-12-06 00Z,88,97203,323
2655,USM00072649,2025-12-06 12Z,88,97575,284
2656,USM00072649,2025-12-07 00Z,88,97884,336
2657,USM00072649,2025-12-07 12Z,89,98937,322
2658,USM00072649,2025-12-08 00Z,90,99386,347
2659,USM00072649,2025-12-08 12Z,90,99037,307
2660,USM00072649,2025-12-09 00Z,89,98083,286
2661,USM00072649,2025-12-09 12Z,88,97203,283
2662,USM00072649,2025-12-10 00Z,86,95800,304
2663,USM00072649,2025-12-10 12Z,88,97276,331
2664,USM00072649,2025-12-11 00Z,89,98114,341
2665,USM00072649,2025-12-11 12Z,89,98101,304
2666,USM00072649,2025-12-12 00Z,89,98116,324
2667,USM00072649,2025-12-12 12Z,89,98444,338
2668,USM00072649,2025-12-13 00Z,89,98786,272
2669,USM00072649,2025-12-13 12Z,89,98993,337
2670,USM00072649,2025-12-14 00Z,90,99421,328
2671,USM00072649,2025-12-14 12Z,91,100251,326
2672,USM00072649,2025-12-15 12Z,89,98058,304
2673,USM00072649,2025-12-16 00Z,89,98100,310
2674,USM00072649,2025-12-16 12Z,88,97260,288
2675,USM00072649,2025-12-17 00Z,87,96809,336
2676,USM00072649,2025-12-17 12Z,88,97830,398
2677,USM00072649,2025-12-18 00Z,87,96806,314
2678,USM00072649,2025-12-18 12Z,86,95490,379
2679,USM00072649,2025-12-19 00Z,87,96387,349
2680,USM00072649,2025-12-19 12Z,88,97800,351
2681,USM00072649,2025-12-20 00Z,88,97038,341
2682,USM00072649,2025-12-20 12Z,87,96769,319
2683,USM00072649,2025-12-21 00Z,89,98236,356
2684,USM00072649,2025-12-21 12Z,90,99072,329
2685,USM00072649,2025-12-22 00Z,89,98736,329
2686,USM00072649,2025-12-22 12Z,89,98391,266
2687,USM00072649,2025-12-23 00Z,88,97810,288
2688,USM00072649,2025-12-23 12Z,89,98135,279
2689,USM00072649,2025-12-24 00Z,90,99066,318
2690,USM00072649,2025-12-24 12Z,89,98836,279
2691,USM00072649,2025-12-25 00Z,89,98469,275
2692,USM00072649,2025-12-25 12Z,89,98650,300
2693,USM00072649,2025-12-26 00Z,88,97768,270
2694,USM00072649,2025-12-26 12Z,88,97269,343
2695,USM00072649,2025-12-27 00Z,88,97707,321
2696,USM00072649,2025-12-27 12Z,88,97525,300
2697,USM00072649,2025-12-28 00Z,88,97145,304
2698,USM00072649,2025-12-28 12Z,88,97318,306
2699,USM00072649,2025-12-29 00Z,88,97701,347
2700,USM00072649,2025-12-29 12Z,89,98482,357
2701,USM00072649,2025-12-30 00Z,90,99399,392
2702,USM00072649,2025-12-30 12Z,89,98859,283
2703,USM00072649,2025-12-31 00Z,89,98085,353
2704,USM00072649,2025-12-31 12Z,88,97869,292
2705,USM00072649,2026-01-01 00Z,89,98288,315
2706,USM00072649,2026-01-01 12Z,89,98393,315
2707,USM00072649,2026-01-02 00Z,88,97904,343
2708,USM00072649,2026-01-02 12Z,89,98030,380
2709,USM00072649,2026-01-03 00Z,89,98310,335
2710,USM00072649,2026-01-03 12Z,89,98346,352
2711,USM00072649,2026-01-04 00Z,89,98447,350
2712,USM00072649,2026-01-04 12Z,89,98437,341
2713,USM00072649,2026-01-05 00Z,88,97180,332
2714,USM00072649,2026-01-05 12Z,88,97289,299
2715,USM00072649,2026-01-06 00Z,88,97190,305
2716,USM00072649,2026-01-06 12Z,87,96867,329
2717,USM00072649,2026-01-07 00Z,88,97248,366
2718,USM00072649,2026-01-07 12Z,88,97242,347
2719,USM00072649,2026-01-08 00Z,88,97030,308
2720,USM00072649,2026-01-08 12Z,87,96855,327
2721,USM00072649,2026-01-09 00Z,87,96718,265
2722,USM00072649,2026-01-09 12Z,88,97620,356
2723,USM00072649,2026-01-10 00Z,89,98651,354
2724,USM00072649,2026-01-10 12Z,89,98462,344
2725,USM00072649,2026-01-11 00Z,89,98466,370
2726,USM00072649,2026-01-11 12Z,90,99307,310
2727,USM00072649,2026-01-12 00Z,89,98777,306
2728,USM00072649,2026-01-12 12Z,89,98275,327
2729,USM00072649,2026-01-13 00Z,88,97938,333
2730,USM00072649,2026-01-13 12Z,87,96851,311
2731,USM00072649,2026-01-14 00Z,87,96969,325
2732,USM00072649,2026-01-14 12Z,89,98531,344
2733,USM00072649,2026-01-15 00Z,90,99019,328
2734,USM00072649,2026-01-15 12Z,89,98242,239
2735,USM00072649,2026-01-16 00Z,87,96716,353
2736,USM00072649,2026-01-16 12Z,87,96361,360
2737,USM00072649,2026-01-17 00Z,88,97141,359
2738,USM00072649,2026-01-17 12Z,88,97798,312
2739,USM00072649,2026-01-18 00Z,89,98620,374
2740,USM00072649,2026-01-18 12Z,88,97908,343
2741,USM00072649,2026-01-19 00Z,88,97857,367
2742,USM00072649,2026-01-19 12Z,89,98987,316
2743,USM00072649,2026-01-20 00Z,89,98902,312
2744,USM00072649,2026-01-20 12Z,89,98981,345
2745,USM00072649,2026-01-21 00Z,89,98435,352
2746,USM00072649,2026-01-21 12Z,88,97773,352
2747,USM00072649,2026-01-22 00Z,88,97851,328
2748,USM00072649,2026-01-22 12Z,89,98308,330
2749,USM00072649,2026-01-23 00Z,90,99383,350
2750,USM00072649,2026-01-23 12Z,91,100431,318
2751,USM00072649,2026-01-24 00Z,91,100630,319
2752,USM00072649,2026-01-25 00Z,90,99705,315
2753,USM00072649,2026-01-25 12Z,90,99322,307
2754,USM00072649,2026-01-26 00Z,90,99268,317
2755,USM00072649,2026-01-26 12Z,90,99167,298
2756,USM00072649,2026-01-27 00Z,88,97686,284
2757,USM00072649,2026-01-27 12Z,89,98392,326
2758,USM00072649,2026-01-28 00Z,90,99145,324
2759,USM00072649,2026-01-28 12Z,89,98907,332
2760,USM00072649,2026-01-29 00Z,90,99002,336
2761,USM00072649,2026-01-29 12Z,90,99350,314
2762,USM00072649,2026-01-30 00Z,90,99298,341
2763,USM00072649,2026-01-30 12Z,90,99902,342
2764,USM00072649,2026-01-31 00Z,91,100339,341
2765,USM00072649,2026-01-31 12Z,91,100146,353
2766,USM00072649,2026-02-01 00Z,90,99380,343
2767,USM00072649,2026-02-01 12Z,89,98218,338
2768,USM00072649,2026-02-02 00Z,89,98127,337
2769,USM00072649,2026-02-02 12Z,89,98588,346
2770,USM00072649,2026-02-03 00Z,89,98696,338
2771,USM00072649,2026-02-03 12Z,90,99063,340
2772,USM00072649,2026-02-04 00Z,90,99291,337
2773,USM00072649,2026-02-04 12Z,90,99405,346
2774,USM00072649,2026-02-05 00Z,90,99260,333
2775,USM00072649,2026-02-05 12Z,88,97840,286
2776,USM00072649,2026-02-06 00Z,88,97458,337
2777,USM00072649,2026-02-06 12Z,88,97760,332
2778,USM00072649,2026-02-07 00Z,89,98985,307
2779,USM00072649,2026-02-07 12Z,90,99381,354
2780,USM00072649,2026-02-08 00Z,89,98723,371
2781,USM00072649,2026-02-08 12Z,89,98508,377
2782,USM00072649,2026-02-09 00Z,89,98557,406
2783,USM00072649,2026-02-09 12Z,89,98043,325
2784,USM00072649,2026-02-10 00Z,88,97450,354
2785,USM00072649,2026-02-10 12Z,88,97987,311
2786,USM00072649,2026-02-11 00Z,89,98587,308
2787,USM00072649,2026-02-11 12Z,89,98984,374
2788,USM00072649,2026-02-12 00Z,89,98900,368
2789,USM00072649,2026-02-12 12Z,89,98746,343
2790,USM00072649,2026-02-13 00Z,89,98501,382
2791,USM00072649,2026-02-13 12Z,89,98328,342
2792,USM00072649,2026-02-14 00Z,89,98189,374
2793,USM00072649,2026-02-14 12Z,88,97931,366
2794,USM00072649,2026-02-15 00Z,88,97779,364
2795,USM00072649,2026-02-15 12Z,88,97907,338
2796,USM00072649,2026-02-16 00Z,88,97693,363
2797,USM00072649,2026-02-16 12Z,88,97280,294
2798,USM00072649,2026-02-17 00Z,88,97750,352
2799,USM00072649,2026-02-18 00Z,87,96260,359
2800,USM00072649,2026-02-18 12Z,86,95397,335
2801,USM00072649,2026-02-19 00Z,87,96142,346
2802,USM00072649,2026-02-19 12Z,87,96957,315
2803,USM00072649,2026-02-20 00Z,88,97083,438
2804,USM00072649,2026-02-20 12Z,87,96969,333
2805,USM00072649,2026-02-21 00Z,88,97813,377
2806,USM00072649,2026-02-21 12Z,89,98652,380
2807,USM00072649,2026-02-22 00Z,90,99172,422
2808,USM00072649,2026-02-22 12Z,90,99844,375
2809,USM00072649,2026-02-23 00Z,91,100164,379
2810,USM00072649,2026-02-23 12Z,91,100290,363
2811,USM00072649,2026-02-24 00Z,90,99198,332
2812,USM00072649,2026-02-24 12Z,87,96867,343
2813,USM00072649,2026-02-25 00Z,87,96583,410
2814,USM00072649,2026-02-25 12Z,88,97260,316
2815,USM00072649,2026-02-26 00Z,88,97462,396
2816,USM00072649,2026-02-26 12Z,88,97386,354
2817,USM00072649,2026-02-27 00Z,88,97333,289
2818,USM00072649,2026-02-27 12Z,88,97101,313
2819,USM00072649,2026-02-28 00Z,88,97662,371
2820,USM00072649,2026-02-28 12Z,89,98733,334
2821,USM00072649,2026-03-01 00Z,90,99316,347
2822,USM00072649,2026-03-01 12Z,90,99776,366
2823,USM00072649,2026-03-02 00Z,90,99492,327
2824,USM00072649,2026-03-02 12Z,90,99057,340
2825,USM00072649,2026-03-03 00Z,89,98682,355
2826,USM00072649,2026-03-03 12Z,89,98427,373
2827,USM00072649,2026-03-04 00Z,89,98558,352
2828,USM00072649,2026-03-04 12Z,89,98664,356
2829,USM00072649,2026-03-05 00Z,89,98226,320
2830,USM00072649,2026-03-05 12Z,89,98136,346
2831,USM00072649,2026-03-06 00Z,88,97840,309
2832,USM00072649,2026-03-06 12Z,88,97530,227
2833,USM00072649,2026-03-07 00Z,88,97288,354
2834,USM00072649,2026-03-07 12Z,88,97419,339
2835,USM00072649,2026-03-08 00Z,88,97761,341
2836,USM00072649,2026-03-09 00Z,87,96456,318
2837,USM00072649,2026-03-09 12Z,87,96557,334
2838,USM00072649,2026-03-10 00Z,88,97243,330
2839,USM00072649,2026-03-10 12Z,89,98077,364
2840,USM00072649,2026-03-11 00Z,88,97865,321
2841,USM00072649,2026-03-11 12Z,89,98168,341
2842,USM00072649,2026-03-12 00Z,89,98670,333
2843,USM00072649,2026-03-12 12Z,89,98653,329
2844,USM00072649,2026-03-13 00Z,87,96875,367
2845,USM00072649,2026-03-13 12Z,87,96734,262
2846,USM00072649,2026-03-14 00Z,89,98206,332
2847,USM00072649,2026-03-14 12Z,89,98541,373
2848,USM00072649,2026-03-15 12Z,88,97311,328
2849,USM00072649,2026-03-16 00Z,88,97951,329
2850,USM00072649,2026-03-16 12Z,89,98160,364
2851,USM00072649,2026-03-17 00Z,89,98360,348
2852,USM00072649,2026-03-17 12Z,89,98652,324
2853,USM00072649,2026-03-18 00Z,88,97968,386
2854,USM00072649,2026-03-19 00Z,88,97822,302
2855,USM00072649,2026-03-19 12Z,89,98178,337
2856,USM00072649,2026-03-20 00Z,88,97941,378
2857,USM00072649,2026-03-20 12Z,88,97557,371
2858,USM00072649,2026-03-21 00Z,88,97875,333
2859,USM00072649,2026-03-21 12Z,88,97364,351
2860,USM00072649,2026-03-22 00Z,87,96803,289
2861,USM00072649,2026-03-22 12Z,88,97780,339
2862,USM00072649,2026-03-23 00Z,89,98797,369
2863,USM00072649,2026-03-23 12Z,90,99475,363
2864,USM00072649,2026-03-24 00Z,90,99084,386
2865,USM00072649,2026-03-24 12Z,89,98710,312
2866,USM00072649,2026-03-25 00Z,89,98477,321
2867,USM00072649,2026-03-25 12Z,88,97665,345
2868,USM00072649,2026-03-26 00Z,88,97268,316
2869,USM00072649,2026-03-26 12Z,88,97389,362
2870,USM00072649,2026-03-27 00Z,89,98740,350
2871,USM00072649,2026-03-27 12Z,90,99618,324
2872,USM00072649,2026-03-28 00Z,91,100161,382
2873,USM00072649,2026-03-28 12Z,90,99860,313
2874,USM00072649,2026-03-29 00Z,89,98382,361
2875,USM00072649,2026-03-29 12Z,89,98035,344
2876,USM00072649,2026-03-30 00Z,88,97650,359
2877,USM00072649,2026-03-30 12Z,88,97450,333
2878,USM00072649,2026-03-31 00Z,87,96898,349
2879,USM00072649,2026-03-31 12Z,88,97684,379
2880,USM00072649,2026-04-01 00Z,89,98452,379
2881,USM00072649,2026-04-01 12Z,90,99026,353
2882,USM00072649,2026-04-02 00Z,89,98538,365
2883,USM00072649,2026-04-02 12Z,88,97741,408
2884,USM00072649,2026-04-03 00Z,88,97050,353
2885,USM00072649,2026-04-03 12Z,89,98085,308
2886,USM00072649,2026-04-04 00Z,89,98160,381
2887,USM00072649,2026-04-04 12Z,88,97807,330
2888,USM00072649,2026-04-05 00Z,88,97780,353
2889,USM00072649,2026-04-05 12Z,89,98638,360
2890,USM00072649,2026-04-06 00Z,89,98614,320
2891,USM00072649,2026-04-06 12Z,90,99178,341
2892,USM00072649,2026-04-07 00Z,90,99497,351
2893,USM00072649,2026-04-07 12Z,90,99730,353
2894,USM00072649,2026-04-08 00Z,89,98821,280
2895,USM00072649,2026-04-08 12Z,88,97556,379
2896,USM00072649,2026-04-09 00Z,88,97709,340
2897,USM00072649,2026-04-10 00Z,89,98787,384
2898,USM00072649,2026-04-10 12Z,90,99167,330
2899,USM00072649,2026-04-11 00Z,90,99241,342
2900,USM00072649,2026-04-11 12Z,90,99167,382
2901,USM00072649,2026-04-12 00Z,89,98083,367
2902,USM00072649,2026-04-12 12Z,87,96930,355
2903,USM00072649,2026-04-13 00Z,87,96406,353
2904,USM00072649,2026-04-13 12Z,88,97264,340
2905,USM00072649,2026-04-14 00Z,88,97035,271
2906,USM00072649,2026-04-14 12Z,88,97247,389
2907,USM00072649,2026-04-15 00Z,88,97184,336
2908,USM00072649,2026-04-15 12Z,88,97354,340
2909,USM00072649,2026-04-16 00Z,88,97141,313
2910,USM00072649,2026-04-16 12Z,88,97331,395
2911,USM00072649,2026-04-17 00Z,88,97165,349
2912,USM00072649,2026-04-17 12Z,87,96871,354
2913,USM00072649,2026-04-18 00Z,88,97122,323
2914,USM00072649,2026-04-18 12Z,88,97740,395
2915,USM00072649,2026-04-19 12Z,89,98430,304
2916,USM00072649,2026-04-20 00Z,89,98951,348
2917,USM00072649,2026-04-20 12Z,90,99079,354
2918,USM00072649,2026-04-21 00Z,88,97960,407
2919,USM00072649,2026-04-21 12Z,88,97482,358
2920,USM00072649,2026-04-22 00Z,88,97708,356
2921,USM00072649,2026-04-22 12Z,88,97882,311
2922,USM00072649,2026-04-23 00Z,88,97069,340
2923,USM00072649,2026-04-23 12Z,87,96951,390
2924,USM00072649,2026-04-24 00Z,87,96353,363
2925,USM00072649,2026-04-24 12Z,88,97312,360
2926,USM00072649,2026-04-25 00Z,88,97649,396
2927,USM00072649,2026-04-25 12Z,89,98142,371
2928,USM00072649,2026-04-26 00Z,89,98171,379
2929,USM00072649,2026-04-26 12Z,89,98366,380
2930,USM00072649,2026-04-27 00Z,88,97833,382
2931,USM00072649,2026-04-27 12Z,87,96942,319
2932,USM00072649,2026-04-28 00Z,87,96612,383
2933,USM00072649,2026-04-28 12Z,88,97779,368
2934,USM00072649,2026-04-29 00Z,89,98090,397
2935,USM00072649,2026-04-29 12Z,89,98413,380
2936,USM00072649,2026-04-30 00Z,89,98223,391
2937,USM00072649,2026-04-30 12Z,89,98380,411
2938,USM00072649,2026-05-01 00Z,89,98187,384
2939,USM00072649,2026-05-01 12Z,89,98325,409
2940,USM00072649,2026-05-02 00Z,89,98405,421
2941,USM00072649,2026-05-02 12Z,89,98429,398
2942,USM00072649,2026-05-03 00Z,88,97705,353
2943,USM00072649,2026-05-03 12Z,88,97037,351
2944,USM00072649,2026-05-04 00Z,88,97107,412
2945,USM00072649,2026-05-04 12Z,87,96239,338
2946,USM00072649,2026-05-05 00Z,87,96980,412
2947,USM00072649,2026-05-05 12Z,88,97442,366
2948,USM00072649,2026-05-06 00Z,88,97665,398
2949,USM00072649,2026-05-06 12Z,89,98099,390
2950,USM00072649,2026-05-07 00Z,89,98137,363
2951,USM00072649,2026-05-07 12Z,88,97905,419
2952,USM00072649,2026-05-08 00Z,88,97552,318
2953,USM00072649,2026-05-08 12Z,88,97385,346
2954,USM00072649,2026-05-09 00Z,87,96774,349
2955,USM00072649,2026-05-09 12Z,87,96978,352
2956,USM00072649,2026-05-10 00Z,88,97712,374
2957,USM00072649,2026-05-10 12Z,89,98406,393
2958,USM00072649,2026-05-11 00Z,89,98588,336
2959,USM00072649,2026-05-11 12Z,89,98951,379
2960,USM00072649,2026-05-12 00Z,89,98286,370
2961,USM00072649,2026-05-12 12Z,88,97217,395
2962,USM00072649,2026-05-13 12Z,89,98572,358
2963,USM00072649,2026-05-14 00Z,89,98302,374
2964,USM00072649,2026-05-14 12Z,89,98171,404
2965,USM00072649,2026-05-15 00Z,88,97526,382
2966,USM00072649,2026-05-15 12Z,88,97088,353
2967,USM00072649,2026-05-16 00Z,87,96951,364
2968,USM00072649,2026-05-16 12Z,88,97486,337
2969,USM00072649,2026-05-17 00Z,88,97678,350
2970,USM00072649,2026-05-17 12Z,88,97551,356
2971,USM00072649,2026-05-18 00Z,88,97151,283
2972,USM00072649,2026-05-18 12Z,88,97018,347
2973,USM00072649,2026-05-19 00Z,88,97368,349
2974,USM00072649,2026-05-19 12Z,88,97677,370
2975,USM00072649,2026-05-20 00Z,89,98599,355
2976,USM00072649,2026-05-20 12Z,90,99220,348
2977,USM00072649,2026-05-21 00Z,90,99026,363
2978,USM00072649,2026-05-21 12Z,90,99079,372
2979,USM00072649,2026-05-22 00Z,89,98707,239
2980,USM00072649,2026-05-22 12Z,89,98589,349
2981,USM00072649,2026-05-23 00Z,88,97889,392
2982,USM00072649,2026-05-23 12Z,88,97777,412
2983,USM00072649,2026-05-24 00Z,89,98040,406
2984,USM00072649,2026-05-24 12Z,89,98187,397
2985,USM00072649,2026-05-25 00Z,88,97808,340
2986,USM00072649,2026-05-25 12Z,89,98015,365
2987,USM00072649,2026-05-26 00Z,88,97766,366
2988,USM00072649,2026-05-26 12Z,88,97945,337
2989,USM00072649,2026-05-27 00Z,88,97810,378
2990,USM00072649,2026-05-27 12Z,89,98129,391
2991,USM00072649,2026-05-28 00Z,89,98146,384
2992,USM00072649,2026-05-28 12Z,89,98696,400
2993,USM00072649,2026-05-29 00Z,89,98484,386
2994,USM00072649,2026-05-29 12Z,89,98359,372
2995,USM00072649,2026-05-30 00Z,88,97908,338
2996,USM00072649,2026-05-30 12Z,89,98100,386
2997,USM00072649,2026-05-31 00Z,89,98138,405
2998,USM00072649,2026-05-31 12Z,89,98264,381
2999,USM00072649,2026-06-01 00Z,89,98110,369
3000,USM00072649,2026-06-01 12Z,89,98284,371
3001,USM00072649,2026-06-02 00Z,89,98586,402
3002,USM00072649,2026-06-02 12Z,90,99109,351
3003,USM00072649,2026-06-03 00Z,90,99030,342
3004,USM00072649,2026-06-03 12Z,89,98971,382
3005,USM00072649,2026-06-04 00Z,89,98324,376
3006,USM00072649,2026-06-04 12Z,88,97966,405
3007,USM00072649,2026-06-05 00Z,88,97636,389
3008,USM00072649,2026-06-05 12Z,88,97511,317
3009,USM00072649,2026-06-06 00Z,88,97314,390
3010,USM00072649,2026-06-06 12Z,88,97749,344
3011,USM00072649,2026-06-07 00Z,88,97731,389
3012,USM00072649,2026-06-08 00Z,88,97641,417
3013,USM00072649,2026-06-08 12Z,88,97751,388
3014,USM00072649,2026-06-09 00Z,88,97843,287
3015,USM00072649,2026-06-09 12Z,88,97952,270
3016,RQM00078526,2025-01-01 00Z,92,101367,269
3017,RQM00078526,2025-01-01 12Z,92,101494,280
3018,RQM00078526,2025-01-02 00Z,92,101477,291
3019,RQM00078526,2025-01-02 12Z,92,101611,260
3020,RQM00078526,2025-01-03 00Z,92,101577,285
3021,RQM00078526,2025-01-03 12Z,92,101560,264
3022,RQM00078526,2025-01-04 00Z,92,101567,266
3023,RQM00078526,2025-01-05 00Z,92,101573,291
3024,RQM00078526,2025-01-05 12Z,92,101645,301
3025,RQM00078526,2025-01-06 00Z,92,101646,280
3026,RQM00078526,2025-01-06 12Z,92,101607,303
3027,RQM00078526,2025-01-07 00Z,92,101570,279
3028,RQM00078526,2025-01-07 12Z,92,101488,254
3029,RQM00078526,2025-01-08 00Z,92,101474,284
3030,RQM00078526,2025-01-08 12Z,92,101517,284
3031,RQM00078526,2025-01-09 00Z,92,101336,269
3032,RQM00078526,2025-01-09 12Z,92,101297,253
3033,RQM00078526,2025-01-10 12Z,92,101327,245
3034,RQM00078526,2025-01-11 00Z,92,101407,263
3035,RQM00078526,2025-01-11 12Z,92,101387,257
3036,RQM00078526,2025-01-12 00Z,92,101543,243
3037,RQM00078526,2025-01-12 12Z,92,101511,228
3038,RQM00078526,2025-01-13 00Z,92,101645,219
3039,RQM00078526,2025-01-13 12Z,92,101688,218
3040,RQM00078526,2025-01-14 00Z,92,101637,202
3041,RQM00078526,2025-01-14 12Z,92,101672,232
3042,RQM00078526,2025-01-15 00Z,92,101703,227
3043,RQM00078526,2025-01-15 12Z,92,101659,247
3044,RQM00078526,2025-01-16 00Z,92,101665,267
3045,RQM00078526,2025-01-16 12Z,92,101727,246
3046,RQM00078526,2025-01-17 00Z,92,101714,264
3047,RQM00078526,2025-01-18 00Z,92,101817,263
3048,RQM00078526,2025-01-18 12Z,92,101876,274
3049,RQM00078526,2025-01-19 00Z,92,101848,271
3050,RQM00078526,2025-01-19 12Z,92,101884,227
3051,RQM00078526,2025-01-20 00Z,92,101895,260
3052,RQM00078526,2025-01-20 12Z,92,101931,272
3053,RQM00078526,2025-01-21 00Z,92,101905,279
3054,RQM00078526,2025-01-21 12Z,92,101907,243
3055,RQM00078526,2025-01-22 00Z,92,101803,249
3056,RQM00078526,2025-01-22 12Z,92,101835,251
3057,RQM00078526,2025-01-23 00Z,92,101862,262
3058,RQM00078526,2025-01-23 12Z,92,101853,245
3059,RQM00078526,2025-01-24 00Z,92,101717,224
3060,RQM00078526,2025-01-24 12Z,92,101763,243
3061,RQM00078526,2025-01-25 00Z,92,101647,252
3062,RQM00078526,2025-01-25 12Z,92,101815,276
3063,RQM00078526,2025-01-26 00Z,92,101727,252
3064,RQM00078526,2025-01-26 12Z,92,101850,236
3065,RQM00078526,2025-01-27 00Z,92,101767,265
3066,RQM00078526,2025-01-27 12Z,92,101617,251
3067,RQM00078526,2025-01-28 00Z,92,101566,263
3068,RQM00078526,2025-01-28 12Z,92,101518,266
3069,RQM00078526,2025-01-29 00Z,92,101448,268
3070,RQM00078526,2025-01-29 12Z,92,101620,245
3071,RQM00078526,2025-01-30 00Z,92,101566,262
3072,RQM00078526,2025-01-30 12Z,92,101771,248
3073,RQM00078526,2025-01-31 00Z,92,101737,236
3074,RQM00078526,2025-01-31 12Z,92,101779,252
3075,RQM00078526,2025-02-01 00Z,92,101789,248
3076,RQM00078526,2025-02-01 12Z,92,101727,251
3077,RQM00078526,2025-02-02 00Z,92,101700,267
3078,RQM00078526,2025-02-02 12Z,92,101687,281
3079,RQM00078526,2025-02-03 00Z,92,101629,298
3080,RQM00078526,2025-02-03 12Z,92,101640,257
3081,RQM00078526,2025-02-04 00Z,92,101617,266
3082,RQM00078526,2025-02-04 12Z,92,101617,281
3083,RQM00078526,2025-02-05 00Z,92,101571,270
3084,RQM00078526,2025-02-05 12Z,92,101603,268
3085,RQM00078526,2025-02-06 00Z,92,101544,294
3086,RQM00078526,2025-02-06 12Z,92,101653,284
3087,RQM00078526,2025-02-07 00Z,92,101632,277
3088,RQM00078526,2025-02-07 12Z,92,101664,240
3089,RQM00078526,2025-02-08 00Z,92,101645,258
3090,RQM00078526,2025-02-08 12Z,92,101696,246
3091,RQM00078526,2025-02-09 12Z,92,101731,271
3092,RQM00078526,2025-02-10 00Z,92,101714,284
3093,RQM00078526,2025-02-10 12Z,92,101827,270
3094,RQM00078526,2025-02-11 00Z,92,101681,300
3095,RQM00078526,2025-02-11 12Z,92,101653,281
3096,RQM00078526,2025-02-12 00Z,92,101642,256
3097,RQM00078526,2025-02-12 12Z,92,101718,258
3098,RQM00078526,2025-02-13 00Z,92,101770,267
3099,RQM00078526,2025-02-13 12Z,92,101907,253
3100,RQM00078526,2025-02-14 00Z,92,101959,263
3101,RQM00078526,2025-02-14 12Z,93,102058,236
3102,RQM00078526,2025-02-15 00Z,92,101809,222
3103,RQM00078526,2025-02-15 12Z,92,101820,270
3104,RQM00078526,2025-02-16 00Z,92,101607,263
3105,RQM00078526,2025-02-16 12Z,92,101681,278
3106,RQM00078526,2025-02-17 00Z,92,101607,263
3107,RQM00078526,2025-02-17 12Z,92,101725,270
3108,RQM00078526,2025-02-18 00Z,92,101567,264
3109,RQM00078526,2025-02-18 12Z,92,101695,269
3110,RQM00078526,2025-02-19 00Z,92,101670,269
3111,RQM00078526,2025-02-19 12Z,92,101721,274
3112,RQM00078526,2025-02-20 00Z,92,101597,272
3113,RQM00078526,2025-02-20 12Z,92,101731,242
3114,RQM00078526,2025-02-21 00Z,92,101643,246
3115,RQM00078526,2025-02-21 12Z,92,101710,257
3116,RQM00078526,2025-02-22 00Z,92,101663,235
3117,RQM00078526,2025-02-22 12Z,92,101743,209
3118,RQM00078526,2025-02-23 00Z,92,101706,269
3119,RQM00078526,2025-02-23 12Z,92,101752,245
3120,RQM00078526,2025-02-24 00Z,92,101561,264
3121,RQM00078526,2025-02-24 12Z,92,101557,243
3122,RQM00078526,2025-02-25 00Z,92,101462,252
3123,RQM00078526,2025-02-25 12Z,92,101417,227
3124,RQM00078526,2025-02-26 00Z,92,101288,279
3125,RQM00078526,2025-02-26 12Z,92,101497,272
3126,RQM00078526,2025-02-27 00Z,92,101441,257
3127,RQM00078526,2025-02-27 12Z,92,101571,239
3128,RQM00078526,2025-02-28 12Z,92,101475,259
3129,RQM00078526,2025-03-01 00Z,92,101425,296
3130,RQM00078526,2025-03-01 12Z,92,101472,280
3131,RQM00078526,2025-03-02 00Z,92,101417,284
3132,RQM00078526,2025-03-02 12Z,92,101574,263
3133,RQM00078526,2025-03-03 00Z,92,101368,316
3134,RQM00078526,2025-03-03 12Z,92,101428,246
3135,RQM00078526,2025-03-04 00Z,92,101376,290
3136,RQM00078526,2025-03-04 12Z,92,101462,269
3137,RQM00078526,2025-03-05 00Z,92,101336,318
3138,RQM00078526,2025-03-05 12Z,92,101351,256
3139,RQM00078526,2025-03-06 00Z,92,101226,270
3140,RQM00078526,2025-03-06 12Z,92,101297,272
3141,RQM00078526,2025-03-07 00Z,92,101254,281
3142,RQM00078526,2025-03-07 12Z,92,101618,288
3143,RQM00078526,2025-03-08 00Z,92,101600,293
3144,RQM00078526,2025-03-08 12Z,92,101644,242
3145,RQM00078526,2025-03-09 00Z,92,101489,266
3146,RQM00078526,2025-03-09 12Z,92,101610,251
3147,RQM00078526,2025-03-10 00Z,92,101494,264
3148,RQM00078526,2025-03-10 12Z,92,101587,236
3149,RQM00078526,2025-03-11 00Z,92,101410,227
3150,RQM00078526,2025-03-11 12Z,92,101510,233
3151,RQM00078526,2025-03-12 00Z,92,101347,247
3152,RQM00078526,2025-03-12 12Z,92,101465,237
3153,RQM00078526,2025-03-13 00Z,92,101461,238
3154,RQM00078526,2025-03-13 12Z,92,101537,240
3155,RQM00078526,2025-03-14 00Z,92,101463,254
3156,RQM00078526,2025-03-14 12Z,92,101430,245
3157,RQM00078526,2025-03-15 00Z,92,101286,275
3158,RQM00078526,2025-03-15 12Z,92,101422,225
3159,RQM00078526,2025-03-16 00Z,92,101363,231
3160,RQM00078526,2025-03-16 12Z,92,101560,241
3161,RQM00078526,2025-03-17 00Z,92,101615,244
3162,RQM00078526,2025-03-17 12Z,92,101531,254
3163,RQM00078526,2025-03-18 00Z,92,101410,216
3164,RQM00078526,2025-03-18 12Z,92,101369,244
3165,RQM00078526,2025-03-19 00Z,92,101280,252
3166,RQM00078526,2025-03-19 12Z,92,101377,243
3167,RQM00078526,2025-03-20 00Z,92,101377,262
3168,RQM00078526,2025-03-20 12Z,92,101598,224
3169,RQM00078526,2025-03-21 00Z,92,101607,254
3170,RQM00078526,2025-03-21 12Z,92,101682,222
3171,RQM00078526,2025-03-22 00Z,92,101684,244
3172,RQM00078526,2025-03-22 12Z,92,101876,249
3173,RQM00078526,2025-03-23 00Z,92,101760,200
3174,RQM00078526,2025-03-23 12Z,92,101827,245
3175,RQM00078526,2025-03-24 00Z,92,101855,263
3176,RQM00078526,2025-03-24 12Z,92,101846,283
3177,RQM00078526,2025-03-25 00Z,92,101782,249
3178,RQM00078526,2025-03-25 12Z,92,101763,280
3179,RQM00078526,2025-03-26 00Z,92,101777,271
3180,RQM00078526,2025-03-26 12Z,92,101702,251
3181,RQM00078526,2025-03-27 00Z,92,101637,257
3182,RQM00078526,2025-03-27 12Z,92,101603,265
3183,RQM00078526,2025-03-28 00Z,92,101517,285
3184,RQM00078526,2025-03-28 12Z,92,101573,260
3185,RQM00078526,2025-03-29 00Z,92,101527,293
3186,RQM00078526,2025-03-29 12Z,92,101644,268
3187,RQM00078526,2025-03-30 00Z,92,101579,329
3188,RQM00078526,2025-03-30 12Z,92,101556,293
3189,RQM00078526,2025-03-31 00Z,92,101531,317
3190,RQM00078526,2025-03-31 12Z,92,101582,296
3191,RQM00078526,2025-04-01 00Z,92,101603,255
3192,RQM00078526,2025-04-01 12Z,92,101669,290
3193,RQM00078526,2025-04-02 00Z,92,101610,321
3194,RQM00078526,2025-04-02 12Z,92,101770,293
3195,RQM00078526,2025-04-03 00Z,92,101755,282
3196,RQM00078526,2025-04-03 12Z,92,101897,264
3197,RQM00078526,2025-04-04 00Z,92,101877,257
3198,RQM00078526,2025-04-04 12Z,93,102007,247
3199,RQM00078526,2025-04-05 00Z,92,101929,272
3200,RQM00078526,2025-04-05 12Z,92,101998,261
3201,RQM00078526,2025-04-06 00Z,92,101787,263
3202,RQM00078526,2025-04-06 12Z,92,101728,224
3203,RQM00078526,2025-04-07 00Z,92,101588,244
3204,RQM00078526,2025-04-07 12Z,92,101567,225
3205,RQM00078526,2025-04-08 00Z,92,101425,245
3206,RQM00078526,2025-04-08 12Z,92,101595,251
3207,RQM00078526,2025-04-09 00Z,92,101476,274
3208,RQM00078526,2025-04-09 12Z,92,101644,297
3209,RQM00078526,2025-04-10 00Z,92,101528,305
3210,RQM00078526,2025-04-10 12Z,92,101591,268
3211,RQM00078526,2025-04-11 00Z,92,101467,328
3212,RQM00078526,2025-04-11 12Z,92,101478,292
3213,RQM00078526,2025-04-12 00Z,92,101332,335
3214,RQM00078526,2025-04-12 12Z,92,101429,282
3215,RQM00078526,2025-04-13 00Z,92,101290,316
3216,RQM00078526,2025-04-13 12Z,92,101434,308
3217,RQM00078526,2025-04-14 00Z,92,101427,333
3218,RQM00078526,2025-04-14 12Z,92,101607,291
3219,RQM00078526,2025-04-15 00Z,92,101641,323
3220,RQM00078526,2025-04-15 12Z,92,101616,290
3221,RQM00078526,2025-04-16 00Z,92,101443,315
3222,RQM00078526,2025-04-16 12Z,92,101530,285
3223,RQM00078526,2025-04-17 00Z,92,101315,310
3224,RQM00078526,2025-04-17 12Z,92,101485,283
3225,RQM00078526,2025-04-18 00Z,92,101317,313
3226,RQM00078526,2025-04-18 12Z,92,101485,285
3227,RQM00078526,2025-04-19 00Z,92,101514,289
3228,RQM00078526,2025-04-19 12Z,92,101593,225
3229,RQM00078526,2025-04-20 00Z,92,101557,271
3230,RQM00078526,2025-04-20 12Z,92,101574,309
3231,RQM00078526,2025-04-21 00Z,92,101387,268
3232,RQM00078526,2025-04-21 12Z,92,101347,274
3233,RQM00078526,2025-04-22 00Z,92,101197,263
3234,RQM00078526,2025-04-22 12Z,92,101177,252
3235,RQM00078526,2025-04-23 00Z,92,101144,250
3236,RQM00078526,2025-04-23 12Z,92,101296,243
3237,RQM00078526,2025-04-24 00Z,92,101220,264
3238,RQM00078526,2025-04-24 12Z,92,101304,239
3239,RQM00078526,2025-04-25 00Z,92,101247,235
3240,RQM00078526,2025-04-25 12Z,92,101329,268
3241,RQM00078526,2025-04-26 00Z,92,101277,256
3242,RQM00078526,2025-04-26 12Z,92,101297,279
3243,RQM00078526,2025-04-27 00Z,92,101352,312
3244,RQM00078526,2025-04-27 12Z,92,101467,263
3245,RQM00078526,2025-04-28 00Z,92,101394,249
3246,RQM00078526,2025-04-28 12Z,92,101457,277
3247,RQM00078526,2025-04-29 00Z,92,101393,228
3248,RQM00078526,2025-04-29 12Z,92,101411,263
3249,RQM00078526,2025-04-30 00Z,92,101292,287
3250,RQM00078526,2025-04-30 12Z,92,101297,286
3251,RQM00078526,2025-05-01 00Z,92,101270,280
3252,RQM00078526,2025-05-01 12Z,92,101327,293
3253,RQM00078526,2025-05-02 00Z,92,101294,286
3254,RQM00078526,2025-05-02 12Z,92,101343,280
3255,RQM00078526,2025-05-03 00Z,92,101431,333
3256,RQM00078526,2025-05-03 12Z,92,101332,288
3257,RQM00078526,2025-05-04 00Z,92,101368,298
3258,RQM00078526,2025-05-04 12Z,92,101360,250
3259,RQM00078526,2025-05-05 00Z,92,101250,265
3260,RQM00078526,2025-05-05 12Z,92,101375,310
3261,RQM00078526,2025-05-06 00Z,92,101335,279
3262,RQM00078526,2025-05-06 12Z,92,101403,281
3263,RQM00078526,2025-05-07 00Z,92,101314,271
3264,RQM00078526,2025-05-07 12Z,92,101382,276
3265,RQM00078526,2025-05-08 00Z,92,101348,298
3266,RQM00078526,2025-05-08 12Z,92,101506,278
3267,RQM00078526,2025-05-09 00Z,92,101351,261
3268,RQM00078526,2025-05-09 12Z,92,101466,331
3269,RQM00078526,2025-05-10 00Z,92,101470,336
3270,RQM00078526,2025-05-10 12Z,92,101630,260
3271,RQM00078526,2025-05-11 00Z,92,101597,348
3272,RQM00078526,2025-05-11 12Z,92,101747,276
3273,RQM00078526,2025-05-12 00Z,92,101737,281
3274,RQM00078526,2025-05-12 12Z,92,101802,214
3275,RQM00078526,2025-05-13 00Z,92,101567,281
3276,RQM00078526,2025-05-13 12Z,92,101664,249
3277,RQM00078526,2025-05-14 00Z,92,101457,295
3278,RQM00078526,2025-05-14 12Z,92,101476,260
3279,RQM00078526,2025-05-15 00Z,92,101467,268
3280,RQM00078526,2025-05-15 12Z,92,101506,314
3281,RQM00078526,2025-05-16 00Z,92,101423,292
3282,RQM00078526,2025-05-16 12Z,92,101512,293
3283,RQM00078526,2025-05-17 00Z,92,101337,251
3284,RQM00078526,2025-05-17 12Z,92,101565,280
3285,RQM00078526,2025-05-18 00Z,92,101431,321
3286,RQM00078526,2025-05-18 12Z,92,101494,245
3287,RQM00078526,2025-05-19 00Z,92,101451,245
3288,RQM00078526,2025-05-19 12Z,92,101537,271
3289,RQM00078526,2025-05-20 00Z,92,101500,298
3290,RQM00078526,2025-05-20 12Z,92,101457,275
3291,RQM00078526,2025-05-21 00Z,92,101447,290
3292,RQM00078526,2025-05-21 12Z,92,101527,241
3293,RQM00078526,2025-05-22 00Z,92,101459,287
3294,RQM00078526,2025-05-22 12Z,92,101573,254
3295,RQM00078526,2025-05-23 00Z,92,101595,264
3296,RQM00078526,2025-05-23 12Z,92,101769,264
3297,RQM00078526,2025-05-24 00Z,92,101724,275
3298,RQM00078526,2025-05-24 12Z,92,101868,241
3299,RQM00078526,2025-05-25 00Z,92,101763,280
3300,RQM00078526,2025-05-25 12Z,92,101843,256
3301,RQM00078526,2025-05-26 00Z,92,101748,287
3302,RQM00078526,2025-05-26 12Z,92,101795,286
3303,RQM00078526,2025-05-27 00Z,92,101758,301
3304,RQM00078526,2025-05-27 12Z,92,101805,264
3305,RQM00078526,2025-05-28 00Z,92,101748,298
3306,RQM00078526,2025-05-28 12Z,92,101847,272
3307,RQM00078526,2025-05-29 00Z,92,101800,278
3308,RQM00078526,2025-05-29 12Z,92,101827,292
3309,RQM00078526,2025-05-30 00Z,92,101768,291
3310,RQM00078526,2025-05-30 12Z,92,101767,261
3311,RQM00078526,2025-05-31 00Z,92,101578,284
3312,RQM00078526,2025-05-31 12Z,92,101637,282
3313,RQM00078526,2025-06-01 00Z,92,101586,291
3314,RQM00078526,2025-06-01 12Z,92,101857,244
3315,RQM00078526,2025-06-02 00Z,92,101778,275
3316,RQM00078526,2025-06-02 12Z,92,101918,280
3317,RQM00078526,2025-06-03 00Z,92,101834,260
3318,RQM00078526,2025-06-03 12Z,92,101825,280
3319,RQM00078526,2025-06-04 00Z,92,101717,285
3320,RQM00078526,2025-06-04 12Z,92,101738,262
3321,RQM00078526,2025-06-05 00Z,92,101597,279
3322,RQM00078526,2025-06-05 12Z,92,101653,215
3323,RQM00078526,2025-06-06 00Z,92,101547,249
3324,RQM00078526,2025-06-06 12Z,92,101667,210
3325,RQM00078526,2025-06-07 00Z,92,101603,227
3326,RQM00078526,2025-06-07 12Z,92,101690,221
3327,RQM00078526,2025-06-08 00Z,92,101567,242
3328,RQM00078526,2025-06-08 12Z,92,101657,279
3329,RQM00078526,2025-06-09 00Z,92,101539,309
3330,RQM00078526,2025-06-09 12Z,92,101722,279
3331,RQM00078526,2025-06-10 00Z,92,101657,270
3332,RQM00078526,2025-06-10 12Z,92,101822,271
3333,RQM00078526,2025-06-11 00Z,92,101777,283
3334,RQM00078526,2025-06-11 12Z,92,101837,266
3335,RQM00078526,2025-06-12 00Z,92,101779,281
3336,RQM00078526,2025-06-12 12Z,92,101837,237
3337,RQM00078526,2025-06-13 00Z,92,101684,256
3338,RQM00078526,2025-06-13 12Z,92,101757,211
3339,RQM00078526,2025-06-14 00Z,92,101792,252
3340,RQM00078526,2025-06-14 12Z,92,101866,234
3341,RQM00078526,2025-06-15 00Z,92,101907,266
3342,RQM00078526,2025-06-15 12Z,92,101957,333
3343,RQM00078526,2025-06-16 00Z,92,101907,271
3344,RQM00078526,2025-06-16 12Z,92,101877,255
3345,RQM00078526,2025-06-17 00Z,92,101749,301
3346,RQM00078526,2025-06-17 12Z,92,101867,241
3347,RQM00078526,2025-06-18 00Z,92,101849,264
3348,RQM00078526,2025-06-18 12Z,92,101853,264
3349,RQM00078526,2025-06-19 00Z,92,101815,292
3350,RQM00078526,2025-06-19 12Z,92,101807,251
3351,RQM00078526,2025-06-20 00Z,92,101732,289
3352,RQM00078526,2025-06-20 12Z,92,101757,266
3353,RQM00078526,2025-06-21 00Z,92,101747,299
3354,RQM00078526,2025-06-21 12Z,92,101757,279
3355,RQM00078526,2025-06-22 00Z,92,101668,281
3356,RQM00078526,2025-06-22 12Z,92,101667,263
3357,RQM00078526,2025-06-23 00Z,92,101604,279
3358,RQM00078526,2025-06-23 12Z,92,101539,271
3359,RQM00078526,2025-06-24 00Z,92,101687,313
3360,RQM00078526,2025-06-24 12Z,92,101747,291
3361,RQM00078526,2025-06-25 00Z,92,101798,265
3362,RQM00078526,2025-06-25 12Z,92,101819,264
3363,RQM00078526,2025-06-26 00Z,92,101725,249
3364,RQM00078526,2025-06-26 12Z,92,101695,251
3365,RQM00078526,2025-06-27 00Z,92,101755,268
3366,RQM00078526,2025-06-27 12Z,92,101787,236
3367,RQM00078526,2025-06-28 00Z,92,101715,267
3368,RQM00078526,2025-06-28 12Z,92,101737,270
3369,RQM00078526,2025-06-29 00Z,92,101708,240
3370,RQM00078526,2025-06-29 12Z,92,101680,233
3371,RQM00078526,2025-06-30 00Z,92,101715,276
3372,RQM00078526,2025-06-30 12Z,92,101834,235
3373,RQM00078526,2025-07-01 00Z,92,101765,261
3374,RQM00078526,2025-07-01 12Z,92,101808,255
3375,RQM00078526,2025-07-02 00Z,92,101655,269
3376,RQM00078526,2025-07-02 12Z,92,101759,285
3377,RQM00078526,2025-07-03 00Z,92,101670,301
3378,RQM00078526,2025-07-03 12Z,92,101773,291
3379,RQM00078526,2025-07-04 00Z,92,101608,260
3380,RQM00078526,2025-07-04 12Z,92,101814,254
3381,RQM00078526,2025-07-05 00Z,92,101745,282
3382,RQM00078526,2025-07-05 12Z,92,101778,294
3383,RQM00078526,2025-07-06 00Z,92,101737,254
3384,RQM00078526,2025-07-06 12Z,92,101834,253
3385,RQM00078526,2025-07-07 00Z,92,101766,270
3386,RQM00078526,2025-07-07 12Z,92,101777,299
3387,RQM00078526,2025-07-08 00Z,92,101690,290
3388,RQM00078526,2025-07-08 12Z,92,101824,283
3389,RQM00078526,2025-07-09 00Z,92,101760,279
3390,RQM00078526,2025-07-09 12Z,92,101878,248
3391,RQM00078526,2025-07-10 00Z,92,101735,286
3392,RQM00078526,2025-07-10 12Z,92,101800,279
3393,RQM00078526,2025-07-11 00Z,92,101726,234
3394,RQM00078526,2025-07-11 12Z,92,101865,250
3395,RQM00078526,2025-07-12 00Z,92,101818,255
3396,RQM00078526,2025-07-12 12Z,92,101909,305
3397,RQM00078526,2025-07-13 00Z,92,101696,245
3398,RQM00078526,2025-07-13 12Z,92,101756,246
3399,RQM00078526,2025-07-14 00Z,92,101719,282
3400,RQM00078526,2025-07-14 12Z,92,101808,297
3401,RQM00078526,2025-07-15 00Z,92,101755,280
3402,RQM00078526,2025-07-15 12Z,92,101814,238
3403,RQM00078526,2025-07-16 00Z,92,101617,241
3404,RQM00078526,2025-07-16 12Z,92,101717,267
3405,RQM00078526,2025-07-17 00Z,92,101542,359
3406,RQM00078526,2025-07-17 12Z,92,101707,286
3407,RQM00078526,2025-07-18 00Z,92,101619,269
3408,RQM00078526,2025-07-18 12Z,92,101777,231
3409,RQM00078526,2025-07-19 00Z,92,101706,253
3410,RQM00078526,2025-07-19 12Z,92,101687,234
3411,RQM00078526,2025-07-20 00Z,92,101617,315
3412,RQM00078526,2025-07-20 12Z,92,101729,278
3413,RQM00078526,2025-07-21 00Z,92,101627,286
3414,RQM00078526,2025-07-21 12Z,92,101699,260
3415,RQM00078526,2025-07-22 00Z,92,101537,285
3416,RQM00078526,2025-07-22 12Z,92,101527,297
3417,RQM00078526,2025-07-23 00Z,92,101537,281
3418,RQM00078526,2025-07-23 12Z,92,101717,211
3419,RQM00078526,2025-07-24 00Z,92,101681,257
3420,RQM00078526,2025-07-24 12Z,92,101787,234
3421,RQM00078526,2025-07-25 00Z,92,101732,237
3422,RQM00078526,2025-07-25 12Z,92,101597,261
3423,RQM00078526,2025-07-26 00Z,92,101512,271
3424,RQM00078526,2025-07-26 12Z,92,101516,268
3425,RQM00078526,2025-07-27 00Z,92,101487,266
3426,RQM00078526,2025-07-27 12Z,92,101534,321
3427,RQM00078526,2025-07-28 00Z,92,101517,256
3428,RQM00078526,2025-07-28 12Z,92,101637,278
3429,RQM00078526,2025-07-29 00Z,92,101537,259
3430,RQM00078526,2025-07-29 12Z,92,101697,279
3431,RQM00078526,2025-07-30 00Z,92,101644,217
3432,RQM00078526,2025-07-30 12Z,92,101708,234
3433,RQM00078526,2025-07-31 00Z,92,101645,271
3434,RQM00078526,2025-07-31 12Z,92,101733,226
3435,RQM00078526,2025-08-01 00Z,92,101740,223
3436,RQM00078526,2025-08-01 12Z,92,101807,268
3437,RQM00078526,2025-08-02 00Z,92,101849,293
3438,RQM00078526,2025-08-02 12Z,92,101627,278
3439,RQM00078526,2025-08-03 00Z,92,101594,265
3440,RQM00078526,2025-08-03 12Z,92,101637,227
3441,RQM00078526,2025-08-04 00Z,92,101571,316
3442,RQM00078526,2025-08-04 12Z,92,101647,265
3443,RQM00078526,2025-08-05 00Z,92,101680,238
3444,RQM00078526,2025-08-05 12Z,92,101877,190
3445,RQM00078526,2025-08-06 00Z,92,101726,237
3446,RQM00078526,2025-08-06 12Z,92,101747,291
3447,RQM00078526,2025-08-07 00Z,92,101708,239
3448,RQM00078526,2025-08-07 12Z,92,101627,277
3449,RQM00078526,2025-08-08 12Z,92,101479,275
3450,RQM00078526,2025-08-09 12Z,92,101561,293
3451,RQM00078526,2025-08-10 12Z,92,101667,282
3452,RQM00078526,2025-08-11 12Z,92,101637,283
3453,RQM00078526,2025-08-12 12Z,92,101657,239
3454,RQM00078526,2025-08-13 12Z,92,101565,261
3455,RQM00078526,2025-08-14 12Z,92,101482,252
3456,RQM00078526,2025-08-15 00Z,92,101423,239
3457,RQM00078526,2025-08-15 12Z,92,101457,302
3458,RQM00078526,2025-08-16 00Z,92,101365,302
3459,RQM00078526,2025-08-16 12Z,92,101062,298
3460,RQM00078526,2025-08-18 00Z,91,100871,296
3461,RQM00078526,2025-08-18 12Z,92,101097,268
3462,RQM00078526,2025-08-19 00Z,92,101354,287
3463,RQM00078526,2025-08-19 12Z,92,101448,266
3464,RQM00078526,2025-08-20 00Z,92,101445,265
3465,RQM00078526,2025-08-20 12Z,92,101528,240
3466,RQM00078526,2025-08-21 00Z,92,101406,223
3467,RQM00078526,2025-08-21 12Z,92,101434,231
3468,RQM00078526,2025-08-22 00Z,92,101382,234
3469,RQM00078526,2025-08-22 12Z,92,101352,269
3470,RQM00078526,2025-08-23 00Z,92,101314,308
3471,RQM00078526,2025-08-23 12Z,92,101506,323
3472,RQM00078526,2025-08-24 00Z,92,101464,305
3473,RQM00078526,2025-08-24 12Z,92,101625,279
3474,RQM00078526,2025-08-25 00Z,92,101557,216
3475,RQM00078526,2025-08-25 12Z,92,101602,189
3476,RQM00078526,2025-08-26 00Z,92,101577,230
3477,RQM00078526,2025-08-26 12Z,92,101587,278
3478,RQM00078526,2025-08-27 00Z,92,101602,268
3479,RQM00078526,2025-08-27 12Z,92,101632,286
3480,RQM00078526,2025-08-28 00Z,92,101611,296
3481,RQM00078526,2025-08-28 12Z,92,101777,259
3482,RQM00078526,2025-08-29 00Z,92,101557,265
3483,RQM00078526,2025-08-29 12Z,92,101673,279
3484,RQM00078526,2025-08-30 00Z,92,101473,269
3485,RQM00078526,2025-08-30 12Z,92,101442,301
3486,RQM00078526,2025-08-31 00Z,92,101392,300
3487,RQM00078526,2025-08-31 12Z,92,101485,264
3488,RQM00078526,2025-09-01 00Z,92,101337,269
3489,RQM00078526,2025-09-01 12Z,92,101483,250
3490,RQM00078526,2025-09-02 00Z,92,101426,234
3491,RQM00078526,2025-09-02 12Z,92,101517,261
3492,RQM00078526,2025-09-03 00Z,92,101475,244
3493,RQM00078526,2025-09-03 12Z,92,101477,248
3494,RQM00078526,2025-09-04 00Z,92,101352,234
3495,RQM00078526,2025-09-04 12Z,92,101560,178
3496,RQM00078526,2025-09-05 00Z,92,101324,287
3497,RQM00078526,2025-09-05 12Z,92,101541,301
3498,RQM00078526,2025-09-06 00Z,92,101438,299
3499,RQM00078526,2025-09-06 12Z,92,101512,261
3500,RQM00078526,2025-09-07 00Z,92,101502,289
3501,RQM00078526,2025-09-07 12Z,92,101587,255
3502,RQM00078526,2025-09-08 00Z,92,101478,305
3503,RQM00078526,2025-09-08 12Z,92,101517,239
3504,RQM00078526,2025-09-09 00Z,92,101416,252
3505,RQM00078526,2025-09-09 12Z,92,101509,219
3506,RQM00078526,2025-09-10 00Z,92,101438,283
3507,RQM00078526,2025-09-10 12Z,92,101596,261
3508,RQM00078526,2025-09-11 00Z,92,101477,271
3509,RQM00078526,2025-09-11 12Z,92,101495,296
3510,RQM00078526,2025-09-12 00Z,92,101323,278
3511,RQM00078526,2025-09-12 12Z,92,101404,262
3512,RQM00078526,2025-09-13 00Z,92,101301,271
3513,RQM00078526,2025-09-13 12Z,92,101317,216
3514,RQM00078526,2025-09-14 00Z,92,101237,239
3515,RQM00078526,2025-09-14 12Z,92,101232,267
3516,RQM00078526,2025-09-15 00Z,92,101289,297
3517,RQM00078526,2025-09-15 12Z,92,101457,249
3518,RQM00078526,2025-09-16 00Z,92,101388,269
3519,RQM00078526,2025-09-16 12Z,92,101437,286
3520,RQM00078526,2025-09-17 00Z,92,101218,267
3521,RQM00078526,2025-09-17 12Z,92,101222,319
3522,RQM00078526,2025-09-18 00Z,92,101140,299
3523,RQM00078526,2025-09-18 12Z,92,101236,224
3524,RQM00078526,2025-09-19 00Z,92,101163,216
3525,RQM00078526,2025-09-19 12Z,92,101237,261
3526,RQM00078526,2025-09-20 00Z,92,101247,270
3527,RQM00078526,2025-09-20 12Z,92,101406,293
3528,RQM00078526,2025-09-21 00Z,92,101323,282
3529,RQM00078526,2025-09-21 12Z,92,101417,271
3530,RQM00078526,2025-09-22 00Z,92,101247,253
3531,RQM00078526,2025-09-22 12Z,92,101367,284
3532,RQM00078526,2025-09-23 00Z,92,101262,303
3533,RQM00078526,2025-09-23 12Z,92,101387,281
3534,RQM00078526,2025-09-24 00Z,92,101324,335
3535,RQM00078526,2025-09-24 12Z,92,101307,253
3536,RQM00078526,2025-09-25 12Z,92,101455,227
3537,RQM00078526,2025-09-26 00Z,92,101368,245
3538,RQM00078526,2025-09-26 12Z,92,101361,338
3539,RQM00078526,2025-09-27 00Z,92,101203,284
3540,RQM00078526,2025-09-27 12Z,92,101241,259
3541,RQM00078526,2025-09-28 00Z,92,101139,263
3542,RQM00078526,2025-09-28 12Z,92,101269,259
3543,RQM00078526,2025-09-29 00Z,92,101334,248
3544,RQM00078526,2025-09-29 12Z,92,101477,213
3545,RQM00078526,2025-09-30 00Z,92,101412,239
3546,RQM00078526,2025-09-30 12Z,92,101477,302
3547,RQM00078526,2025-10-01 00Z,92,101418,298
3548,RQM00078526,2025-10-01 12Z,92,101441,273
3549,RQM00078526,2025-10-02 00Z,92,101320,261
3550,RQM00078526,2025-10-02 12Z,92,101423,231
3551,RQM00078526,2025-10-03 00Z,92,101326,245
3552,RQM00078526,2025-10-03 12Z,92,101286,225
3553,RQM00078526,2025-10-04 00Z,92,101097,294
3554,RQM00078526,2025-10-04 12Z,92,101237,275
3555,RQM00078526,2025-10-05 00Z,92,101157,290
3556,RQM00078526,2025-10-05 12Z,92,101349,291
3557,RQM00078526,2025-10-06 00Z,92,101227,343
3558,RQM00078526,2025-10-06 12Z,92,101235,286
3559,RQM00078526,2025-10-07 00Z,92,101169,286
3560,RQM00078526,2025-10-07 12Z,92,101115,290
3561,RQM00078526,2025-10-08 00Z,92,101054,276
3562,RQM00078526,2025-10-08 12Z,92,101222,275
3563,RQM00078526,2025-10-09 00Z,92,101142,183
3564,RQM00078526,2025-10-09 12Z,92,101161,282
3565,RQM00078526,2025-10-10 00Z,92,101019,266
3566,RQM00078526,2025-10-10 12Z,92,101083,281
3567,RQM00078526,2025-10-11 00Z,92,101064,303
3568,RQM00078526,2025-10-11 12Z,92,101196,276
3569,RQM00078526,2025-10-12 00Z,92,101154,337
3570,RQM00078526,2025-10-12 12Z,92,101288,319
3571,RQM00078526,2025-10-13 00Z,92,101144,260
3572,RQM00078526,2025-10-13 12Z,92,101239,247
3573,RQM00078526,2025-10-14 00Z,92,101217,295
3574,RQM00078526,2025-10-14 12Z,92,101139,317
3575,RQM00078526,2025-10-15 00Z,92,101004,268
3576,RQM00078526,2025-10-15 12Z,91,100939,280
3577,RQM00078526,2025-10-16 00Z,91,100739,281
3578,RQM00078526,2025-10-16 12Z,91,100809,264
3579,RQM00078526,2025-10-17 00Z,91,100727,260
3580,RQM00078526,2025-10-17 12Z,91,100971,257
3581,RQM00078526,2025-10-18 00Z,91,100977,286
3582,RQM00078526,2025-10-18 12Z,92,101226,295
3583,RQM00078526,2025-10-19 00Z,92,101403,269
3584,RQM00078526,2025-10-19 12Z,92,101575,252
3585,RQM00078526,2025-10-20 00Z,92,101474,277
3586,RQM00078526,2025-10-20 12Z,92,101497,245
3587,RQM00078526,2025-10-21 00Z,92,101357,358
3588,RQM00078526,2025-10-21 12Z,92,101344,343
3589,RQM00078526,2025-10-22 12Z,92,101267,287
3590,RQM00078526,2025-10-23 12Z,92,101265,282
3591,RQM00078526,2025-10-24 00Z,92,101204,181
3592,RQM00078526,2025-10-24 12Z,92,101206,242
3593,RQM00078526,2025-10-25 00Z,92,101193,203
3594,RQM00078526,2025-10-25 12Z,92,101333,262
3595,RQM00078526,2025-10-26 00Z,92,101203,294
3596,RQM00078526,2025-10-26 12Z,92,101204,279
3597,RQM00078526,2025-10-27 00Z,92,101227,264
3598,RQM00078526,2025-10-27 12Z,92,101175,265
3599,RQM00078526,2025-10-28 00Z,92,101077,309
3600,RQM00078526,2025-10-28 12Z,92,101162,279
3601,RQM00078526,2025-10-29 00Z,92,101280,310
3602,RQM00078526,2025-10-29 12Z,92,101259,296
3603,RQM00078526,2025-10-30 00Z,92,101263,294
3604,RQM00078526,2025-10-30 12Z,92,101315,211
3605,RQM00078526,2025-10-31 00Z,92,101302,222
3606,RQM00078526,2025-10-31 12Z,92,101415,284
3607,RQM00078526,2025-11-01 00Z,92,101355,319
3608,RQM00078526,2025-11-01 12Z,92,101477,264
3609,RQM00078526,2025-11-02 12Z,92,101607,297
3610,RQM00078526,2025-11-03 00Z,92,101608,270
3611,RQM00078526,2025-11-03 12Z,92,101658,269
3612,RQM00078526,2025-11-04 00Z,92,101461,319
3613,RQM00078526,2025-11-04 12Z,92,101527,267
3614,RQM00078526,2025-11-05 00Z,92,101484,264
3615,RQM00078526,2025-11-05 12Z,92,101597,284
3616,RQM00078526,2025-11-06 00Z,92,101544,295
3617,RQM00078526,2025-11-06 12Z,92,101557,266
3618,RQM00078526,2025-11-07 00Z,92,101359,303
3619,RQM00078526,2025-11-07 12Z,92,101447,272
3620,RQM00078526,2025-11-08 00Z,92,101233,293
3621,RQM00078526,2025-11-08 12Z,92,101447,283
3622,RQM00078526,2025-11-09 00Z,92,101348,257
3623,RQM00078526,2025-11-09 12Z,92,101485,293
3624,RQM00078526,2025-11-10 00Z,92,101526,355
3625,RQM00078526,2025-11-10 12Z,92,101660,284
3626,RQM00078526,2025-11-11 00Z,92,101548,255
3627,RQM00078526,2025-11-11 12Z,92,101674,259
3628,RQM00078526,2025-11-12 00Z,92,101489,258
3629,RQM00078526,2025-11-12 12Z,92,101640,266
3630,RQM00078526,2025-11-13 00Z,92,101466,339
3631,RQM00078526,2025-11-13 12Z,92,101519,271
3632,RQM00078526,2025-11-14 00Z,92,101406,291
3633,RQM00078526,2025-11-14 12Z,92,101433,310
3634,RQM00078526,2025-11-15 00Z,92,101263,321
3635,RQM00078526,2025-11-15 12Z,92,101252,318
3636,RQM00078526,2025-11-16 00Z,92,101100,278
3637,RQM00078526,2025-11-16 12Z,92,101174,287
3638,RQM00078526,2025-11-17 00Z,92,101267,278
3639,RQM00078526,2025-11-17 12Z,92,101467,232
3640,RQM00078526,2025-11-18 00Z,92,101500,278
3641,RQM00078526,2025-11-18 12Z,92,101603,290
3642,RQM00078526,2025-11-19 00Z,92,101557,298
3643,RQM00078526,2025-11-19 12Z,92,101537,285
3644,RQM00078526,2025-11-20 00Z,92,101434,350
3645,RQM00078526,2025-11-20 12Z,92,101397,300
3646,RQM00078526,2025-11-21 00Z,92,101318,321
3647,RQM00078526,2025-11-21 12Z,92,101466,228
3648,RQM00078526,2025-11-22 00Z,92,101373,276
3649,RQM00078526,2025-11-22 12Z,92,101523,275
3650,RQM00078526,2025-11-23 00Z,92,101367,266
3651,RQM00078526,2025-11-23 12Z,92,101462,267
3652,RQM00078526,2025-11-24 00Z,92,101345,283
3653,RQM00078526,2025-11-24 12Z,92,101488,261
3654,RQM00078526,2025-11-25 00Z,92,101490,311
3655,RQM00078526,2025-11-25 12Z,92,101578,290
3656,RQM00078526,2025-11-26 00Z,92,101594,311
3657,RQM00078526,2025-11-26 12Z,92,101617,260
3658,RQM00078526,2025-11-27 00Z,92,101541,247
3659,RQM00078526,2025-11-27 12Z,92,101584,276
3660,RQM00078526,2025-11-28 00Z,92,101423,260
3661,RQM00078526,2025-11-28 12Z,92,101508,317
3662,RQM00078526,2025-11-29 00Z,92,101408,349
3663,RQM00078526,2025-11-29 12Z,92,101512,317
3664,RQM00078526,2025-11-30 00Z,92,101508,351
3665,RQM00078526,2025-11-30 12Z,92,101474,305
3666,RQM00078526,2025-12-01 00Z,92,101307,281
3667,RQM00078526,2025-12-01 12Z,92,101391,321
3668,RQM00078526,2025-12-02 00Z,92,101209,322
3669,RQM00078526,2025-12-02 12Z,92,101228,268
3670,RQM00078526,2025-12-03 00Z,92,101230,272
3671,RQM00078526,2025-12-03 12Z,92,101357,277
3672,RQM00078526,2025-12-04 00Z,92,101459,298
3673,RQM00078526,2025-12-04 12Z,92,101526,287
3674,RQM00078526,2025-12-05 00Z,92,101477,251
3675,RQM00078526,2025-12-05 12Z,92,101567,259
3676,RQM00078526,2025-12-06 00Z,92,101487,261
3677,RQM00078526,2025-12-06 12Z,92,101550,267
3678,RQM00078526,2025-12-07 00Z,92,101552,282
3679,RQM00078526,2025-12-07 12Z,92,101623,255
3680,RQM00078526,2025-12-08 00Z,92,101554,281
3681,RQM00078526,2025-12-08 12Z,92,101523,245
3682,RQM00078526,2025-12-09 00Z,92,101471,251
3683,RQM00078526,2025-12-09 12Z,92,101485,237
3684,RQM00078526,2025-12-10 00Z,92,101423,278
3685,RQM00078526,2025-12-10 12Z,92,101537,270
3686,RQM00078526,2025-12-11 00Z,92,101502,250
3687,RQM00078526,2025-12-11 12Z,92,101497,246
3688,RQM00078526,2025-12-12 00Z,92,101524,280
3689,RQM00078526,2025-12-12 12Z,92,101578,274
3690,RQM00078526,2025-12-13 00Z,92,101497,210
3691,RQM00078526,2025-12-13 12Z,92,101655,309
3692,RQM00078526,2025-12-14 00Z,92,101526,233
3693,RQM00078526,2025-12-14 12Z,92,101545,311
3694,RQM00078526,2025-12-15 00Z,92,101481,272
3695,RQM00078526,2025-12-15 12Z,92,101558,242
3696,RQM00078526,2025-12-16 00Z,92,101447,309
3697,RQM00078526,2025-12-16 12Z,92,101432,292
3698,RQM00078526,2025-12-17 00Z,92,101409,282
3699,RQM00078526,2025-12-17 12Z,92,101467,264
3700,RQM00078526,2025-12-18 00Z,92,101397,331
3701,RQM00078526,2025-12-18 12Z,92,101537,259
3702,RQM00078526,2025-12-19 00Z,92,101571,273
3703,RQM00078526,2025-12-19 12Z,92,101617,282
3704,RQM00078526,2025-12-20 00Z,92,101627,283
3705,RQM00078526,2025-12-20 12Z,92,101653,270
3706,RQM00078526,2025-12-21 12Z,92,101658,276
3707,RQM00078526,2025-12-22 00Z,92,101533,271
3708,RQM00078526,2025-12-22 12Z,92,101601,255
3709,RQM00078526,2025-12-23 00Z,92,101539,272
3710,RQM00078526,2025-12-23 12Z,92,101544,281
3711,RQM00078526,2025-12-24 00Z,92,101510,290
3712,RQM00078526,2025-12-24 12Z,92,101527,257
3713,RQM00078526,2025-12-25 00Z,92,101496,257
3714,RQM00078526,2025-12-25 12Z,92,101483,228
3715,RQM00078526,2025-12-26 00Z,92,101418,230
3716,RQM00078526,2025-12-26 12Z,92,101538,244
3717,RQM00078526,2025-12-27 00Z,92,101560,263
3718,RQM00078526,2025-12-27 12Z,92,101614,243
3719,RQM00078526,2025-12-28 00Z,92,101575,232
3720,RQM00078526,2025-12-28 12Z,92,101629,237
3721,RQM00078526,2025-12-29 00Z,92,101610,244
3722,RQM00078526,2025-12-29 12Z,92,101633,230
3723,RQM00078526,2025-12-30 00Z,92,101558,253
3724,RQM00078526,2025-12-30 12Z,92,101613,227
3725,RQM00078526,2025-12-31 00Z,92,101472,239
3726,RQM00078526,2025-12-31 12Z,92,101602,261
3727,RQM00078526,2026-01-01 00Z,92,101555,244
3728,RQM00078526,2026-01-01 12Z,92,101551,289
3729,RQM00078526,2026-01-02 00Z,92,101486,280
3730,RQM00078526,2026-01-02 12Z,92,101474,242
3731,RQM00078526,2026-01-03 00Z,92,101345,280
3732,RQM00078526,2026-01-03 12Z,92,101425,254
3733,RQM00078526,2026-01-04 00Z,92,101386,266
3734,RQM00078526,2026-01-04 12Z,92,101428,246
3735,RQM00078526,2026-01-05 00Z,92,101368,200
3736,RQM00078526,2026-01-05 12Z,92,101327,272
3737,RQM00078526,2026-01-06 00Z,92,101387,257
3738,RQM00078526,2026-01-06 12Z,92,101397,234
3739,RQM00078526,2026-01-07 00Z,92,101447,217
3740,RQM00078526,2026-01-07 12Z,92,101558,216
3741,RQM00078526,2026-01-08 00Z,92,101562,274
3742,RQM00078526,2026-01-08 12Z,92,101589,203
3743,RQM00078526,2026-01-09 00Z,92,101636,210
3744,RQM00078526,2026-01-09 12Z,92,101684,252
3745,RQM00078526,2026-01-10 00Z,92,101574,252
3746,RQM00078526,2026-01-10 12Z,92,101631,251
3747,RQM00078526,2026-01-11 00Z,92,101531,264
3748,RQM00078526,2026-01-11 12Z,92,101539,315
3749,RQM00078526,2026-01-12 00Z,92,101444,257
3750,RQM00078526,2026-01-12 12Z,92,101597,274
3751,RQM00078526,2026-01-13 00Z,92,101547,268
3752,RQM00078526,2026-01-13 12Z,92,101622,246
3753,RQM00078526,2026-01-14 00Z,92,101499,292
3754,RQM00078526,2026-01-14 12Z,92,101488,286
3755,RQM00078526,2026-01-15 00Z,92,101414,288
3756,RQM00078526,2026-01-15 12Z,92,101447,278
3757,RQM00078526,2026-01-16 00Z,92,101394,245
3758,RQM00078526,2026-01-16 12Z,92,101582,301
3759,RQM00078526,2026-01-17 00Z,92,101685,310
3760,RQM00078526,2026-01-17 12Z,92,101704,295
3761,RQM00078526,2026-01-18 00Z,92,101655,308
3762,RQM00078526,2026-01-18 12Z,92,101636,259
3763,RQM00078526,2026-01-19 00Z,92,101487,287
3764,RQM00078526,2026-01-19 12Z,92,101605,293
3765,RQM00078526,2026-01-20 00Z,92,101567,284
3766,RQM00078526,2026-01-20 12Z,92,101648,278
3767,RQM00078526,2026-01-21 00Z,92,101620,266
3768,RQM00078526,2026-01-21 12Z,92,101652,280
3769,RQM00078526,2026-01-22 00Z,92,101575,283
3770,RQM00078526,2026-01-22 12Z,92,101579,277
3771,RQM00078526,2026-01-23 00Z,92,101467,207
3772,RQM00078526,2026-01-23 12Z,92,101512,266
3773,RQM00078526,2026-01-24 00Z,92,101532,307
3774,RQM00078526,2026-01-24 12Z,92,101578,266
3775,RQM00078526,2026-01-25 00Z,92,101673,288
3776,RQM00078526,2026-01-25 12Z,92,101745,265
3777,RQM00078526,2026-01-26 00Z,92,101724,240
3778,RQM00078526,2026-01-26 12Z,92,101828,255
3779,RQM00078526,2026-01-27 00Z,92,101776,222
3780,RQM00078526,2026-01-27 12Z,92,101855,241
3781,RQM00078526,2026-01-28 00Z,92,101732,291
3782,RQM00078526,2026-01-28 12Z,92,101707,256
3783,RQM00078526,2026-01-29 00Z,92,101587,251
3784,RQM00078526,2026-01-29 12Z,92,101611,236
3785,RQM00078526,2026-01-30 00Z,92,101414,298
3786,RQM00078526,2026-01-30 12Z,92,101574,272
3787,RQM00078526,2026-01-31 00Z,92,101457,284
3788,RQM00078526,2026-01-31 12Z,92,101458,264
3789,RQM00078526,2026-02-01 00Z,92,101399,300
3790,RQM00078526,2026-02-01 12Z,92,101402,269
3791,RQM00078526,2026-02-02 00Z,92,101373,289
3792,RQM00078526,2026-02-02 12Z,92,101617,280
3793,RQM00078526,2026-02-03 00Z,92,101758,291
3794,RQM00078526,2026-02-03 12Z,92,101867,298
3795,RQM00078526,2026-02-04 00Z,92,101913,283
3796,RQM00078526,2026-02-04 12Z,92,101836,268
3797,RQM00078526,2026-02-05 00Z,92,101738,271
3798,RQM00078526,2026-02-05 12Z,92,101610,284
3799,RQM00078526,2026-02-06 00Z,92,101397,287
3800,RQM00078526,2026-02-06 12Z,92,101513,270
3801,RQM00078526,2026-02-07 00Z,92,101368,271
3802,RQM00078526,2026-02-07 12Z,92,101442,328
3803,RQM00078526,2026-02-08 00Z,92,101550,247
3804,RQM00078526,2026-02-08 12Z,92,101688,275
3805,RQM00078526,2026-02-09 00Z,92,101786,266
3806,RQM00078526,2026-02-09 12Z,92,101803,250
3807,RQM00078526,2026-02-10 00Z,92,101874,223
3808,RQM00078526,2026-02-10 12Z,92,101952,252
3809,RQM00078526,2026-02-11 00Z,93,102009,252
3810,RQM00078526,2026-02-11 12Z,92,101909,263
3811,RQM00078526,2026-02-12 00Z,92,101797,240
3812,RQM00078526,2026-02-12 12Z,92,101712,275
3813,RQM00078526,2026-02-13 00Z,92,101578,284
3814,RQM00078526,2026-02-13 12Z,92,101503,292
3815,RQM00078526,2026-02-14 00Z,92,101413,352
3816,RQM00078526,2026-02-14 12Z,92,101524,295
3817,RQM00078526,2026-02-15 00Z,92,101567,276
3818,RQM00078526,2026-02-15 12Z,92,101606,272
3819,RQM00078526,2026-02-16 00Z,92,101569,256
3820,RQM00078526,2026-02-16 12Z,92,101613,227
3821,RQM00078526,2026-02-17 00Z,92,101557,267
3822,RQM00078526,2026-02-17 12Z,92,101659,272
3823,RQM00078526,2026-02-18 00Z,92,101627,311
3824,RQM00078526,2026-02-18 12Z,92,101728,301
3825,RQM00078526,2026-02-19 00Z,92,101631,265
3826,RQM00078526,2026-02-19 12Z,92,101638,237
3827,RQM00078526,2026-02-20 00Z,92,101535,239
3828,RQM00078526,2026-02-20 12Z,92,101647,234
3829,RQM00078526,2026-02-21 00Z,92,101559,254
3830,RQM00078526,2026-02-21 12Z,92,101745,281
3831,RQM00078526,2026-02-22 00Z,92,101655,269
3832,RQM00078526,2026-02-22 12Z,92,101745,263
3833,RQM00078526,2026-02-23 00Z,92,101554,268
3834,RQM00078526,2026-02-23 12Z,92,101527,273
3835,RQM00078526,2026-02-24 12Z,92,101497,224
3836,RQM00078526,2026-02-25 00Z,92,101503,308
3837,RQM00078526,2026-02-26 00Z,92,101616,291
3838,RQM00078526,2026-02-26 12Z,92,101716,258
3839,RQM00078526,2026-02-27 00Z,92,101631,307
3840,RQM00078526,2026-02-27 12Z,92,101637,304
3841,RQM00078526,2026-02-28 00Z,92,101539,285
3842,RQM00078526,2026-02-28 12Z,92,101627,232
3843,RQM00078526,2026-03-01 00Z,92,101553,266
3844,RQM00078526,2026-03-01 12Z,92,101603,246
3845,RQM00078526,2026-03-02 00Z,92,101549,269
3846,RQM00078526,2026-03-02 12Z,92,101547,271
3847,RQM00078526,2026-03-03 00Z,92,101517,252
3848,RQM00078526,2026-03-03 12Z,92,101589,270
3849,RQM00078526,2026-03-04 00Z,92,101578,251
3850,RQM00078526,2026-03-04 12Z,92,101668,245
3851,RQM00078526,2026-03-05 00Z,92,101611,302
3852,RQM00078526,2026-03-05 12Z,92,101641,241
3853,RQM00078526,2026-03-06 00Z,92,101737,286
3854,RQM00078526,2026-03-06 12Z,92,101693,299
3855,RQM00078526,2026-03-07 00Z,92,101677,296
3856,RQM00078526,2026-03-07 12Z,92,101629,276
3857,RQM00078526,2026-03-08 00Z,92,101557,343
3858,RQM00078526,2026-03-08 12Z,92,101573,286
3859,RQM00078526,2026-03-09 00Z,92,101667,226
3860,RQM00078526,2026-03-09 12Z,92,101752,289
3861,RQM00078526,2026-03-10 00Z,92,101787,339
3862,RQM00078526,2026-03-10 12Z,92,101825,303
3863,RQM00078526,2026-03-11 00Z,92,101767,287
3864,RQM00078526,2026-03-11 12Z,92,101756,258
3865,RQM00078526,2026-03-12 00Z,92,101711,266
3866,RQM00078526,2026-03-12 12Z,92,101676,292
3867,RQM00078526,2026-03-13 00Z,92,101530,264
3868,RQM00078526,2026-03-13 12Z,92,101648,250
3869,RQM00078526,2026-03-14 00Z,92,101579,276
3870,RQM00078526,2026-03-14 12Z,92,101713,275
3871,RQM00078526,2026-03-15 00Z,92,101659,221
3872,RQM00078526,2026-03-15 12Z,92,101648,277
3873,RQM00078526,2026-03-16 00Z,92,101535,290
3874,RQM00078526,2026-03-16 12Z,92,101697,265
3875,RQM00078526,2026-03-17 00Z,92,101707,254
3876,RQM00078526,2026-03-17 12Z,92,101707,245
3877,RQM00078526,2026-03-18 00Z,92,101587,255
3878,RQM00078526,2026-03-18 12Z,92,101682,268
3879,RQM00078526,2026-03-19 00Z,92,101477,295
3880,RQM00078526,2026-03-19 12Z,92,101481,285
3881,RQM00078526,2026-03-20 00Z,92,101318,287
3882,RQM00078526,2026-03-20 12Z,92,101281,283
3883,RQM00078526,2026-03-21 00Z,92,101060,301
3884,RQM00078526,2026-03-21 12Z,92,101099,299
3885,RQM00078526,2026-03-22 00Z,92,101037,239
3886,RQM00078526,2026-03-22 12Z,92,101305,264
3887,RQM00078526,2026-03-23 00Z,92,101385,283
3888,RQM00078526,2026-03-23 12Z,92,101336,270
3889,RQM00078526,2026-03-24 00Z,92,101372,252
3890,RQM00078526,2026-03-24 12Z,92,101427,254
3891,RQM00078526,2026-03-25 00Z,92,101396,245
3892,RQM00078526,2026-03-25 12Z,92,101442,250
3893,RQM00078526,2026-03-26 00Z,92,101437,274
3894,RQM00078526,2026-03-26 12Z,92,101477,310
3895,RQM00078526,2026-03-27 00Z,92,101397,299
3896,RQM00078526,2026-03-27 12Z,92,101417,264
3897,RQM00078526,2026-03-28 00Z,92,101358,307
3898,RQM00078526,2026-03-28 12Z,92,101497,276
3899,RQM00078526,2026-03-29 00Z,92,101463,260
3900,RQM00078526,2026-03-29 12Z,92,101553,303
3901,RQM00078526,2026-03-30 00Z,92,101551,282
3902,RQM00078526,2026-03-30 12Z,92,101594,263
3903,RQM00078526,2026-03-31 00Z,92,101587,280
3904,RQM00078526,2026-03-31 12Z,92,101637,252
3905,RQM00078526,2026-04-01 00Z,92,101467,304
3906,RQM00078526,2026-04-01 12Z,92,101472,271
3907,RQM00078526,2026-04-02 00Z,92,101464,324
3908,RQM00078526,2026-04-02 12Z,92,101471,346
3909,RQM00078526,2026-04-03 00Z,92,101525,322
3910,RQM00078526,2026-04-03 12Z,92,101574,318
3911,RQM00078526,2026-04-04 00Z,92,101543,347
3912,RQM00078526,2026-04-04 12Z,92,101551,325
3913,RQM00078526,2026-04-05 00Z,92,101500,350
3914,RQM00078526,2026-04-05 12Z,92,101547,321
3915,RQM00078526,2026-04-06 00Z,92,101400,329
3916,RQM00078526,2026-04-06 12Z,92,101507,253
3917,RQM00078526,2026-04-07 00Z,92,101242,328
3918,RQM00078526,2026-04-07 12Z,92,101447,325
3919,RQM00078526,2026-04-08 00Z,92,101398,331
3920,RQM00078526,2026-04-08 12Z,92,101567,296
3921,RQM00078526,2026-04-09 00Z,92,101547,291
3922,RQM00078526,2026-04-09 12Z,92,101640,290
3923,RQM00078526,2026-04-10 00Z,92,101527,303
3924,RQM00078526,2026-04-10 12Z,92,101527,279
3925,RQM00078526,2026-04-11 00Z,92,101467,324
3926,RQM00078526,2026-04-11 12Z,92,101526,265
3927,RQM00078526,2026-04-12 00Z,92,101394,316
3928,RQM00078526,2026-04-12 12Z,92,101501,304
3929,RQM00078526,2026-04-13 00Z,92,101439,264
3930,RQM00078526,2026-04-13 12Z,92,101523,280
3931,RQM00078526,2026-04-14 00Z,92,101389,313
3932,RQM00078526,2026-04-14 12Z,92,101297,274
3933,RQM00078526,2026-04-15 00Z,92,101193,319
3934,RQM00078526,2026-04-15 12Z,92,101260,282
3935,RQM00078526,2026-04-16 00Z,92,101242,340
3936,RQM00078526,2026-04-16 12Z,92,101417,295
3937,RQM00078526,2026-04-17 00Z,92,101347,351
3938,RQM00078526,2026-04-17 12Z,92,101298,324
3939,RQM00078526,2026-04-18 00Z,92,101308,334
3940,RQM00078526,2026-04-18 12Z,92,101349,309
3941,RQM00078526,2026-04-19 00Z,92,101335,354
3942,RQM00078526,2026-04-19 12Z,92,101439,298
3943,RQM00078526,2026-04-20 00Z,92,101421,303
3944,RQM00078526,2026-04-20 12Z,92,101557,278
3945,RQM00078526,2026-04-21 00Z,92,101404,309
3946,RQM00078526,2026-04-21 12Z,92,101556,297
3947,RQM00078526,2026-04-22 00Z,92,101360,352
3948,RQM00078526,2026-04-22 12Z,92,101444,302
3949,RQM00078526,2026-04-23 00Z,92,101292,338
3950,RQM00078526,2026-04-23 12Z,92,101397,277
3951,RQM00078526,2026-04-24 00Z,92,101245,344
3952,RQM00078526,2026-04-24 12Z,92,101352,321
3953,RQM00078526,2026-04-25 00Z,92,101163,332
3954,RQM00078526,2026-04-25 12Z,92,101177,331
3955,RQM00078526,2026-04-26 00Z,92,101092,317
3956,RQM00078526,2026-04-26 12Z,92,101291,294
3957,RQM00078526,2026-04-27 00Z,92,101282,349
3958,RQM00078526,2026-04-27 12Z,92,101423,289
3959,RQM00078526,2026-04-28 00Z,92,101453,347
3960,RQM00078526,2026-04-28 12Z,92,101519,308
3961,RQM00078526,2026-04-29 00Z,92,101428,221
3962,RQM00078526,2026-04-29 12Z,92,101370,304
3963,RQM00078526,2026-04-30 00Z,92,101201,314
3964,RQM00078526,2026-04-30 12Z,92,101199,308
3965,RQM00078526,2026-05-01 00Z,92,101233,303
3966,RQM00078526,2026-05-01 12Z,92,101297,295
3967,RQM00078526,2026-05-02 00Z,92,101288,317
3968,RQM00078526,2026-05-02 12Z,92,101498,308
3969,RQM00078526,2026-05-03 00Z,92,101469,281
3970,RQM00078526,2026-05-03 12Z,92,101649,265
3971,RQM00078526,2026-05-04 00Z,92,101469,296
3972,RQM00078526,2026-05-04 12Z,92,101596,272
3973,RQM00078526,2026-05-05 00Z,92,101457,287
3974,RQM00078526,2026-05-05 12Z,92,101595,283
3975,RQM00078526,2026-05-06 00Z,92,101584,303
3976,RQM00078526,2026-05-06 12Z,92,101717,256
3977,RQM00078526,2026-05-07 00Z,92,101567,272
3978,RQM00078526,2026-05-07 12Z,92,101577,284
3979,RQM00078526,2026-05-08 00Z,92,101463,286
3980,RQM00078526,2026-05-08 12Z,92,101510,276
3981,RQM00078526,2026-05-09 00Z,92,101407,289
3982,RQM00078526,2026-05-09 12Z,92,101574,282
3983,RQM00078526,2026-05-10 00Z,92,101517,313
3984,RQM00078526,2026-05-10 12Z,92,101672,323
3985,RQM00078526,2026-05-11 00Z,92,101669,306
3986,RQM00078526,2026-05-11 12Z,92,101731,283
3987,RQM00078526,2026-05-12 00Z,92,101578,310
3988,RQM00078526,2026-05-12 12Z,92,101691,272
3989,RQM00078526,2026-05-13 00Z,92,101602,305
3990,RQM00078526,2026-05-13 12Z,92,101747,260
3991,RQM00078526,2026-05-14 00Z,92,101616,277
3992,RQM00078526,2026-05-14 12Z,92,101687,279
3993,RQM00078526,2026-05-15 00Z,92,101672,257
3994,RQM00078526,2026-05-15 12Z,92,101772,272
3995,RQM00078526,2026-05-16 00Z,92,101647,295
3996,RQM00078526,2026-05-16 12Z,92,101743,256
3997,RQM00078526,2026-05-17 00Z,92,101597,313
3998,RQM00078526,2026-05-17 12Z,92,101709,308
3999,RQM00078526,2026-05-18 00Z,92,101707,314
4000,RQM00078526,2026-05-18 12Z,92,101777,289
4001,RQM00078526,2026-05-19 00Z,92,101676,336
4002,RQM00078526,2026-05-19 12Z,92,101795,294
4003,RQM00078526,2026-05-20 00Z,92,101669,332
4004,RQM00078526,2026-05-20 12Z,92,101677,314
4005,RQM00078526,2026-05-21 00Z,92,101576,310
4006,RQM00078526,2026-05-21 12Z,92,101600,292
4007,RQM00078526,2026-05-22 00Z,92,101601,309
4008,RQM00078526,2026-05-22 12Z,92,101687,295
4009,RQM00078526,2026-05-23 00Z,92,101602,342
4010,RQM00078526,2026-05-23 12Z,92,101762,367
4011,RQM00078526,2026-05-24 00Z,92,101714,381
4012,RQM00078526,2026-05-24 12Z,92,101733,312
4013,RQM00078526,2026-05-25 00Z,92,101647,347
4014,RQM00078526,2026-05-25 12Z,92,101724,318
4015,RQM00078526,2026-05-26 00Z,92,101677,356
4016,RQM00078526,2026-05-26 12Z,92,101787,313
4017,RQM00078526,2026-05-27 00Z,92,101741,281
4018,RQM00078526,2026-05-27 12Z,92,101733,310
4019,RQM00078526,2026-05-28 00Z,92,101661,358
4020,RQM00078526,2026-05-28 12Z,92,101636,269
4021,RQM00078526,2026-05-29 00Z,92,101543,290
4022,RQM00078526,2026-05-29 12Z,92,101567,236
4023,RQM00078526,2026-05-30 00Z,92,101534,272
4024,RQM00078526,2026-05-30 12Z,92,101696,255
4025,RQM00078526,2026-05-31 00Z,92,101621,256
4026,RQM00078526,2026-05-31 12Z,92,101719,270
4027,RQM00078526,2026-06-01 00Z,92,101584,259
4028,RQM00078526,2026-06-01 12Z,92,101708,274
4029,RQM00078526,2026-06-02 00Z,92,101615,315
4030,RQM00078526,2026-06-02 12Z,92,101711,269
4031,RQM00078526,2026-06-03 00Z,92,101595,302
4032,RQM00078526,2026-06-03 12Z,92,101667,280
4033,RQM00078526,2026-06-04 00Z,92,101572,295
4034,RQM00078526,2026-06-04 12Z,92,101761,284
4035,RQM00078526,2026-06-05 00Z,92,101657,280
4036,RQM00078526,2026-06-05 12Z,92,101666,310
4037,RQM00078526,2026-06-06 00Z,92,101538,314
4038,RQM00078526,2026-06-06 12Z,92,101576,297
4039,RQM00078526,2026-06-07 00Z,92,101473,330
4040,RQM00078526,2026-06-07 12Z,92,101560,304
4041,RQM00078526,2026-06-08 00Z,92,101647,284
4042,RQM00078526,2026-06-08 12Z,92,101830,301
4043,RQM00078526,2026-06-09 00Z,92,101778,237
4044,RQM00078526,2026-06-09 12Z,92,101847,244
